Fitter report for rv32i_soc
Mon Aug 03 13:33:58 2026
Quartus II 64-Bit Version 13.0.1 Build 232 06/12/2013 Service Pack 1 SJ Web Edition


---------------------
; Table of Contents ;
---------------------
  1. Legal Notice
  2. Fitter Summary
  3. Fitter Settings
  4. Parallel Compilation
  5. Incremental Compilation Preservation Summary
  6. Incremental Compilation Partition Settings
  7. Incremental Compilation Placement Preservation
  8. Pin-Out File
  9. Fitter Resource Usage Summary
 10. Fitter Partition Statistics
 11. Input Pins
 12. Output Pins
 13. Bidir Pins
 14. I/O Bank Usage
 15. All Package Pins
 16. Output Pin Default Load For Reported TCO
 17. Fitter Resource Utilization by Entity
 18. Delay Chain Summary
 19. Pad To Core Delay Chain Fanout
 20. Control Signals
 21. Global & Other Fast Signals
 22. Non-Global High Fan-Out Signals
 23. Fitter RAM Summary
 24. Other Routing Usage Summary
 25. LAB Logic Elements
 26. LAB-wide Signals
 27. LAB Signals Sourced
 28. LAB Signals Sourced Out
 29. LAB Distinct Inputs
 30. Fitter Device Options
 31. Operating Settings and Conditions
 32. Fitter Messages
 33. Fitter Suppressed Messages



----------------
; Legal Notice ;
----------------
Copyright (C) 1991-2013 Altera Corporation
Your use of Altera Corporation's design tools, logic functions 
and other software and tools, and its AMPP partner logic 
functions, and any output files from any of the foregoing 
(including device programming or simulation files), and any 
associated documentation or information are expressly subject 
to the terms and conditions of the Altera Program License 
Subscription Agreement, Altera MegaCore Function License 
Agreement, or other applicable license agreement, including, 
without limitation, that your use is for the sole purpose of 
programming logic devices manufactured by Altera and sold by 
Altera or its authorized distributors.  Please refer to the 
applicable agreement for further details.



+--------------------------------------------------------------------------------------+
; Fitter Summary                                                                       ;
+------------------------------------+-------------------------------------------------+
; Fitter Status                      ; Successful - Mon Aug 03 13:33:58 2026           ;
; Quartus II 64-Bit Version          ; 13.0.1 Build 232 06/12/2013 SP 1 SJ Web Edition ;
; Revision Name                      ; rv32i_soc                                       ;
; Top-level Entity Name              ; FPGA_Top                                        ;
; Family                             ; Cyclone II                                      ;
; Device                             ; EP2C35F672C6                                    ;
; Timing Models                      ; Final                                           ;
; Total logic elements               ; 5,768 / 33,216 ( 17 % )                         ;
;     Total combinational functions  ; 4,943 / 33,216 ( 15 % )                         ;
;     Dedicated logic registers      ; 2,814 / 33,216 ( 8 % )                          ;
; Total registers                    ; 2814                                            ;
; Total pins                         ; 144 / 475 ( 30 % )                              ;
; Total virtual pins                 ; 0                                               ;
; Total memory bits                  ; 49,152 / 483,840 ( 10 % )                       ;
; Embedded Multiplier 9-bit elements ; 0 / 70 ( 0 % )                                  ;
; Total PLLs                         ; 0 / 4 ( 0 % )                                   ;
+------------------------------------+-------------------------------------------------+


+----------------------------------------------------------------------------------------------------------------------------------------------+
; Fitter Settings                                                                                                                              ;
+----------------------------------------------------------------------------+--------------------------------+--------------------------------+
; Option                                                                     ; Setting                        ; Default Value                  ;
+----------------------------------------------------------------------------+--------------------------------+--------------------------------+
; Device                                                                     ; EP2C35F672C6                   ;                                ;
; Use smart compilation                                                      ; On                             ; Off                            ;
; Maximum processors allowed for parallel compilation                        ; All                            ;                                ;
; Minimum Core Junction Temperature                                          ; 0                              ;                                ;
; Maximum Core Junction Temperature                                          ; 85                             ;                                ;
; Fit Attempts to Skip                                                       ; 0                              ; 0.0                            ;
; Device I/O Standard                                                        ; 3.3-V LVTTL                    ;                                ;
; Enable parallel Assembler and TimeQuest Timing Analyzer during compilation ; On                             ; On                             ;
; Enable compact report table                                                ; Off                            ; Off                            ;
; Auto Merge PLLs                                                            ; On                             ; On                             ;
; Ignore PLL Mode When Merging PLLs                                          ; Off                            ; Off                            ;
; Router Timing Optimization Level                                           ; Normal                         ; Normal                         ;
; Placement Effort Multiplier                                                ; 1.0                            ; 1.0                            ;
; Router Effort Multiplier                                                   ; 1.0                            ; 1.0                            ;
; Always Enable Input Buffers                                                ; Off                            ; Off                            ;
; Optimize Hold Timing                                                       ; IO Paths and Minimum TPD Paths ; IO Paths and Minimum TPD Paths ;
; Optimize Multi-Corner Timing                                               ; On                             ; On                             ;
; PowerPlay Power Optimization                                               ; Normal compilation             ; Normal compilation             ;
; Optimize Timing                                                            ; Normal compilation             ; Normal compilation             ;
; Optimize Timing for ECOs                                                   ; Off                            ; Off                            ;
; Regenerate full fit report during ECO compiles                             ; Off                            ; Off                            ;
; Optimize IOC Register Placement for Timing                                 ; Normal                         ; Normal                         ;
; Limit to One Fitting Attempt                                               ; Off                            ; Off                            ;
; Final Placement Optimizations                                              ; Automatically                  ; Automatically                  ;
; Fitter Aggressive Routability Optimizations                                ; Automatically                  ; Automatically                  ;
; Fitter Initial Placement Seed                                              ; 1                              ; 1                              ;
; PCI I/O                                                                    ; Off                            ; Off                            ;
; Weak Pull-Up Resistor                                                      ; Off                            ; Off                            ;
; Enable Bus-Hold Circuitry                                                  ; Off                            ; Off                            ;
; Auto Global Memory Control Signals                                         ; Off                            ; Off                            ;
; Auto Packed Registers                                                      ; Auto                           ; Auto                           ;
; Auto Delay Chains                                                          ; On                             ; On                             ;
; Auto Delay Chains for High Fanout Input Pins                               ; Off                            ; Off                            ;
; Perform Physical Synthesis for Combinational Logic for Fitting             ; Off                            ; Off                            ;
; Perform Physical Synthesis for Combinational Logic for Performance         ; Off                            ; Off                            ;
; Perform Register Duplication for Performance                               ; Off                            ; Off                            ;
; Perform Logic to Memory Mapping for Fitting                                ; Off                            ; Off                            ;
; Perform Register Retiming for Performance                                  ; Off                            ; Off                            ;
; Perform Asynchronous Signal Pipelining                                     ; Off                            ; Off                            ;
; Fitter Effort                                                              ; Auto Fit                       ; Auto Fit                       ;
; Physical Synthesis Effort Level                                            ; Normal                         ; Normal                         ;
; Auto Global Clock                                                          ; On                             ; On                             ;
; Auto Global Register Control Signals                                       ; On                             ; On                             ;
; Force Fitter to Avoid Periphery Placement Warnings                         ; Off                            ; Off                            ;
+----------------------------------------------------------------------------+--------------------------------+--------------------------------+


Parallel compilation was disabled, but you have multiple processors available. Enable parallel compilation to reduce compilation time.
+-------------------------------------+
; Parallel Compilation                ;
+----------------------------+--------+
; Processors                 ; Number ;
+----------------------------+--------+
; Number detected on machine ; 16     ;
; Maximum allowed            ; 1      ;
+----------------------------+--------+


+----------------------------------------------+
; Incremental Compilation Preservation Summary ;
+---------------------+------------------------+
; Type                ; Value                  ;
+---------------------+------------------------+
; Placement (by node) ;                        ;
;     -- Requested    ; 0 / 7966 ( 0.00 % )    ;
;     -- Achieved     ; 0 / 7966 ( 0.00 % )    ;
;                     ;                        ;
; Routing (by net)    ;                        ;
;     -- Requested    ; 0 / 0 ( 0.00 % )       ;
;     -- Achieved     ; 0 / 0 ( 0.00 % )       ;
+---------------------+------------------------+


+----------------------------------------------------------------------------------------------------------------------------------------------------------------------------------------+
; Incremental Compilation Partition Settings                                                                                                                                             ;
+--------------------------------+----------------+-------------------+-------------------------+------------------------+------------------------------+--------------------------------+
; Partition Name                 ; Partition Type ; Netlist Type Used ; Preservation Level Used ; Netlist Type Requested ; Preservation Level Requested ; Contents                       ;
+--------------------------------+----------------+-------------------+-------------------------+------------------------+------------------------------+--------------------------------+
; Top                            ; User-created   ; Source File       ; N/A                     ; Source File            ; N/A                          ;                                ;
; hard_block:auto_generated_inst ; Auto-generated ; Source File       ; N/A                     ; Source File            ; N/A                          ; hard_block:auto_generated_inst ;
+--------------------------------+----------------+-------------------+-------------------------+------------------------+------------------------------+--------------------------------+


+------------------------------------------------------------------------------------------------------------+
; Incremental Compilation Placement Preservation                                                             ;
+--------------------------------+---------+-------------------+-------------------------+-------------------+
; Partition Name                 ; # Nodes ; # Preserved Nodes ; Preservation Level Used ; Netlist Type Used ;
+--------------------------------+---------+-------------------+-------------------------+-------------------+
; Top                            ; 7964    ; 0                 ; N/A                     ; Source File       ;
; hard_block:auto_generated_inst ; 2       ; 0                 ; N/A                     ; Source File       ;
+--------------------------------+---------+-------------------+-------------------------+-------------------+


+--------------+
; Pin-Out File ;
+--------------+
The pin-out file can be found in D:/VLSI/projects/FPGA_Secure_IOT/rv32i-5stage-core/rv32i_soc.pin.


+-------------------------------------------------------------------------+
; Fitter Resource Usage Summary                                           ;
+---------------------------------------------+---------------------------+
; Resource                                    ; Usage                     ;
+---------------------------------------------+---------------------------+
; Total logic elements                        ; 5,768 / 33,216 ( 17 % )   ;
;     -- Combinational with no register       ; 2954                      ;
;     -- Register only                        ; 825                       ;
;     -- Combinational with a register        ; 1989                      ;
;                                             ;                           ;
; Logic element usage by number of LUT inputs ;                           ;
;     -- 4 input functions                    ; 3162                      ;
;     -- 3 input functions                    ; 1137                      ;
;     -- <=2 input functions                  ; 644                       ;
;     -- Register only                        ; 825                       ;
;                                             ;                           ;
; Logic elements by mode                      ;                           ;
;     -- normal mode                          ; 4377                      ;
;     -- arithmetic mode                      ; 566                       ;
;                                             ;                           ;
; Total registers*                            ; 2,814 / 34,593 ( 8 % )    ;
;     -- Dedicated logic registers            ; 2,814 / 33,216 ( 8 % )    ;
;     -- I/O registers                        ; 0 / 1,377 ( 0 % )         ;
;                                             ;                           ;
; Total LABs:  partially or completely used   ; 416 / 2,076 ( 20 % )      ;
; Virtual pins                                ; 0                         ;
; I/O pins                                    ; 144 / 475 ( 30 % )        ;
;     -- Clock pins                           ; 8 / 8 ( 100 % )           ;
;                                             ;                           ;
; Global signals                              ; 2                         ;
; M4Ks                                        ; 12 / 105 ( 11 % )         ;
; Total block memory bits                     ; 49,152 / 483,840 ( 10 % ) ;
; Total block memory implementation bits      ; 55,296 / 483,840 ( 11 % ) ;
; Embedded Multiplier 9-bit elements          ; 0 / 70 ( 0 % )            ;
; PLLs                                        ; 0 / 4 ( 0 % )             ;
; Global clocks                               ; 2 / 16 ( 13 % )           ;
; JTAGs                                       ; 0 / 1 ( 0 % )             ;
; ASMI blocks                                 ; 0 / 1 ( 0 % )             ;
; CRC blocks                                  ; 0 / 1 ( 0 % )             ;
; Average interconnect usage (total/H/V)      ; 8% / 8% / 8%              ;
; Peak interconnect usage (total/H/V)         ; 51% / 48% / 55%           ;
; Maximum fan-out                             ; 2826                      ;
; Highest non-global fan-out                  ; 1732                      ;
; Total fan-out                               ; 28212                     ;
; Average fan-out                             ; 3.37                      ;
+---------------------------------------------+---------------------------+
*  Register count does not include registers inside RAM blocks or DSP blocks.



+------------------------------------------------------------------------------------------------------+
; Fitter Partition Statistics                                                                          ;
+---------------------------------------------+-----------------------+--------------------------------+
; Statistic                                   ; Top                   ; hard_block:auto_generated_inst ;
+---------------------------------------------+-----------------------+--------------------------------+
; Difficulty Clustering Region                ; Low                   ; Low                            ;
;                                             ;                       ;                                ;
; Total logic elements                        ; 5768 / 33216 ( 17 % ) ; 0 / 33216 ( 0 % )              ;
;     -- Combinational with no register       ; 2954                  ; 0                              ;
;     -- Register only                        ; 825                   ; 0                              ;
;     -- Combinational with a register        ; 1989                  ; 0                              ;
;                                             ;                       ;                                ;
; Logic element usage by number of LUT inputs ;                       ;                                ;
;     -- 4 input functions                    ; 3162                  ; 0                              ;
;     -- 3 input functions                    ; 1137                  ; 0                              ;
;     -- <=2 input functions                  ; 644                   ; 0                              ;
;     -- Register only                        ; 825                   ; 0                              ;
;                                             ;                       ;                                ;
; Logic elements by mode                      ;                       ;                                ;
;     -- normal mode                          ; 4377                  ; 0                              ;
;     -- arithmetic mode                      ; 566                   ; 0                              ;
;                                             ;                       ;                                ;
; Total registers                             ; 2814                  ; 0                              ;
;     -- Dedicated logic registers            ; 2814 / 33216 ( 8 % )  ; 0 / 33216 ( 0 % )              ;
;                                             ;                       ;                                ;
; Total LABs:  partially or completely used   ; 416 / 2076 ( 20 % )   ; 0 / 2076 ( 0 % )               ;
;                                             ;                       ;                                ;
; Virtual pins                                ; 0                     ; 0                              ;
; I/O pins                                    ; 144                   ; 0                              ;
; Embedded Multiplier 9-bit elements          ; 0 / 70 ( 0 % )        ; 0 / 70 ( 0 % )                 ;
; Total memory bits                           ; 49152                 ; 0                              ;
; Total RAM block bits                        ; 55296                 ; 0                              ;
; M4K                                         ; 12 / 105 ( 11 % )     ; 0 / 105 ( 0 % )                ;
; Clock control block                         ; 2 / 20 ( 10 % )       ; 0 / 20 ( 0 % )                 ;
;                                             ;                       ;                                ;
; Connections                                 ;                       ;                                ;
;     -- Input Connections                    ; 0                     ; 0                              ;
;     -- Registered Input Connections         ; 0                     ; 0                              ;
;     -- Output Connections                   ; 0                     ; 0                              ;
;     -- Registered Output Connections        ; 0                     ; 0                              ;
;                                             ;                       ;                                ;
; Internal Connections                        ;                       ;                                ;
;     -- Total Connections                    ; 28212                 ; 0                              ;
;     -- Registered Connections               ; 7815                  ; 0                              ;
;                                             ;                       ;                                ;
; External Connections                        ;                       ;                                ;
;     -- Top                                  ; 0                     ; 0                              ;
;     -- hard_block:auto_generated_inst       ; 0                     ; 0                              ;
;                                             ;                       ;                                ;
; Partition Interface                         ;                       ;                                ;
;     -- Input Ports                          ; 24                    ; 0                              ;
;     -- Output Ports                         ; 84                    ; 0                              ;
;     -- Bidir Ports                          ; 36                    ; 0                              ;
;                                             ;                       ;                                ;
; Registered Ports                            ;                       ;                                ;
;     -- Registered Input Ports               ; 0                     ; 0                              ;
;     -- Registered Output Ports              ; 0                     ; 0                              ;
;                                             ;                       ;                                ;
; Port Connectivity                           ;                       ;                                ;
;     -- Input Ports driven by GND            ; 0                     ; 0                              ;
;     -- Output Ports driven by GND           ; 0                     ; 0                              ;
;     -- Input Ports driven by VCC            ; 0                     ; 0                              ;
;     -- Output Ports driven by VCC           ; 0                     ; 0                              ;
;     -- Input Ports with no Source           ; 0                     ; 0                              ;
;     -- Output Ports with no Source          ; 0                     ; 0                              ;
;     -- Input Ports with no Fanout           ; 0                     ; 0                              ;
;     -- Output Ports with no Fanout          ; 0                     ; 0                              ;
+---------------------------------------------+-----------------------+--------------------------------+


+----------------------------------------------------------------------------------------------------------------------------------------------------------------------------------------------------------------------------------------------------------------+
; Input Pins                                                                                                                                                                                                                                                     ;
+----------+-------+----------+--------------+--------------+-------------+-----------------------+--------------------+--------+----------------+---------------+-----------------+----------+--------------+--------------+-------------+----------------------+
; Name     ; Pin # ; I/O Bank ; X coordinate ; Y coordinate ; Cell number ; Combinational Fan-Out ; Registered Fan-Out ; Global ; Input Register ; Power Up High ; PCI I/O Enabled ; Bus Hold ; Weak Pull Up ; I/O Standard ; Termination ; Location assigned by ;
+----------+-------+----------+--------------+--------------+-------------+-----------------------+--------------------+--------+----------------+---------------+-----------------+----------+--------------+--------------+-------------+----------------------+
; CLOCK_50 ; N2    ; 2        ; 0            ; 18           ; 0           ; 1                     ; 0                  ; yes    ; no             ; no            ; no              ; no       ; Off          ; 3.3-V LVTTL  ; Off         ; User                 ;
; KEY[0]   ; G26   ; 5        ; 65           ; 27           ; 1           ; 3                     ; 0                  ; no     ; no             ; no            ; no              ; no       ; Off          ; 3.3-V LVTTL  ; Off         ; User                 ;
; KEY[1]   ; N23   ; 5        ; 65           ; 20           ; 2           ; 3                     ; 0                  ; no     ; no             ; no            ; no              ; no       ; Off          ; 3.3-V LVTTL  ; Off         ; User                 ;
; KEY[2]   ; P23   ; 6        ; 65           ; 18           ; 0           ; 3                     ; 0                  ; no     ; no             ; no            ; no              ; no       ; Off          ; 3.3-V LVTTL  ; Off         ; User                 ;
; KEY[3]   ; W26   ; 6        ; 65           ; 10           ; 2           ; 3                     ; 0                  ; no     ; no             ; no            ; no              ; no       ; Off          ; 3.3-V LVTTL  ; Off         ; User                 ;
; SW[0]    ; N25   ; 5        ; 65           ; 19           ; 0           ; 10                    ; 0                  ; no     ; no             ; no            ; no              ; no       ; Off          ; 3.3-V LVTTL  ; Off         ; User                 ;
; SW[10]   ; N1    ; 2        ; 0            ; 18           ; 1           ; 10                    ; 0                  ; no     ; no             ; no            ; no              ; no       ; Off          ; 3.3-V LVTTL  ; Off         ; User                 ;
; SW[11]   ; P1    ; 1        ; 0            ; 18           ; 3           ; 10                    ; 0                  ; no     ; no             ; no            ; no              ; no       ; Off          ; 3.3-V LVTTL  ; Off         ; User                 ;
; SW[12]   ; P2    ; 1        ; 0            ; 18           ; 2           ; 7                     ; 0                  ; no     ; no             ; no            ; no              ; no       ; Off          ; 3.3-V LVTTL  ; Off         ; User                 ;
; SW[13]   ; T7    ; 1        ; 0            ; 11           ; 0           ; 10                    ; 0                  ; no     ; no             ; no            ; no              ; no       ; Off          ; 3.3-V LVTTL  ; Off         ; User                 ;
; SW[14]   ; U3    ; 1        ; 0            ; 12           ; 0           ; 10                    ; 0                  ; no     ; no             ; no            ; no              ; no       ; Off          ; 3.3-V LVTTL  ; Off         ; User                 ;
; SW[15]   ; U4    ; 1        ; 0            ; 12           ; 1           ; 10                    ; 0                  ; no     ; no             ; no            ; no              ; no       ; Off          ; 3.3-V LVTTL  ; Off         ; User                 ;
; SW[16]   ; V1    ; 1        ; 0            ; 12           ; 2           ; 0                     ; 0                  ; no     ; no             ; no            ; no              ; no       ; Off          ; 3.3-V LVTTL  ; Off         ; User                 ;
; SW[17]   ; V2    ; 1        ; 0            ; 12           ; 3           ; 1732                  ; 0                  ; no     ; no             ; no            ; no              ; no       ; Off          ; 3.3-V LVTTL  ; Off         ; User                 ;
; SW[1]    ; N26   ; 5        ; 65           ; 19           ; 1           ; 10                    ; 0                  ; no     ; no             ; no            ; no              ; no       ; Off          ; 3.3-V LVTTL  ; Off         ; User                 ;
; SW[2]    ; P25   ; 6        ; 65           ; 19           ; 2           ; 10                    ; 0                  ; no     ; no             ; no            ; no              ; no       ; Off          ; 3.3-V LVTTL  ; Off         ; User                 ;
; SW[3]    ; AE14  ; 7        ; 33           ; 0            ; 0           ; 10                    ; 0                  ; no     ; no             ; no            ; no              ; no       ; Off          ; 3.3-V LVTTL  ; Off         ; User                 ;
; SW[4]    ; AF14  ; 7        ; 33           ; 0            ; 1           ; 10                    ; 0                  ; no     ; no             ; no            ; no              ; no       ; Off          ; 3.3-V LVTTL  ; Off         ; User                 ;
; SW[5]    ; AD13  ; 8        ; 33           ; 0            ; 2           ; 10                    ; 0                  ; no     ; no             ; no            ; no              ; no       ; Off          ; 3.3-V LVTTL  ; Off         ; User                 ;
; SW[6]    ; AC13  ; 8        ; 33           ; 0            ; 3           ; 10                    ; 0                  ; no     ; no             ; no            ; no              ; no       ; Off          ; 3.3-V LVTTL  ; Off         ; User                 ;
; SW[7]    ; C13   ; 3        ; 31           ; 36           ; 2           ; 10                    ; 0                  ; no     ; no             ; no            ; no              ; no       ; Off          ; 3.3-V LVTTL  ; Off         ; User                 ;
; SW[8]    ; B13   ; 4        ; 31           ; 36           ; 0           ; 10                    ; 0                  ; no     ; no             ; no            ; no              ; no       ; Off          ; 3.3-V LVTTL  ; Off         ; User                 ;
; SW[9]    ; A13   ; 4        ; 31           ; 36           ; 1           ; 10                    ; 0                  ; no     ; no             ; no            ; no              ; no       ; Off          ; 3.3-V LVTTL  ; Off         ; User                 ;
; UART_RXD ; C25   ; 5        ; 65           ; 32           ; 2           ; 1                     ; 0                  ; no     ; no             ; no            ; no              ; no       ; Off          ; 3.3-V LVTTL  ; Off         ; User                 ;
+----------+-------+----------+--------------+--------------+-------------+-----------------------+--------------------+--------+----------------+---------------+-----------------+----------+--------------+--------------+-------------+----------------------+


+----------------------------------------------------------------------------------------------------------------------------------------------------------------------------------------------------------------------------------------------------------------------------------------------------------------------------------------+
; Output Pins                                                                                                                                                                                                                                                                                                                            ;
+----------+-------+----------+--------------+--------------+-------------+-----------------+------------------------+---------------+-----------------+------------+---------------+----------+--------------+--------------+------------------+-------------+----------------------+------+----------------------+---------------------+
; Name     ; Pin # ; I/O Bank ; X coordinate ; Y coordinate ; Cell number ; Output Register ; Output Enable Register ; Power Up High ; PCI I/O Enabled ; Open Drain ; TRI Primitive ; Bus Hold ; Weak Pull Up ; I/O Standard ; Current Strength ; Termination ; Location assigned by ; Load ; Output Enable Source ; Output Enable Group ;
+----------+-------+----------+--------------+--------------+-------------+-----------------+------------------------+---------------+-----------------+------------+---------------+----------+--------------+--------------+------------------+-------------+----------------------+------+----------------------+---------------------+
; HEX0[0]  ; AF10  ; 8        ; 24           ; 0            ; 2           ; no              ; no                     ; no            ; no              ; no         ; no            ; no       ; Off          ; 3.3-V LVTTL  ; 24mA             ; Off         ; User                 ; 0 pF ; -                    ; -                   ;
; HEX0[1]  ; AB12  ; 8        ; 24           ; 0            ; 1           ; no              ; no                     ; no            ; no              ; no         ; no            ; no       ; Off          ; 3.3-V LVTTL  ; 24mA             ; Off         ; User                 ; 0 pF ; -                    ; -                   ;
; HEX0[2]  ; AC12  ; 8        ; 24           ; 0            ; 0           ; no              ; no                     ; no            ; no              ; no         ; no            ; no       ; Off          ; 3.3-V LVTTL  ; 24mA             ; Off         ; User                 ; 0 pF ; -                    ; -                   ;
; HEX0[3]  ; AD11  ; 8        ; 27           ; 0            ; 3           ; no              ; no                     ; no            ; no              ; no         ; no            ; no       ; Off          ; 3.3-V LVTTL  ; 24mA             ; Off         ; User                 ; 0 pF ; -                    ; -                   ;
; HEX0[4]  ; AE11  ; 8        ; 27           ; 0            ; 2           ; no              ; no                     ; no            ; no              ; no         ; no            ; no       ; Off          ; 3.3-V LVTTL  ; 24mA             ; Off         ; User                 ; 0 pF ; -                    ; -                   ;
; HEX0[5]  ; V14   ; 8        ; 27           ; 0            ; 1           ; no              ; no                     ; no            ; no              ; no         ; no            ; no       ; Off          ; 3.3-V LVTTL  ; 24mA             ; Off         ; User                 ; 0 pF ; -                    ; -                   ;
; HEX0[6]  ; V13   ; 8        ; 27           ; 0            ; 0           ; no              ; no                     ; no            ; no              ; no         ; no            ; no       ; Off          ; 3.3-V LVTTL  ; 24mA             ; Off         ; User                 ; 0 pF ; -                    ; -                   ;
; HEX1[0]  ; V20   ; 6        ; 65           ; 3            ; 1           ; no              ; no                     ; no            ; no              ; no         ; no            ; no       ; Off          ; 3.3-V LVTTL  ; 24mA             ; Off         ; User                 ; 0 pF ; -                    ; -                   ;
; HEX1[1]  ; V21   ; 6        ; 65           ; 3            ; 0           ; no              ; no                     ; no            ; no              ; no         ; no            ; no       ; Off          ; 3.3-V LVTTL  ; 24mA             ; Off         ; User                 ; 0 pF ; -                    ; -                   ;
; HEX1[2]  ; W21   ; 6        ; 65           ; 4            ; 2           ; no              ; no                     ; no            ; no              ; no         ; no            ; no       ; Off          ; 3.3-V LVTTL  ; 24mA             ; Off         ; User                 ; 0 pF ; -                    ; -                   ;
; HEX1[3]  ; Y22   ; 6        ; 65           ; 4            ; 1           ; no              ; no                     ; no            ; no              ; no         ; no            ; no       ; Off          ; 3.3-V LVTTL  ; 24mA             ; Off         ; User                 ; 0 pF ; -                    ; -                   ;
; HEX1[4]  ; AA24  ; 6        ; 65           ; 4            ; 0           ; no              ; no                     ; no            ; no              ; no         ; no            ; no       ; Off          ; 3.3-V LVTTL  ; 24mA             ; Off         ; User                 ; 0 pF ; -                    ; -                   ;
; HEX1[5]  ; AA23  ; 6        ; 65           ; 5            ; 2           ; no              ; no                     ; no            ; no              ; no         ; no            ; no       ; Off          ; 3.3-V LVTTL  ; 24mA             ; Off         ; User                 ; 0 pF ; -                    ; -                   ;
; HEX1[6]  ; AB24  ; 6        ; 65           ; 5            ; 1           ; no              ; no                     ; no            ; no              ; no         ; no            ; no       ; Off          ; 3.3-V LVTTL  ; 24mA             ; Off         ; User                 ; 0 pF ; -                    ; -                   ;
; HEX2[0]  ; AB23  ; 6        ; 65           ; 5            ; 0           ; no              ; no                     ; no            ; no              ; no         ; no            ; no       ; Off          ; 3.3-V LVTTL  ; 24mA             ; Off         ; User                 ; 0 pF ; -                    ; -                   ;
; HEX2[1]  ; V22   ; 6        ; 65           ; 6            ; 2           ; no              ; no                     ; no            ; no              ; no         ; no            ; no       ; Off          ; 3.3-V LVTTL  ; 24mA             ; Off         ; User                 ; 0 pF ; -                    ; -                   ;
; HEX2[2]  ; AC25  ; 6        ; 65           ; 6            ; 1           ; no              ; no                     ; no            ; no              ; no         ; no            ; no       ; Off          ; 3.3-V LVTTL  ; 24mA             ; Off         ; User                 ; 0 pF ; -                    ; -                   ;
; HEX2[3]  ; AC26  ; 6        ; 65           ; 6            ; 0           ; no              ; no                     ; no            ; no              ; no         ; no            ; no       ; Off          ; 3.3-V LVTTL  ; 24mA             ; Off         ; User                 ; 0 pF ; -                    ; -                   ;
; HEX2[4]  ; AB26  ; 6        ; 65           ; 7            ; 3           ; no              ; no                     ; no            ; no              ; no         ; no            ; no       ; Off          ; 3.3-V LVTTL  ; 24mA             ; Off         ; User                 ; 0 pF ; -                    ; -                   ;
; HEX2[5]  ; AB25  ; 6        ; 65           ; 7            ; 2           ; no              ; no                     ; no            ; no              ; no         ; no            ; no       ; Off          ; 3.3-V LVTTL  ; 24mA             ; Off         ; User                 ; 0 pF ; -                    ; -                   ;
; HEX2[6]  ; Y24   ; 6        ; 65           ; 7            ; 1           ; no              ; no                     ; no            ; no              ; no         ; no            ; no       ; Off          ; 3.3-V LVTTL  ; 24mA             ; Off         ; User                 ; 0 pF ; -                    ; -                   ;
; HEX3[0]  ; Y23   ; 6        ; 65           ; 7            ; 0           ; no              ; no                     ; no            ; no              ; no         ; no            ; no       ; Off          ; 3.3-V LVTTL  ; 24mA             ; Off         ; User                 ; 0 pF ; -                    ; -                   ;
; HEX3[1]  ; AA25  ; 6        ; 65           ; 8            ; 3           ; no              ; no                     ; no            ; no              ; no         ; no            ; no       ; Off          ; 3.3-V LVTTL  ; 24mA             ; Off         ; User                 ; 0 pF ; -                    ; -                   ;
; HEX3[2]  ; AA26  ; 6        ; 65           ; 8            ; 2           ; no              ; no                     ; no            ; no              ; no         ; no            ; no       ; Off          ; 3.3-V LVTTL  ; 24mA             ; Off         ; User                 ; 0 pF ; -                    ; -                   ;
; HEX3[3]  ; Y26   ; 6        ; 65           ; 8            ; 1           ; no              ; no                     ; no            ; no              ; no         ; no            ; no       ; Off          ; 3.3-V LVTTL  ; 24mA             ; Off         ; User                 ; 0 pF ; -                    ; -                   ;
; HEX3[4]  ; Y25   ; 6        ; 65           ; 8            ; 0           ; no              ; no                     ; no            ; no              ; no         ; no            ; no       ; Off          ; 3.3-V LVTTL  ; 24mA             ; Off         ; User                 ; 0 pF ; -                    ; -                   ;
; HEX3[5]  ; U22   ; 6        ; 65           ; 9            ; 2           ; no              ; no                     ; no            ; no              ; no         ; no            ; no       ; Off          ; 3.3-V LVTTL  ; 24mA             ; Off         ; User                 ; 0 pF ; -                    ; -                   ;
; HEX3[6]  ; W24   ; 6        ; 65           ; 9            ; 1           ; no              ; no                     ; no            ; no              ; no         ; no            ; no       ; Off          ; 3.3-V LVTTL  ; 24mA             ; Off         ; User                 ; 0 pF ; -                    ; -                   ;
; HEX4[0]  ; U9    ; 1        ; 0            ; 13           ; 2           ; no              ; no                     ; no            ; no              ; no         ; no            ; no       ; Off          ; 3.3-V LVTTL  ; 24mA             ; Off         ; User                 ; 0 pF ; -                    ; -                   ;
; HEX4[1]  ; U1    ; 1        ; 0            ; 13           ; 1           ; no              ; no                     ; no            ; no              ; no         ; no            ; no       ; Off          ; 3.3-V LVTTL  ; 24mA             ; Off         ; User                 ; 0 pF ; -                    ; -                   ;
; HEX4[2]  ; U2    ; 1        ; 0            ; 13           ; 0           ; no              ; no                     ; no            ; no              ; no         ; no            ; no       ; Off          ; 3.3-V LVTTL  ; 24mA             ; Off         ; User                 ; 0 pF ; -                    ; -                   ;
; HEX4[3]  ; T4    ; 1        ; 0            ; 14           ; 2           ; no              ; no                     ; no            ; no              ; no         ; no            ; no       ; Off          ; 3.3-V LVTTL  ; 24mA             ; Off         ; User                 ; 0 pF ; -                    ; -                   ;
; HEX4[4]  ; R7    ; 1        ; 0            ; 14           ; 1           ; no              ; no                     ; no            ; no              ; no         ; no            ; no       ; Off          ; 3.3-V LVTTL  ; 24mA             ; Off         ; User                 ; 0 pF ; -                    ; -                   ;
; HEX4[5]  ; R6    ; 1        ; 0            ; 14           ; 0           ; no              ; no                     ; no            ; no              ; no         ; no            ; no       ; Off          ; 3.3-V LVTTL  ; 24mA             ; Off         ; User                 ; 0 pF ; -                    ; -                   ;
; HEX4[6]  ; T3    ; 1        ; 0            ; 15           ; 3           ; no              ; no                     ; no            ; no              ; no         ; no            ; no       ; Off          ; 3.3-V LVTTL  ; 24mA             ; Off         ; User                 ; 0 pF ; -                    ; -                   ;
; HEX5[0]  ; T2    ; 1        ; 0            ; 15           ; 2           ; no              ; no                     ; no            ; no              ; no         ; no            ; no       ; Off          ; 3.3-V LVTTL  ; 24mA             ; Off         ; User                 ; 0 pF ; -                    ; -                   ;
; HEX5[1]  ; P6    ; 1        ; 0            ; 15           ; 1           ; no              ; no                     ; no            ; no              ; no         ; no            ; no       ; Off          ; 3.3-V LVTTL  ; 24mA             ; Off         ; User                 ; 0 pF ; -                    ; -                   ;
; HEX5[2]  ; P7    ; 1        ; 0            ; 15           ; 0           ; no              ; no                     ; no            ; no              ; no         ; no            ; no       ; Off          ; 3.3-V LVTTL  ; 24mA             ; Off         ; User                 ; 0 pF ; -                    ; -                   ;
; HEX5[3]  ; T9    ; 1        ; 0            ; 16           ; 3           ; no              ; no                     ; no            ; no              ; no         ; no            ; no       ; Off          ; 3.3-V LVTTL  ; 24mA             ; Off         ; User                 ; 0 pF ; -                    ; -                   ;
; HEX5[4]  ; R5    ; 1        ; 0            ; 16           ; 1           ; no              ; no                     ; no            ; no              ; no         ; no            ; no       ; Off          ; 3.3-V LVTTL  ; 24mA             ; Off         ; User                 ; 0 pF ; -                    ; -                   ;
; HEX5[5]  ; R4    ; 1        ; 0            ; 16           ; 0           ; no              ; no                     ; no            ; no              ; no         ; no            ; no       ; Off          ; 3.3-V LVTTL  ; 24mA             ; Off         ; User                 ; 0 pF ; -                    ; -                   ;
; HEX5[6]  ; R3    ; 1        ; 0            ; 17           ; 3           ; no              ; no                     ; no            ; no              ; no         ; no            ; no       ; Off          ; 3.3-V LVTTL  ; 24mA             ; Off         ; User                 ; 0 pF ; -                    ; -                   ;
; HEX6[0]  ; R2    ; 1        ; 0            ; 17           ; 2           ; no              ; no                     ; no            ; no              ; no         ; no            ; no       ; Off          ; 3.3-V LVTTL  ; 24mA             ; Off         ; User                 ; 0 pF ; -                    ; -                   ;
; HEX6[1]  ; P4    ; 1        ; 0            ; 17           ; 1           ; no              ; no                     ; no            ; no              ; no         ; no            ; no       ; Off          ; 3.3-V LVTTL  ; 24mA             ; Off         ; User                 ; 0 pF ; -                    ; -                   ;
; HEX6[2]  ; P3    ; 1        ; 0            ; 17           ; 0           ; no              ; no                     ; no            ; no              ; no         ; no            ; no       ; Off          ; 3.3-V LVTTL  ; 24mA             ; Off         ; User                 ; 0 pF ; -                    ; -                   ;
; HEX6[3]  ; M2    ; 2        ; 0            ; 23           ; 4           ; no              ; no                     ; no            ; no              ; no         ; no            ; no       ; Off          ; 3.3-V LVTTL  ; 24mA             ; Off         ; User                 ; 0 pF ; -                    ; -                   ;
; HEX6[4]  ; M3    ; 2        ; 0            ; 23           ; 3           ; no              ; no                     ; no            ; no              ; no         ; no            ; no       ; Off          ; 3.3-V LVTTL  ; 24mA             ; Off         ; User                 ; 0 pF ; -                    ; -                   ;
; HEX6[5]  ; M5    ; 2        ; 0            ; 23           ; 2           ; no              ; no                     ; no            ; no              ; no         ; no            ; no       ; Off          ; 3.3-V LVTTL  ; 24mA             ; Off         ; User                 ; 0 pF ; -                    ; -                   ;
; HEX6[6]  ; M4    ; 2        ; 0            ; 23           ; 1           ; no              ; no                     ; no            ; no              ; no         ; no            ; no       ; Off          ; 3.3-V LVTTL  ; 24mA             ; Off         ; User                 ; 0 pF ; -                    ; -                   ;
; HEX7[0]  ; L3    ; 2        ; 0            ; 24           ; 4           ; no              ; no                     ; no            ; no              ; no         ; no            ; no       ; Off          ; 3.3-V LVTTL  ; 24mA             ; Off         ; User                 ; 0 pF ; -                    ; -                   ;
; HEX7[1]  ; L2    ; 2        ; 0            ; 24           ; 3           ; no              ; no                     ; no            ; no              ; no         ; no            ; no       ; Off          ; 3.3-V LVTTL  ; 24mA             ; Off         ; User                 ; 0 pF ; -                    ; -                   ;
; HEX7[2]  ; L9    ; 2        ; 0            ; 24           ; 2           ; no              ; no                     ; no            ; no              ; no         ; no            ; no       ; Off          ; 3.3-V LVTTL  ; 24mA             ; Off         ; User                 ; 0 pF ; -                    ; -                   ;
; HEX7[3]  ; L6    ; 2        ; 0            ; 24           ; 1           ; no              ; no                     ; no            ; no              ; no         ; no            ; no       ; Off          ; 3.3-V LVTTL  ; 24mA             ; Off         ; User                 ; 0 pF ; -                    ; -                   ;
; HEX7[4]  ; L7    ; 2        ; 0            ; 24           ; 0           ; no              ; no                     ; no            ; no              ; no         ; no            ; no       ; Off          ; 3.3-V LVTTL  ; 24mA             ; Off         ; User                 ; 0 pF ; -                    ; -                   ;
; HEX7[5]  ; P9    ; 2        ; 0            ; 25           ; 4           ; no              ; no                     ; no            ; no              ; no         ; no            ; no       ; Off          ; 3.3-V LVTTL  ; 24mA             ; Off         ; User                 ; 0 pF ; -                    ; -                   ;
; HEX7[6]  ; N9    ; 2        ; 0            ; 25           ; 3           ; no              ; no                     ; no            ; no              ; no         ; no            ; no       ; Off          ; 3.3-V LVTTL  ; 24mA             ; Off         ; User                 ; 0 pF ; -                    ; -                   ;
; LEDG[0]  ; AE22  ; 7        ; 59           ; 0            ; 0           ; no              ; no                     ; no            ; no              ; no         ; no            ; no       ; Off          ; 3.3-V LVTTL  ; 24mA             ; Off         ; User                 ; 0 pF ; -                    ; -                   ;
; LEDG[1]  ; AF22  ; 7        ; 59           ; 0            ; 1           ; no              ; no                     ; no            ; no              ; no         ; no            ; no       ; Off          ; 3.3-V LVTTL  ; 24mA             ; Off         ; User                 ; 0 pF ; -                    ; -                   ;
; LEDG[2]  ; W19   ; 7        ; 59           ; 0            ; 2           ; no              ; no                     ; no            ; no              ; no         ; no            ; no       ; Off          ; 3.3-V LVTTL  ; 24mA             ; Off         ; User                 ; 0 pF ; -                    ; -                   ;
; LEDG[3]  ; V18   ; 7        ; 59           ; 0            ; 3           ; no              ; no                     ; no            ; no              ; no         ; no            ; no       ; Off          ; 3.3-V LVTTL  ; 24mA             ; Off         ; User                 ; 0 pF ; -                    ; -                   ;
; LEDG[4]  ; U18   ; 7        ; 57           ; 0            ; 0           ; no              ; no                     ; no            ; no              ; no         ; no            ; no       ; Off          ; 3.3-V LVTTL  ; 24mA             ; Off         ; User                 ; 0 pF ; -                    ; -                   ;
; LEDG[5]  ; U17   ; 7        ; 57           ; 0            ; 1           ; no              ; no                     ; no            ; no              ; no         ; no            ; no       ; Off          ; 3.3-V LVTTL  ; 24mA             ; Off         ; User                 ; 0 pF ; -                    ; -                   ;
; LEDG[6]  ; AA20  ; 7        ; 57           ; 0            ; 2           ; no              ; no                     ; no            ; no              ; no         ; no            ; no       ; Off          ; 3.3-V LVTTL  ; 24mA             ; Off         ; User                 ; 0 pF ; -                    ; -                   ;
; LEDG[7]  ; Y18   ; 7        ; 57           ; 0            ; 3           ; no              ; no                     ; no            ; no              ; no         ; no            ; no       ; Off          ; 3.3-V LVTTL  ; 24mA             ; Off         ; User                 ; 0 pF ; -                    ; -                   ;
; LEDG[8]  ; Y12   ; 8        ; 29           ; 0            ; 0           ; no              ; no                     ; no            ; no              ; no         ; no            ; no       ; Off          ; 3.3-V LVTTL  ; 24mA             ; Off         ; User                 ; 0 pF ; -                    ; -                   ;
; LEDR[0]  ; AE23  ; 7        ; 63           ; 0            ; 0           ; no              ; no                     ; no            ; no              ; no         ; no            ; no       ; Off          ; 3.3-V LVTTL  ; 24mA             ; Off         ; User                 ; 0 pF ; -                    ; -                   ;
; LEDR[10] ; AA13  ; 7        ; 35           ; 0            ; 0           ; no              ; no                     ; no            ; no              ; no         ; no            ; no       ; Off          ; 3.3-V LVTTL  ; 24mA             ; Off         ; User                 ; 0 pF ; -                    ; -                   ;
; LEDR[11] ; AC14  ; 7        ; 35           ; 0            ; 1           ; no              ; no                     ; no            ; no              ; no         ; no            ; no       ; Off          ; 3.3-V LVTTL  ; 24mA             ; Off         ; User                 ; 0 pF ; -                    ; -                   ;
; LEDR[12] ; AD15  ; 7        ; 35           ; 0            ; 2           ; no              ; no                     ; no            ; no              ; no         ; no            ; no       ; Off          ; 3.3-V LVTTL  ; 24mA             ; Off         ; User                 ; 0 pF ; -                    ; -                   ;
; LEDR[13] ; AE15  ; 7        ; 35           ; 0            ; 3           ; no              ; no                     ; no            ; no              ; no         ; no            ; no       ; Off          ; 3.3-V LVTTL  ; 24mA             ; Off         ; User                 ; 0 pF ; -                    ; -                   ;
; LEDR[14] ; AF13  ; 8        ; 31           ; 0            ; 0           ; no              ; no                     ; no            ; no              ; no         ; no            ; no       ; Off          ; 3.3-V LVTTL  ; 24mA             ; Off         ; User                 ; 0 pF ; -                    ; -                   ;
; LEDR[15] ; AE13  ; 8        ; 31           ; 0            ; 1           ; no              ; no                     ; no            ; no              ; no         ; no            ; no       ; Off          ; 3.3-V LVTTL  ; 24mA             ; Off         ; User                 ; 0 pF ; -                    ; -                   ;
; LEDR[16] ; AE12  ; 8        ; 31           ; 0            ; 2           ; no              ; no                     ; no            ; no              ; no         ; no            ; no       ; Off          ; 3.3-V LVTTL  ; 24mA             ; Off         ; User                 ; 0 pF ; -                    ; -                   ;
; LEDR[17] ; AD12  ; 8        ; 31           ; 0            ; 3           ; no              ; no                     ; no            ; no              ; no         ; no            ; no       ; Off          ; 3.3-V LVTTL  ; 24mA             ; Off         ; User                 ; 0 pF ; -                    ; -                   ;
; LEDR[1]  ; AF23  ; 7        ; 63           ; 0            ; 1           ; no              ; no                     ; no            ; no              ; no         ; no            ; no       ; Off          ; 3.3-V LVTTL  ; 24mA             ; Off         ; User                 ; 0 pF ; -                    ; -                   ;
; LEDR[2]  ; AB21  ; 7        ; 63           ; 0            ; 2           ; no              ; no                     ; no            ; no              ; no         ; no            ; no       ; Off          ; 3.3-V LVTTL  ; 24mA             ; Off         ; User                 ; 0 pF ; -                    ; -                   ;
; LEDR[3]  ; AC22  ; 7        ; 63           ; 0            ; 3           ; no              ; no                     ; no            ; no              ; no         ; no            ; no       ; Off          ; 3.3-V LVTTL  ; 24mA             ; Off         ; User                 ; 0 pF ; -                    ; -                   ;
; LEDR[4]  ; AD22  ; 7        ; 61           ; 0            ; 0           ; no              ; no                     ; no            ; no              ; no         ; no            ; no       ; Off          ; 3.3-V LVTTL  ; 24mA             ; Off         ; User                 ; 0 pF ; -                    ; -                   ;
; LEDR[5]  ; AD23  ; 7        ; 61           ; 0            ; 1           ; no              ; no                     ; no            ; no              ; no         ; no            ; no       ; Off          ; 3.3-V LVTTL  ; 24mA             ; Off         ; User                 ; 0 pF ; -                    ; -                   ;
; LEDR[6]  ; AD21  ; 7        ; 61           ; 0            ; 2           ; no              ; no                     ; no            ; no              ; no         ; no            ; no       ; Off          ; 3.3-V LVTTL  ; 24mA             ; Off         ; User                 ; 0 pF ; -                    ; -                   ;
; LEDR[7]  ; AC21  ; 7        ; 61           ; 0            ; 3           ; no              ; no                     ; no            ; no              ; no         ; no            ; no       ; Off          ; 3.3-V LVTTL  ; 24mA             ; Off         ; User                 ; 0 pF ; -                    ; -                   ;
; LEDR[8]  ; AA14  ; 7        ; 37           ; 0            ; 2           ; no              ; no                     ; no            ; no              ; no         ; no            ; no       ; Off          ; 3.3-V LVTTL  ; 24mA             ; Off         ; User                 ; 0 pF ; -                    ; -                   ;
; LEDR[9]  ; Y13   ; 7        ; 37           ; 0            ; 3           ; no              ; no                     ; no            ; no              ; no         ; no            ; no       ; Off          ; 3.3-V LVTTL  ; 24mA             ; Off         ; User                 ; 0 pF ; -                    ; -                   ;
; UART_TXD ; B25   ; 5        ; 65           ; 32           ; 1           ; no              ; no                     ; no            ; no              ; no         ; no            ; no       ; Off          ; 3.3-V LVTTL  ; 24mA             ; Off         ; User                 ; 0 pF ; -                    ; -                   ;
+----------+-------+----------+--------------+--------------+-------------+-----------------+------------------------+---------------+-----------------+------------+---------------+----------+--------------+--------------+------------------+-------------+----------------------+------+----------------------+---------------------+


+--------------------------------------------------------------------------------------------------------------------------------------------------------------------------------------------------------------------------------------------------------------------------------------------------------------------------------------------------------------------------------------------------------------------------------------+
; Bidir Pins                                                                                                                                                                                                                                                                                                                                                                                                                           ;
+------------+-------+----------+--------------+--------------+-------------+-----------------------+--------------------+--------+----------------+-----------------+------------------------+---------------+-----------------+------------+----------+--------------+--------------+------------------+-------------+----------------------+------+-----------------------------------------------------------+---------------------+
; Name       ; Pin # ; I/O Bank ; X coordinate ; Y coordinate ; Cell number ; Combinational Fan-Out ; Registered Fan-Out ; Global ; Input Register ; Output Register ; Output Enable Register ; Power Up High ; PCI I/O Enabled ; Open Drain ; Bus Hold ; Weak Pull Up ; I/O Standard ; Current Strength ; Termination ; Location assigned by ; Load ; Output Enable Source                                      ; Output Enable Group ;
+------------+-------+----------+--------------+--------------+-------------+-----------------------+--------------------+--------+----------------+-----------------+------------------------+---------------+-----------------+------------+----------+--------------+--------------+------------------+-------------+----------------------+------+-----------------------------------------------------------+---------------------+
; GPIO_0[0]  ; D25   ; 5        ; 65           ; 31           ; 1           ; 0                     ; 0                  ; no     ; no             ; no              ; no                     ; no            ; no              ; no         ; no       ; Off          ; 3.3-V LVTTL  ; 24mA             ; Off         ; User                 ; 0 pF ; -                                                         ; -                   ;
; GPIO_0[10] ; N18   ; 5        ; 65           ; 29           ; 2           ; 0                     ; 0                  ; no     ; no             ; no              ; no                     ; no            ; no              ; yes        ; no       ; Off          ; 3.3-V LVTTL  ; 24mA             ; Off         ; User                 ; 0 pF ; -                                                         ; -                   ;
; GPIO_0[11] ; P18   ; 5        ; 65           ; 29           ; 3           ; 3                     ; 0                  ; no     ; no             ; no              ; no                     ; no            ; no              ; yes        ; no       ; Off          ; 3.3-V LVTTL  ; 24mA             ; Off         ; User                 ; 0 pF ; -                                                         ; -                   ;
; GPIO_0[12] ; G23   ; 5        ; 65           ; 28           ; 0           ; 3                     ; 0                  ; no     ; no             ; no              ; no                     ; no            ; no              ; no         ; no       ; Off          ; 3.3-V LVTTL  ; 24mA             ; Off         ; User                 ; 0 pF ; SoC_Top:u_soc|apb_gpio:u_gpio|dir_reg[12]                 ; -                   ;
; GPIO_0[13] ; G24   ; 5        ; 65           ; 28           ; 1           ; 0                     ; 0                  ; no     ; no             ; no              ; no                     ; no            ; no              ; yes        ; no       ; Off          ; 3.3-V LVTTL  ; 24mA             ; Off         ; User                 ; 0 pF ; -                                                         ; -                   ;
; GPIO_0[14] ; K22   ; 5        ; 65           ; 28           ; 2           ; 1                     ; 0                  ; no     ; no             ; no              ; no                     ; no            ; no              ; yes        ; no       ; Off          ; 3.3-V LVTTL  ; 24mA             ; Off         ; User                 ; 0 pF ; -                                                         ; -                   ;
; GPIO_0[15] ; G25   ; 5        ; 65           ; 27           ; 0           ; 0                     ; 0                  ; no     ; no             ; no              ; no                     ; no            ; no              ; no         ; no       ; Off          ; 3.3-V LVTTL  ; 24mA             ; Off         ; User                 ; 0 pF ; -                                                         ; -                   ;
; GPIO_0[16] ; H23   ; 5        ; 65           ; 27           ; 2           ; 0                     ; 0                  ; no     ; no             ; no              ; no                     ; no            ; no              ; yes        ; no       ; Off          ; 3.3-V LVTTL  ; 24mA             ; Off         ; User                 ; 0 pF ; -                                                         ; -                   ;
; GPIO_0[17] ; H24   ; 5        ; 65           ; 27           ; 3           ; 0                     ; 0                  ; no     ; no             ; no              ; no                     ; no            ; no              ; yes        ; no       ; Off          ; 3.3-V LVTTL  ; 24mA             ; Off         ; User                 ; 0 pF ; -                                                         ; -                   ;
; GPIO_0[18] ; J23   ; 5        ; 65           ; 26           ; 0           ; 0                     ; 0                  ; no     ; no             ; no              ; no                     ; no            ; no              ; yes        ; no       ; Off          ; 3.3-V LVTTL  ; 24mA             ; Off         ; User                 ; 0 pF ; -                                                         ; -                   ;
; GPIO_0[19] ; J24   ; 5        ; 65           ; 26           ; 1           ; 0                     ; 0                  ; no     ; no             ; no              ; no                     ; no            ; no              ; yes        ; no       ; Off          ; 3.3-V LVTTL  ; 24mA             ; Off         ; User                 ; 0 pF ; -                                                         ; -                   ;
; GPIO_0[1]  ; J22   ; 5        ; 65           ; 31           ; 2           ; 0                     ; 0                  ; no     ; no             ; no              ; no                     ; no            ; no              ; no         ; no       ; Off          ; 3.3-V LVTTL  ; 24mA             ; Off         ; User                 ; 0 pF ; -                                                         ; -                   ;
; GPIO_0[20] ; H25   ; 5        ; 65           ; 26           ; 2           ; 0                     ; 0                  ; no     ; no             ; no              ; no                     ; no            ; no              ; yes        ; no       ; Off          ; 3.3-V LVTTL  ; 24mA             ; Off         ; User                 ; 0 pF ; -                                                         ; -                   ;
; GPIO_0[21] ; H26   ; 5        ; 65           ; 26           ; 3           ; 0                     ; 0                  ; no     ; no             ; no              ; no                     ; no            ; no              ; yes        ; no       ; Off          ; 3.3-V LVTTL  ; 24mA             ; Off         ; User                 ; 0 pF ; -                                                         ; -                   ;
; GPIO_0[22] ; H19   ; 5        ; 65           ; 26           ; 4           ; 0                     ; 0                  ; no     ; no             ; no              ; no                     ; no            ; no              ; yes        ; no       ; Off          ; 3.3-V LVTTL  ; 24mA             ; Off         ; User                 ; 0 pF ; -                                                         ; -                   ;
; GPIO_0[23] ; K18   ; 5        ; 65           ; 25           ; 0           ; 0                     ; 0                  ; no     ; no             ; no              ; no                     ; no            ; no              ; yes        ; no       ; Off          ; 3.3-V LVTTL  ; 24mA             ; Off         ; User                 ; 0 pF ; -                                                         ; -                   ;
; GPIO_0[24] ; K19   ; 5        ; 65           ; 25           ; 1           ; 0                     ; 0                  ; no     ; no             ; no              ; no                     ; no            ; no              ; yes        ; no       ; Off          ; 3.3-V LVTTL  ; 24mA             ; Off         ; User                 ; 0 pF ; -                                                         ; -                   ;
; GPIO_0[25] ; K21   ; 5        ; 65           ; 25           ; 2           ; 0                     ; 0                  ; no     ; no             ; no              ; no                     ; no            ; no              ; yes        ; no       ; Off          ; 3.3-V LVTTL  ; 24mA             ; Off         ; User                 ; 0 pF ; -                                                         ; -                   ;
; GPIO_0[26] ; K23   ; 5        ; 65           ; 25           ; 3           ; 0                     ; 0                  ; no     ; no             ; no              ; no                     ; no            ; no              ; yes        ; no       ; Off          ; 3.3-V LVTTL  ; 24mA             ; Off         ; User                 ; 0 pF ; -                                                         ; -                   ;
; GPIO_0[27] ; K24   ; 5        ; 65           ; 25           ; 4           ; 0                     ; 0                  ; no     ; no             ; no              ; no                     ; no            ; no              ; yes        ; no       ; Off          ; 3.3-V LVTTL  ; 24mA             ; Off         ; User                 ; 0 pF ; -                                                         ; -                   ;
; GPIO_0[28] ; L21   ; 5        ; 65           ; 24           ; 0           ; 0                     ; 0                  ; no     ; no             ; no              ; no                     ; no            ; no              ; yes        ; no       ; Off          ; 3.3-V LVTTL  ; 24mA             ; Off         ; User                 ; 0 pF ; -                                                         ; -                   ;
; GPIO_0[29] ; L20   ; 5        ; 65           ; 24           ; 1           ; 0                     ; 0                  ; no     ; no             ; no              ; no                     ; no            ; no              ; yes        ; no       ; Off          ; 3.3-V LVTTL  ; 24mA             ; Off         ; User                 ; 0 pF ; -                                                         ; -                   ;
; GPIO_0[2]  ; E26   ; 5        ; 65           ; 31           ; 3           ; 1                     ; 0                  ; no     ; no             ; no              ; no                     ; no            ; no              ; yes        ; no       ; Off          ; 3.3-V LVTTL  ; 24mA             ; Off         ; User                 ; 0 pF ; -                                                         ; -                   ;
; GPIO_0[30] ; J25   ; 5        ; 65           ; 24           ; 2           ; 0                     ; 0                  ; no     ; no             ; no              ; no                     ; no            ; no              ; yes        ; no       ; Off          ; 3.3-V LVTTL  ; 24mA             ; Off         ; User                 ; 0 pF ; -                                                         ; -                   ;
; GPIO_0[31] ; J26   ; 5        ; 65           ; 24           ; 3           ; 0                     ; 0                  ; no     ; no             ; no              ; no                     ; no            ; no              ; yes        ; no       ; Off          ; 3.3-V LVTTL  ; 24mA             ; Off         ; User                 ; 0 pF ; -                                                         ; -                   ;
; GPIO_0[32] ; L23   ; 5        ; 65           ; 23           ; 0           ; 0                     ; 0                  ; no     ; no             ; no              ; no                     ; no            ; no              ; yes        ; no       ; Off          ; 3.3-V LVTTL  ; 24mA             ; Off         ; User                 ; 0 pF ; -                                                         ; -                   ;
; GPIO_0[33] ; L24   ; 5        ; 65           ; 23           ; 1           ; 0                     ; 0                  ; no     ; no             ; no              ; no                     ; no            ; no              ; yes        ; no       ; Off          ; 3.3-V LVTTL  ; 24mA             ; Off         ; User                 ; 0 pF ; -                                                         ; -                   ;
; GPIO_0[34] ; L25   ; 5        ; 65           ; 23           ; 2           ; 0                     ; 0                  ; no     ; no             ; no              ; no                     ; no            ; no              ; yes        ; no       ; Off          ; 3.3-V LVTTL  ; 24mA             ; Off         ; User                 ; 0 pF ; -                                                         ; -                   ;
; GPIO_0[35] ; L19   ; 5        ; 65           ; 23           ; 3           ; 0                     ; 0                  ; no     ; no             ; no              ; no                     ; no            ; no              ; yes        ; no       ; Off          ; 3.3-V LVTTL  ; 24mA             ; Off         ; User                 ; 0 pF ; -                                                         ; -                   ;
; GPIO_0[3]  ; E25   ; 5        ; 65           ; 31           ; 4           ; 0                     ; 0                  ; no     ; no             ; no              ; no                     ; no            ; no              ; no         ; no       ; Off          ; 3.3-V LVTTL  ; 24mA             ; Off         ; User                 ; 0 pF ; -                                                         ; -                   ;
; GPIO_0[4]  ; F24   ; 5        ; 65           ; 30           ; 0           ; 0                     ; 0                  ; no     ; no             ; no              ; no                     ; no            ; no              ; yes        ; no       ; Off          ; 3.3-V LVTTL  ; 24mA             ; Off         ; User                 ; 0 pF ; SoC_Top:u_soc|apb_i2c_master:u_i2c|scl_oen_reg (inverted) ; -                   ;
; GPIO_0[5]  ; F23   ; 5        ; 65           ; 30           ; 1           ; 2                     ; 0                  ; no     ; no             ; no              ; no                     ; no            ; no              ; yes        ; no       ; Off          ; 3.3-V LVTTL  ; 24mA             ; Off         ; User                 ; 0 pF ; SoC_Top:u_soc|apb_i2c_master:u_i2c|sda_oen_reg (inverted) ; -                   ;
; GPIO_0[6]  ; J21   ; 5        ; 65           ; 30           ; 2           ; 0                     ; 0                  ; no     ; no             ; no              ; no                     ; no            ; no              ; no         ; no       ; Off          ; 3.3-V LVTTL  ; 24mA             ; Off         ; User                 ; 0 pF ; -                                                         ; -                   ;
; GPIO_0[7]  ; J20   ; 5        ; 65           ; 30           ; 3           ; 0                     ; 0                  ; no     ; no             ; no              ; no                     ; no            ; no              ; no         ; no       ; Off          ; 3.3-V LVTTL  ; 24mA             ; Off         ; User                 ; 0 pF ; -                                                         ; -                   ;
; GPIO_0[8]  ; F25   ; 5        ; 65           ; 29           ; 0           ; 0                     ; 0                  ; no     ; no             ; no              ; no                     ; no            ; no              ; no         ; no       ; Off          ; 3.3-V LVTTL  ; 24mA             ; Off         ; User                 ; 0 pF ; -                                                         ; -                   ;
; GPIO_0[9]  ; F26   ; 5        ; 65           ; 29           ; 1           ; 0                     ; 0                  ; no     ; no             ; no              ; no                     ; no            ; no              ; no         ; no       ; Off          ; 3.3-V LVTTL  ; 24mA             ; Off         ; User                 ; 0 pF ; -                                                         ; -                   ;
+------------+-------+----------+--------------+--------------+-------------+-----------------------+--------------------+--------+----------------+-----------------+------------------------+---------------+-----------------+------------+----------+--------------+--------------+------------------+-------------+----------------------+------+-----------------------------------------------------------+---------------------+


+------------------------------------------------------------+
; I/O Bank Usage                                             ;
+----------+------------------+---------------+--------------+
; I/O Bank ; Usage            ; VCCIO Voltage ; VREF Voltage ;
+----------+------------------+---------------+--------------+
; 1        ; 24 / 64 ( 38 % ) ; 3.3V          ; --           ;
; 2        ; 15 / 59 ( 25 % ) ; 3.3V          ; --           ;
; 3        ; 1 / 56 ( 2 % )   ; 3.3V          ; --           ;
; 4        ; 2 / 58 ( 3 % )   ; 3.3V          ; --           ;
; 5        ; 42 / 65 ( 65 % ) ; 3.3V          ; --           ;
; 6        ; 24 / 59 ( 41 % ) ; 3.3V          ; --           ;
; 7        ; 24 / 58 ( 41 % ) ; 3.3V          ; --           ;
; 8        ; 14 / 56 ( 25 % ) ; 3.3V          ; --           ;
+----------+------------------+---------------+--------------+


+------------------------------------------------------------------------------------------------------------------------------------------------------------------------+
; All Package Pins                                                                                                                                                       ;
+----------+------------+----------+------------------------------------------+--------+--------------+---------+------------+-----------------+----------+--------------+
; Location ; Pad Number ; I/O Bank ; Pin Name/Usage                           ; Dir.   ; I/O Standard ; Voltage ; I/O Type   ; User Assignment ; Bus Hold ; Weak Pull Up ;
+----------+------------+----------+------------------------------------------+--------+--------------+---------+------------+-----------------+----------+--------------+
; A2       ;            ;          ; GND                                      ; gnd    ;              ;         ; --         ;                 ; --       ; --           ;
; A3       ;            ; 3        ; VCCIO3                                   ; power  ;              ; 3.3V    ; --         ;                 ; --       ; --           ;
; A4       ; 484        ; 3        ; RESERVED_INPUT                           ;        ;              ;         ; Column I/O ;                 ; no       ; Off          ;
; A5       ; 482        ; 3        ; RESERVED_INPUT                           ;        ;              ;         ; Column I/O ;                 ; no       ; Off          ;
; A6       ; 479        ; 3        ; RESERVED_INPUT                           ;        ;              ;         ; Column I/O ;                 ; no       ; Off          ;
; A7       ; 465        ; 3        ; RESERVED_INPUT                           ;        ;              ;         ; Column I/O ;                 ; no       ; Off          ;
; A8       ; 457        ; 3        ; RESERVED_INPUT                           ;        ;              ;         ; Column I/O ;                 ; no       ; Off          ;
; A9       ; 451        ; 3        ; RESERVED_INPUT                           ;        ;              ;         ; Column I/O ;                 ; no       ; Off          ;
; A10      ; 447        ; 3        ; RESERVED_INPUT                           ;        ;              ;         ; Column I/O ;                 ; no       ; Off          ;
; A11      ;            ; 3        ; VCCIO3                                   ; power  ;              ; 3.3V    ; --         ;                 ; --       ; --           ;
; A12      ;            ;          ; GND                                      ; gnd    ;              ;         ; --         ;                 ; --       ; --           ;
; A13      ; 430        ; 4        ; SW[9]                                    ; input  ; 3.3-V LVTTL  ;         ; Column I/O ; Y               ; no       ; Off          ;
; A14      ; 427        ; 4        ; RESERVED_INPUT                           ;        ;              ;         ; Column I/O ;                 ; no       ; Off          ;
; A15      ;            ;          ; GND                                      ; gnd    ;              ;         ; --         ;                 ; --       ; --           ;
; A16      ;            ; 4        ; VCCIO4                                   ; power  ;              ; 3.3V    ; --         ;                 ; --       ; --           ;
; A17      ; 412        ; 4        ; RESERVED_INPUT                           ;        ;              ;         ; Column I/O ;                 ; no       ; Off          ;
; A18      ; 406        ; 4        ; RESERVED_INPUT                           ;        ;              ;         ; Column I/O ;                 ; no       ; Off          ;
; A19      ; 394        ; 4        ; RESERVED_INPUT                           ;        ;              ;         ; Column I/O ;                 ; no       ; Off          ;
; A20      ; 390        ; 4        ; RESERVED_INPUT                           ;        ;              ;         ; Column I/O ;                 ; no       ; Off          ;
; A21      ; 382        ; 4        ; RESERVED_INPUT                           ;        ;              ;         ; Column I/O ;                 ; no       ; Off          ;
; A22      ; 379        ; 4        ; RESERVED_INPUT                           ;        ;              ;         ; Column I/O ;                 ; no       ; Off          ;
; A23      ; 378        ; 4        ; RESERVED_INPUT                           ;        ;              ;         ; Column I/O ;                 ; no       ; Off          ;
; A24      ;            ; 4        ; VCCIO4                                   ; power  ;              ; 3.3V    ; --         ;                 ; --       ; --           ;
; A25      ;            ;          ; GND                                      ; gnd    ;              ;         ; --         ;                 ; --       ; --           ;
; AA1      ; 107        ; 1        ; RESERVED_INPUT                           ;        ;              ;         ; Row I/O    ;                 ; no       ; Off          ;
; AA2      ; 106        ; 1        ; RESERVED_INPUT                           ;        ;              ;         ; Row I/O    ;                 ; no       ; Off          ;
; AA3      ; 117        ; 1        ; RESERVED_INPUT                           ;        ;              ;         ; Row I/O    ;                 ; no       ; Off          ;
; AA4      ; 116        ; 1        ; RESERVED_INPUT                           ;        ;              ;         ; Row I/O    ;                 ; no       ; Off          ;
; AA5      ; 120        ; 1        ; RESERVED_INPUT                           ;        ;              ;         ; Row I/O    ;                 ; no       ; Off          ;
; AA6      ; 130        ; 1        ; RESERVED_INPUT                           ;        ;              ;         ; Row I/O    ;                 ; no       ; Off          ;
; AA7      ; 129        ; 1        ; RESERVED_INPUT                           ;        ;              ;         ; Row I/O    ;                 ; no       ; Off          ;
; AA8      ;            ;          ; VCCA_PLL1                                ; power  ;              ; 1.2V    ; --         ;                 ; --       ; --           ;
; AA9      ; 152        ; 8        ; RESERVED_INPUT                           ;        ;              ;         ; Column I/O ;                 ; no       ; Off          ;
; AA10     ; 153        ; 8        ; RESERVED_INPUT                           ;        ;              ;         ; Column I/O ;                 ; no       ; Off          ;
; AA11     ; 155        ; 8        ; RESERVED_INPUT                           ;        ;              ;         ; Column I/O ;                 ; no       ; Off          ;
; AA12     ; 179        ; 8        ; RESERVED_INPUT                           ;        ;              ;         ; Column I/O ;                 ; no       ; Off          ;
; AA13     ; 192        ; 7        ; LEDR[10]                                 ; output ; 3.3-V LVTTL  ;         ; Column I/O ; Y               ; no       ; Off          ;
; AA14     ; 194        ; 7        ; LEDR[8]                                  ; output ; 3.3-V LVTTL  ;         ; Column I/O ; Y               ; no       ; Off          ;
; AA15     ; 197        ; 7        ; RESERVED_INPUT                           ;        ;              ;         ; Column I/O ;                 ; no       ; Off          ;
; AA16     ; 209        ; 7        ; RESERVED_INPUT                           ;        ;              ;         ; Column I/O ;                 ; no       ; Off          ;
; AA17     ; 219        ; 7        ; RESERVED_INPUT                           ;        ;              ;         ; Column I/O ;                 ; no       ; Off          ;
; AA18     ; 220        ; 7        ; RESERVED_INPUT                           ;        ;              ;         ; Column I/O ;                 ; no       ; Off          ;
; AA19     ;            ;          ; VCCA_PLL4                                ; power  ;              ; 1.2V    ; --         ;                 ; --       ; --           ;
; AA20     ; 230        ; 7        ; LEDG[6]                                  ; output ; 3.3-V LVTTL  ;         ; Column I/O ; Y               ; no       ; Off          ;
; AA21     ;            ;          ; GND_PLL4                                 ; gnd    ;              ;         ; --         ;                 ; --       ; --           ;
; AA22     ;            ; 6        ; VCCIO6                                   ; power  ;              ; 3.3V    ; --         ;                 ; --       ; --           ;
; AA23     ; 256        ; 6        ; HEX1[5]                                  ; output ; 3.3-V LVTTL  ;         ; Row I/O    ; Y               ; no       ; Off          ;
; AA24     ; 255        ; 6        ; HEX1[4]                                  ; output ; 3.3-V LVTTL  ;         ; Row I/O    ; Y               ; no       ; Off          ;
; AA25     ; 266        ; 6        ; HEX3[1]                                  ; output ; 3.3-V LVTTL  ;         ; Row I/O    ; Y               ; no       ; Off          ;
; AA26     ; 267        ; 6        ; HEX3[2]                                  ; output ; 3.3-V LVTTL  ;         ; Row I/O    ; Y               ; no       ; Off          ;
; AB1      ; 115        ; 1        ; RESERVED_INPUT                           ;        ;              ;         ; Row I/O    ;                 ; no       ; Off          ;
; AB2      ; 114        ; 1        ; RESERVED_INPUT                           ;        ;              ;         ; Row I/O    ;                 ; no       ; Off          ;
; AB3      ; 126        ; 1        ; RESERVED_INPUT                           ;        ;              ;         ; Row I/O    ;                 ; no       ; Off          ;
; AB4      ; 127        ; 1        ; RESERVED_INPUT                           ;        ;              ;         ; Row I/O    ;                 ; no       ; Off          ;
; AB5      ;            ; 1        ; VCCIO1                                   ; power  ;              ; 3.3V    ; --         ;                 ; --       ; --           ;
; AB6      ;            ; 8        ; VCCIO8                                   ; power  ;              ; 3.3V    ; --         ;                 ; --       ; --           ;
; AB7      ;            ;          ; GND                                      ; gnd    ;              ;         ; --         ;                 ; --       ; --           ;
; AB8      ; 147        ; 8        ; RESERVED_INPUT                           ;        ;              ;         ; Column I/O ;                 ; no       ; Off          ;
; AB9      ;            ; 8        ; VCCIO8                                   ; power  ;              ; 3.3V    ; --         ;                 ; --       ; --           ;
; AB10     ; 154        ; 8        ; RESERVED_INPUT                           ;        ;              ;         ; Column I/O ;                 ; no       ; Off          ;
; AB11     ;            ;          ; GND                                      ; gnd    ;              ;         ; --         ;                 ; --       ; --           ;
; AB12     ; 171        ; 8        ; HEX0[1]                                  ; output ; 3.3-V LVTTL  ;         ; Column I/O ; Y               ; no       ; Off          ;
; AB13     ;            ; 8        ; VCCIO8                                   ; power  ;              ; 3.3V    ; --         ;                 ; --       ; --           ;
; AB14     ;            ; 7        ; VCCIO7                                   ; power  ;              ; 3.3V    ; --         ;                 ; --       ; --           ;
; AB15     ; 198        ; 7        ; RESERVED_INPUT                           ;        ;              ;         ; Column I/O ;                 ; no       ; Off          ;
; AB16     ;            ;          ; GND                                      ; gnd    ;              ;         ; --         ;                 ; --       ; --           ;
; AB17     ;            ; 7        ; VCCIO7                                   ; power  ;              ; 3.3V    ; --         ;                 ; --       ; --           ;
; AB18     ; 215        ; 7        ; RESERVED_INPUT                           ;        ;              ;         ; Column I/O ;                 ; no       ; Off          ;
; AB19     ;            ;          ; GND                                      ; gnd    ;              ;         ; --         ;                 ; --       ; --           ;
; AB20     ; 225        ; 7        ; RESERVED_INPUT                           ;        ;              ;         ; Column I/O ;                 ; no       ; Off          ;
; AB21     ; 242        ; 7        ; LEDR[2]                                  ; output ; 3.3-V LVTTL  ;         ; Column I/O ; Y               ; no       ; Off          ;
; AB22     ;            ; 7        ; VCCIO7                                   ; power  ;              ; 3.3V    ; --         ;                 ; --       ; --           ;
; AB23     ; 258        ; 6        ; HEX2[0]                                  ; output ; 3.3-V LVTTL  ;         ; Row I/O    ; Y               ; no       ; Off          ;
; AB24     ; 257        ; 6        ; HEX1[6]                                  ; output ; 3.3-V LVTTL  ;         ; Row I/O    ; Y               ; no       ; Off          ;
; AB25     ; 263        ; 6        ; HEX2[5]                                  ; output ; 3.3-V LVTTL  ;         ; Row I/O    ; Y               ; no       ; Off          ;
; AB26     ; 262        ; 6        ; HEX2[4]                                  ; output ; 3.3-V LVTTL  ;         ; Row I/O    ; Y               ; no       ; Off          ;
; AC1      ; 119        ; 1        ; RESERVED_INPUT                           ;        ;              ;         ; Row I/O    ;                 ; no       ; Off          ;
; AC2      ; 118        ; 1        ; RESERVED_INPUT                           ;        ;              ;         ; Row I/O    ;                 ; no       ; Off          ;
; AC3      ; 128        ; 1        ; RESERVED_INPUT                           ;        ;              ;         ; Row I/O    ;                 ; no       ; Off          ;
; AC4      ;            ;          ; GND                                      ; gnd    ;              ;         ; --         ;                 ; --       ; --           ;
; AC5      ; 133        ; 8        ; RESERVED_INPUT                           ;        ;              ;         ; Column I/O ;                 ; no       ; Off          ;
; AC6      ; 134        ; 8        ; RESERVED_INPUT                           ;        ;              ;         ; Column I/O ;                 ; no       ; Off          ;
; AC7      ; 143        ; 8        ; RESERVED_INPUT                           ;        ;              ;         ; Column I/O ;                 ; --       ; --           ;
; AC8      ; 148        ; 8        ; RESERVED_INPUT                           ;        ;              ;         ; Column I/O ;                 ; no       ; Off          ;
; AC9      ; 163        ; 8        ; RESERVED_INPUT                           ;        ;              ;         ; Column I/O ;                 ; no       ; Off          ;
; AC10     ; 164        ; 8        ; RESERVED_INPUT                           ;        ;              ;         ; Column I/O ;                 ; no       ; Off          ;
; AC11     ; 168        ; 8        ; RESERVED_INPUT                           ;        ;              ;         ; Column I/O ;                 ; no       ; Off          ;
; AC12     ; 172        ; 8        ; HEX0[2]                                  ; output ; 3.3-V LVTTL  ;         ; Column I/O ; Y               ; no       ; Off          ;
; AC13     ; 185        ; 8        ; SW[6]                                    ; input  ; 3.3-V LVTTL  ;         ; Column I/O ; Y               ; no       ; Off          ;
; AC14     ; 191        ; 7        ; LEDR[11]                                 ; output ; 3.3-V LVTTL  ;         ; Column I/O ; Y               ; no       ; Off          ;
; AC15     ; 199        ; 7        ; RESERVED_INPUT                           ;        ;              ;         ; Column I/O ;                 ; no       ; Off          ;
; AC16     ; 202        ; 7        ; RESERVED_INPUT                           ;        ;              ;         ; Column I/O ;                 ; --       ; --           ;
; AC17     ; 207        ; 7        ; RESERVED_INPUT                           ;        ;              ;         ; Column I/O ;                 ; no       ; Off          ;
; AC18     ; 216        ; 7        ; RESERVED_INPUT                           ;        ;              ;         ; Column I/O ;                 ; no       ; Off          ;
; AC19     ; 222        ; 7        ; RESERVED_INPUT                           ;        ;              ;         ; Column I/O ;                 ; no       ; Off          ;
; AC20     ; 226        ; 7        ; RESERVED_INPUT                           ;        ;              ;         ; Column I/O ;                 ; no       ; Off          ;
; AC21     ; 237        ; 7        ; LEDR[7]                                  ; output ; 3.3-V LVTTL  ;         ; Column I/O ; Y               ; no       ; Off          ;
; AC22     ; 241        ; 7        ; LEDR[3]                                  ; output ; 3.3-V LVTTL  ;         ; Column I/O ; Y               ; no       ; Off          ;
; AC23     ; 245        ; 6        ; RESERVED_INPUT                           ;        ;              ;         ; Row I/O    ;                 ; no       ; Off          ;
; AC24     ;            ;          ; NC                                       ;        ;              ;         ; --         ;                 ; --       ; --           ;
; AC25     ; 260        ; 6        ; HEX2[2]                                  ; output ; 3.3-V LVTTL  ;         ; Row I/O    ; Y               ; no       ; Off          ;
; AC26     ; 261        ; 6        ; HEX2[3]                                  ; output ; 3.3-V LVTTL  ;         ; Row I/O    ; Y               ; no       ; Off          ;
; AD1      ;            ; 1        ; VCCIO1                                   ; power  ;              ; 3.3V    ; --         ;                 ; --       ; --           ;
; AD2      ; 122        ; 1        ; RESERVED_INPUT                           ;        ;              ;         ; Row I/O    ;                 ; no       ; Off          ;
; AD3      ; 123        ; 1        ; RESERVED_INPUT                           ;        ;              ;         ; Row I/O    ;                 ; no       ; Off          ;
; AD4      ; 135        ; 8        ; RESERVED_INPUT                           ;        ;              ;         ; Column I/O ;                 ; no       ; Off          ;
; AD5      ; 136        ; 8        ; RESERVED_INPUT                           ;        ;              ;         ; Column I/O ;                 ; no       ; Off          ;
; AD6      ; 139        ; 8        ; RESERVED_INPUT                           ;        ;              ;         ; Column I/O ;                 ; no       ; Off          ;
; AD7      ; 140        ; 8        ; RESERVED_INPUT                           ;        ;              ;         ; Column I/O ;                 ; no       ; Off          ;
; AD8      ; 149        ; 8        ; RESERVED_INPUT                           ;        ;              ;         ; Column I/O ;                 ; no       ; Off          ;
; AD9      ;            ;          ; GND                                      ; gnd    ;              ;         ; --         ;                 ; --       ; --           ;
; AD10     ; 167        ; 8        ; RESERVED_INPUT                           ;        ;              ;         ; Column I/O ;                 ; no       ; Off          ;
; AD11     ; 173        ; 8        ; HEX0[3]                                  ; output ; 3.3-V LVTTL  ;         ; Column I/O ; Y               ; no       ; Off          ;
; AD12     ; 181        ; 8        ; LEDR[17]                                 ; output ; 3.3-V LVTTL  ;         ; Column I/O ; Y               ; no       ; Off          ;
; AD13     ; 186        ; 8        ; SW[5]                                    ; input  ; 3.3-V LVTTL  ;         ; Column I/O ; Y               ; no       ; Off          ;
; AD14     ;            ;          ; GND                                      ; gnd    ;              ;         ; --         ;                 ; --       ; --           ;
; AD15     ; 190        ; 7        ; LEDR[12]                                 ; output ; 3.3-V LVTTL  ;         ; Column I/O ; Y               ; no       ; Off          ;
; AD16     ; 201        ; 7        ; RESERVED_INPUT                           ;        ;              ;         ; Column I/O ;                 ; no       ; Off          ;
; AD17     ; 208        ; 7        ; RESERVED_INPUT                           ;        ;              ;         ; Column I/O ;                 ; no       ; Off          ;
; AD18     ;            ;          ; GND                                      ; gnd    ;              ;         ; --         ;                 ; --       ; --           ;
; AD19     ; 221        ; 7        ; RESERVED_INPUT                           ;        ;              ;         ; Column I/O ;                 ; no       ; Off          ;
; AD20     ;            ; 7        ; VCCIO7                                   ; power  ;              ; 3.3V    ; --         ;                 ; --       ; --           ;
; AD21     ; 238        ; 7        ; LEDR[6]                                  ; output ; 3.3-V LVTTL  ;         ; Column I/O ; Y               ; no       ; Off          ;
; AD22     ; 240        ; 7        ; LEDR[4]                                  ; output ; 3.3-V LVTTL  ;         ; Column I/O ; Y               ; no       ; Off          ;
; AD23     ; 239        ; 7        ; LEDR[5]                                  ; output ; 3.3-V LVTTL  ;         ; Column I/O ; Y               ; no       ; Off          ;
; AD24     ; 249        ; 6        ; RESERVED_INPUT                           ;        ;              ;         ; Row I/O    ;                 ; no       ; Off          ;
; AD25     ; 248        ; 6        ; RESERVED_INPUT                           ;        ;              ;         ; Row I/O    ;                 ; no       ; Off          ;
; AD26     ;            ; 6        ; VCCIO6                                   ; power  ;              ; 3.3V    ; --         ;                 ; --       ; --           ;
; AE1      ;            ;          ; GND                                      ; gnd    ;              ;         ; --         ;                 ; --       ; --           ;
; AE2      ; 124        ; 1        ; RESERVED_INPUT                           ;        ;              ;         ; Row I/O    ;                 ; no       ; Off          ;
; AE3      ; 125        ; 1        ; RESERVED_INPUT                           ;        ;              ;         ; Row I/O    ;                 ; no       ; Off          ;
; AE4      ; 131        ; 8        ; RESERVED_INPUT                           ;        ;              ;         ; Column I/O ;                 ; no       ; Off          ;
; AE5      ; 137        ; 8        ; RESERVED_INPUT                           ;        ;              ;         ; Column I/O ;                 ; no       ; Off          ;
; AE6      ; 150        ; 8        ; RESERVED_INPUT                           ;        ;              ;         ; Column I/O ;                 ; no       ; Off          ;
; AE7      ; 157        ; 8        ; RESERVED_INPUT                           ;        ;              ;         ; Column I/O ;                 ; no       ; Off          ;
; AE8      ; 159        ; 8        ; RESERVED_INPUT                           ;        ;              ;         ; Column I/O ;                 ; no       ; Off          ;
; AE9      ; 165        ; 8        ; RESERVED_INPUT                           ;        ;              ;         ; Column I/O ;                 ; no       ; Off          ;
; AE10     ; 169        ; 8        ; RESERVED_INPUT                           ;        ;              ;         ; Column I/O ;                 ; no       ; Off          ;
; AE11     ; 174        ; 8        ; HEX0[4]                                  ; output ; 3.3-V LVTTL  ;         ; Column I/O ; Y               ; no       ; Off          ;
; AE12     ; 182        ; 8        ; LEDR[16]                                 ; output ; 3.3-V LVTTL  ;         ; Column I/O ; Y               ; no       ; Off          ;
; AE13     ; 183        ; 8        ; LEDR[15]                                 ; output ; 3.3-V LVTTL  ;         ; Column I/O ; Y               ; no       ; Off          ;
; AE14     ; 188        ; 7        ; SW[3]                                    ; input  ; 3.3-V LVTTL  ;         ; Column I/O ; Y               ; no       ; Off          ;
; AE15     ; 189        ; 7        ; LEDR[13]                                 ; output ; 3.3-V LVTTL  ;         ; Column I/O ; Y               ; no       ; Off          ;
; AE16     ; 200        ; 7        ; RESERVED_INPUT                           ;        ;              ;         ; Column I/O ;                 ; no       ; Off          ;
; AE17     ; 206        ; 7        ; RESERVED_INPUT                           ;        ;              ;         ; Column I/O ;                 ; no       ; Off          ;
; AE18     ; 212        ; 7        ; RESERVED_INPUT                           ;        ;              ;         ; Column I/O ;                 ; no       ; Off          ;
; AE19     ; 214        ; 7        ; RESERVED_INPUT                           ;        ;              ;         ; Column I/O ;                 ; no       ; Off          ;
; AE20     ; 224        ; 7        ; RESERVED_INPUT                           ;        ;              ;         ; Column I/O ;                 ; no       ; Off          ;
; AE21     ; 228        ; 7        ; RESERVED_INPUT                           ;        ;              ;         ; Column I/O ;                 ; no       ; Off          ;
; AE22     ; 236        ; 7        ; LEDG[0]                                  ; output ; 3.3-V LVTTL  ;         ; Column I/O ; Y               ; no       ; Off          ;
; AE23     ; 244        ; 7        ; LEDR[0]                                  ; output ; 3.3-V LVTTL  ;         ; Column I/O ; Y               ; no       ; Off          ;
; AE24     ; 247        ; 6        ; RESERVED_INPUT                           ;        ;              ;         ; Row I/O    ;                 ; no       ; Off          ;
; AE25     ; 246        ; 6        ; RESERVED_INPUT                           ;        ;              ;         ; Row I/O    ;                 ; no       ; Off          ;
; AE26     ;            ;          ; GND                                      ; gnd    ;              ;         ; --         ;                 ; --       ; --           ;
; AF2      ;            ;          ; GND                                      ; gnd    ;              ;         ; --         ;                 ; --       ; --           ;
; AF3      ;            ; 8        ; VCCIO8                                   ; power  ;              ; 3.3V    ; --         ;                 ; --       ; --           ;
; AF4      ; 132        ; 8        ; RESERVED_INPUT                           ;        ;              ;         ; Column I/O ;                 ; no       ; Off          ;
; AF5      ; 138        ; 8        ; RESERVED_INPUT                           ;        ;              ;         ; Column I/O ;                 ; no       ; Off          ;
; AF6      ; 151        ; 8        ; RESERVED_INPUT                           ;        ;              ;         ; Column I/O ;                 ; no       ; Off          ;
; AF7      ; 158        ; 8        ; RESERVED_INPUT                           ;        ;              ;         ; Column I/O ;                 ; no       ; Off          ;
; AF8      ; 160        ; 8        ; RESERVED_INPUT                           ;        ;              ;         ; Column I/O ;                 ; no       ; Off          ;
; AF9      ; 166        ; 8        ; RESERVED_INPUT                           ;        ;              ;         ; Column I/O ;                 ; no       ; Off          ;
; AF10     ; 170        ; 8        ; HEX0[0]                                  ; output ; 3.3-V LVTTL  ;         ; Column I/O ; Y               ; no       ; Off          ;
; AF11     ;            ; 8        ; VCCIO8                                   ; power  ;              ; 3.3V    ; --         ;                 ; --       ; --           ;
; AF12     ;            ;          ; GND                                      ; gnd    ;              ;         ; --         ;                 ; --       ; --           ;
; AF13     ; 184        ; 8        ; LEDR[14]                                 ; output ; 3.3-V LVTTL  ;         ; Column I/O ; Y               ; no       ; Off          ;
; AF14     ; 187        ; 7        ; SW[4]                                    ; input  ; 3.3-V LVTTL  ;         ; Column I/O ; Y               ; no       ; Off          ;
; AF15     ;            ;          ; GND                                      ; gnd    ;              ;         ; --         ;                 ; --       ; --           ;
; AF16     ;            ; 7        ; VCCIO7                                   ; power  ;              ; 3.3V    ; --         ;                 ; --       ; --           ;
; AF17     ; 205        ; 7        ; RESERVED_INPUT                           ;        ;              ;         ; Column I/O ;                 ; no       ; Off          ;
; AF18     ; 211        ; 7        ; RESERVED_INPUT                           ;        ;              ;         ; Column I/O ;                 ; no       ; Off          ;
; AF19     ; 213        ; 7        ; RESERVED_INPUT                           ;        ;              ;         ; Column I/O ;                 ; no       ; Off          ;
; AF20     ; 223        ; 7        ; RESERVED_INPUT                           ;        ;              ;         ; Column I/O ;                 ; no       ; Off          ;
; AF21     ; 227        ; 7        ; RESERVED_INPUT                           ;        ;              ;         ; Column I/O ;                 ; no       ; Off          ;
; AF22     ; 235        ; 7        ; LEDG[1]                                  ; output ; 3.3-V LVTTL  ;         ; Column I/O ; Y               ; no       ; Off          ;
; AF23     ; 243        ; 7        ; LEDR[1]                                  ; output ; 3.3-V LVTTL  ;         ; Column I/O ; Y               ; no       ; Off          ;
; AF24     ;            ; 7        ; VCCIO7                                   ; power  ;              ; 3.3V    ; --         ;                 ; --       ; --           ;
; AF25     ;            ;          ; GND                                      ; gnd    ;              ;         ; --         ;                 ; --       ; --           ;
; B1       ;            ;          ; GND                                      ; gnd    ;              ;         ; --         ;                 ; --       ; --           ;
; B2       ; 2          ; 2        ; RESERVED_INPUT                           ;        ;              ;         ; Row I/O    ;                 ; no       ; Off          ;
; B3       ; 3          ; 2        ; RESERVED_INPUT                           ;        ;              ;         ; Row I/O    ;                 ; no       ; Off          ;
; B4       ; 483        ; 3        ; RESERVED_INPUT                           ;        ;              ;         ; Column I/O ;                 ; no       ; Off          ;
; B5       ; 481        ; 3        ; RESERVED_INPUT                           ;        ;              ;         ; Column I/O ;                 ; no       ; Off          ;
; B6       ; 480        ; 3        ; RESERVED_INPUT                           ;        ;              ;         ; Column I/O ;                 ; no       ; Off          ;
; B7       ; 466        ; 3        ; RESERVED_INPUT                           ;        ;              ;         ; Column I/O ;                 ; no       ; Off          ;
; B8       ; 458        ; 3        ; RESERVED_INPUT                           ;        ;              ;         ; Column I/O ;                 ; no       ; Off          ;
; B9       ; 452        ; 3        ; RESERVED_INPUT                           ;        ;              ;         ; Column I/O ;                 ; no       ; Off          ;
; B10      ; 448        ; 3        ; RESERVED_INPUT                           ;        ;              ;         ; Column I/O ;                 ; no       ; Off          ;
; B11      ; 435        ; 3        ; RESERVED_INPUT                           ;        ;              ;         ; Column I/O ;                 ; no       ; Off          ;
; B12      ; 433        ; 3        ; RESERVED_INPUT                           ;        ;              ;         ; Column I/O ;                 ; no       ; Off          ;
; B13      ; 429        ; 4        ; SW[8]                                    ; input  ; 3.3-V LVTTL  ;         ; Column I/O ; Y               ; no       ; Off          ;
; B14      ; 428        ; 4        ; RESERVED_INPUT                           ;        ;              ;         ; Column I/O ;                 ; no       ; Off          ;
; B15      ; 420        ; 4        ; RESERVED_INPUT                           ;        ;              ;         ; Column I/O ;                 ; no       ; Off          ;
; B16      ; 419        ; 4        ; RESERVED_INPUT                           ;        ;              ;         ; Column I/O ;                 ; no       ; Off          ;
; B17      ; 411        ; 4        ; RESERVED_INPUT                           ;        ;              ;         ; Column I/O ;                 ; no       ; Off          ;
; B18      ; 405        ; 4        ; RESERVED_INPUT                           ;        ;              ;         ; Column I/O ;                 ; no       ; Off          ;
; B19      ; 393        ; 4        ; RESERVED_INPUT                           ;        ;              ;         ; Column I/O ;                 ; no       ; Off          ;
; B20      ; 389        ; 4        ; RESERVED_INPUT                           ;        ;              ;         ; Column I/O ;                 ; no       ; Off          ;
; B21      ; 381        ; 4        ; RESERVED_INPUT                           ;        ;              ;         ; Column I/O ;                 ; no       ; Off          ;
; B22      ; 380        ; 4        ; RESERVED_INPUT                           ;        ;              ;         ; Column I/O ;                 ; no       ; Off          ;
; B23      ; 377        ; 4        ; RESERVED_INPUT                           ;        ;              ;         ; Column I/O ;                 ; no       ; Off          ;
; B24      ; 363        ; 5        ; RESERVED_INPUT                           ;        ;              ;         ; Row I/O    ;                 ; no       ; Off          ;
; B25      ; 362        ; 5        ; UART_TXD                                 ; output ; 3.3-V LVTTL  ;         ; Row I/O    ; Y               ; no       ; Off          ;
; B26      ;            ;          ; GND                                      ; gnd    ;              ;         ; --         ;                 ; --       ; --           ;
; C1       ;            ; 2        ; VCCIO2                                   ; power  ;              ; 3.3V    ; --         ;                 ; --       ; --           ;
; C2       ; 6          ; 2        ; RESERVED_INPUT                           ;        ;              ;         ; Row I/O    ;                 ; no       ; Off          ;
; C3       ; 7          ; 2        ; RESERVED_INPUT                           ;        ;              ;         ; Row I/O    ;                 ; no       ; Off          ;
; C4       ; 478        ; 3        ; RESERVED_INPUT                           ;        ;              ;         ; Column I/O ;                 ; no       ; Off          ;
; C5       ; 486        ; 3        ; RESERVED_INPUT                           ;        ;              ;         ; Column I/O ;                 ; no       ; Off          ;
; C6       ; 485        ; 3        ; RESERVED_INPUT                           ;        ;              ;         ; Column I/O ;                 ; no       ; Off          ;
; C7       ; 468        ; 3        ; RESERVED_INPUT                           ;        ;              ;         ; Column I/O ;                 ; no       ; Off          ;
; C8       ; 463        ; 3        ; RESERVED_INPUT                           ;        ;              ;         ; Column I/O ;                 ; no       ; Off          ;
; C9       ; 459        ; 3        ; RESERVED_INPUT                           ;        ;              ;         ; Column I/O ;                 ; no       ; Off          ;
; C10      ; 450        ; 3        ; RESERVED_INPUT                           ;        ;              ;         ; Column I/O ;                 ; no       ; Off          ;
; C11      ; 436        ; 3        ; RESERVED_INPUT                           ;        ;              ;         ; Column I/O ;                 ; no       ; Off          ;
; C12      ; 434        ; 3        ; RESERVED_INPUT                           ;        ;              ;         ; Column I/O ;                 ; no       ; Off          ;
; C13      ; 431        ; 3        ; SW[7]                                    ; input  ; 3.3-V LVTTL  ;         ; Column I/O ; Y               ; no       ; Off          ;
; C14      ;            ;          ; GND                                      ; gnd    ;              ;         ; --         ;                 ; --       ; --           ;
; C15      ; 421        ; 4        ; RESERVED_INPUT                           ;        ;              ;         ; Column I/O ;                 ; no       ; Off          ;
; C16      ; 418        ; 4        ; RESERVED_INPUT                           ;        ;              ;         ; Column I/O ;                 ; no       ; Off          ;
; C17      ; 404        ; 4        ; RESERVED_INPUT                           ;        ;              ;         ; Column I/O ;                 ; no       ; Off          ;
; C18      ;            ;          ; GND                                      ; gnd    ;              ;         ; --         ;                 ; --       ; --           ;
; C19      ; 391        ; 4        ; RESERVED_INPUT                           ;        ;              ;         ; Column I/O ;                 ; no       ; Off          ;
; C20      ;            ; 4        ; VCCIO4                                   ; power  ;              ; 3.3V    ; --         ;                 ; --       ; --           ;
; C21      ; 375        ; 4        ; RESERVED_INPUT                           ;        ;              ;         ; Column I/O ;                 ; no       ; Off          ;
; C22      ; 374        ; 4        ; RESERVED_INPUT                           ;        ;              ;         ; Column I/O ;                 ; no       ; Off          ;
; C23      ; 373        ; 4        ; RESERVED_INPUT                           ;        ;              ;         ; Column I/O ;                 ; no       ; Off          ;
; C24      ; 360        ; 5        ; RESERVED_INPUT                           ;        ;              ;         ; Row I/O    ;                 ; no       ; Off          ;
; C25      ; 361        ; 5        ; UART_RXD                                 ; input  ; 3.3-V LVTTL  ;         ; Row I/O    ; Y               ; no       ; Off          ;
; C26      ;            ; 5        ; VCCIO5                                   ; power  ;              ; 3.3V    ; --         ;                 ; --       ; --           ;
; D1       ; 13         ; 2        ; RESERVED_INPUT                           ;        ;              ;         ; Row I/O    ;                 ; no       ; Off          ;
; D2       ; 12         ; 2        ; RESERVED_INPUT                           ;        ;              ;         ; Row I/O    ;                 ; no       ; Off          ;
; D3       ; 1          ; 2        ; ~nCSO~ / RESERVED_INPUT_WITH_WEAK_PULLUP ; input  ; 3.3-V LVTTL  ;         ; Row I/O    ; N               ; no       ; On           ;
; D4       ;            ;          ; GND                                      ; gnd    ;              ;         ; --         ;                 ; --       ; --           ;
; D5       ; 477        ; 3        ; RESERVED_INPUT                           ;        ;              ;         ; Column I/O ;                 ; no       ; Off          ;
; D6       ; 467        ; 3        ; RESERVED_INPUT                           ;        ;              ;         ; Column I/O ;                 ; no       ; Off          ;
; D7       ; 469        ; 3        ; RESERVED_INPUT                           ;        ;              ;         ; Column I/O ;                 ; no       ; Off          ;
; D8       ; 464        ; 3        ; RESERVED_INPUT                           ;        ;              ;         ; Column I/O ;                 ; no       ; Off          ;
; D9       ; 460        ; 3        ; RESERVED_INPUT                           ;        ;              ;         ; Column I/O ;                 ; no       ; Off          ;
; D10      ; 449        ; 3        ; RESERVED_INPUT                           ;        ;              ;         ; Column I/O ;                 ; no       ; Off          ;
; D11      ; 445        ; 3        ; RESERVED_INPUT                           ;        ;              ;         ; Column I/O ;                 ; --       ; --           ;
; D12      ; 443        ; 3        ; RESERVED_INPUT                           ;        ;              ;         ; Column I/O ;                 ; no       ; Off          ;
; D13      ; 432        ; 3        ; GND+                                     ;        ;              ;         ; Column I/O ;                 ; --       ; --           ;
; D14      ; 426        ; 4        ; RESERVED_INPUT                           ;        ;              ;         ; Column I/O ;                 ; no       ; Off          ;
; D15      ; 417        ; 4        ; RESERVED_INPUT                           ;        ;              ;         ; Column I/O ;                 ; no       ; Off          ;
; D16      ; 415        ; 4        ; RESERVED_INPUT                           ;        ;              ;         ; Column I/O ;                 ; --       ; --           ;
; D17      ; 403        ; 4        ; RESERVED_INPUT                           ;        ;              ;         ; Column I/O ;                 ; no       ; Off          ;
; D18      ; 396        ; 4        ; RESERVED_INPUT                           ;        ;              ;         ; Column I/O ;                 ; no       ; Off          ;
; D19      ; 392        ; 4        ; RESERVED_INPUT                           ;        ;              ;         ; Column I/O ;                 ; no       ; Off          ;
; D20      ; 387        ; 4        ; RESERVED_INPUT                           ;        ;              ;         ; Column I/O ;                 ; no       ; Off          ;
; D21      ; 376        ; 4        ; RESERVED_INPUT                           ;        ;              ;         ; Column I/O ;                 ; no       ; Off          ;
; D22      ;            ; 4        ; VCCIO4                                   ; power  ;              ; 3.3V    ; --         ;                 ; --       ; --           ;
; D23      ; 369        ; 5        ; RESERVED_INPUT                           ;        ;              ;         ; Row I/O    ;                 ; no       ; Off          ;
; D24      ;            ;          ; GND                                      ; gnd    ;              ;         ; --         ;                 ; --       ; --           ;
; D25      ; 358        ; 5        ; GPIO_0[0]                                ; bidir  ; 3.3-V LVTTL  ;         ; Row I/O    ; Y               ; no       ; Off          ;
; D26      ; 359        ; 5        ; RESERVED_INPUT                           ;        ;              ;         ; Row I/O    ;                 ; no       ; Off          ;
; E1       ; 20         ; 2        ; RESERVED_INPUT                           ;        ;              ;         ; Row I/O    ;                 ; no       ; Off          ;
; E2       ; 19         ; 2        ; RESERVED_INPUT                           ;        ;              ;         ; Row I/O    ;                 ; no       ; Off          ;
; E3       ; 0          ; 2        ; ~ASDO~ / RESERVED_INPUT_WITH_WEAK_PULLUP ; input  ; 3.3-V LVTTL  ;         ; Row I/O    ; N               ; no       ; On           ;
; E4       ;            ;          ; GND_PLL3                                 ; gnd    ;              ;         ; --         ;                 ; --       ; --           ;
; E5       ; 4          ; 2        ; RESERVED_INPUT                           ;        ;              ;         ; Row I/O    ;                 ; no       ; Off          ;
; E6       ;            ; 3        ; VCCIO3                                   ; power  ;              ; 3.3V    ; --         ;                 ; --       ; --           ;
; E7       ;            ;          ; GND                                      ; gnd    ;              ;         ; --         ;                 ; --       ; --           ;
; E8       ; 474        ; 3        ; RESERVED_INPUT                           ;        ;              ;         ; Column I/O ;                 ; --       ; --           ;
; E9       ;            ; 3        ; VCCIO3                                   ; power  ;              ; 3.3V    ; --         ;                 ; --       ; --           ;
; E10      ; 453        ; 3        ; RESERVED_INPUT                           ;        ;              ;         ; Column I/O ;                 ; no       ; Off          ;
; E11      ;            ;          ; GND                                      ; gnd    ;              ;         ; --         ;                 ; --       ; --           ;
; E12      ; 444        ; 3        ; RESERVED_INPUT                           ;        ;              ;         ; Column I/O ;                 ; no       ; Off          ;
; E13      ;            ; 3        ; VCCIO3                                   ; power  ;              ; 3.3V    ; --         ;                 ; --       ; --           ;
; E14      ;            ; 4        ; VCCIO4                                   ; power  ;              ; 3.3V    ; --         ;                 ; --       ; --           ;
; E15      ; 416        ; 4        ; RESERVED_INPUT                           ;        ;              ;         ; Column I/O ;                 ; no       ; Off          ;
; E16      ;            ;          ; GND                                      ; gnd    ;              ;         ; --         ;                 ; --       ; --           ;
; E17      ;            ; 4        ; VCCIO4                                   ; power  ;              ; 3.3V    ; --         ;                 ; --       ; --           ;
; E18      ; 395        ; 4        ; RESERVED_INPUT                           ;        ;              ;         ; Column I/O ;                 ; no       ; Off          ;
; E19      ;            ;          ; GND                                      ; gnd    ;              ;         ; --         ;                 ; --       ; --           ;
; E20      ; 388        ; 4        ; RESERVED_INPUT                           ;        ;              ;         ; Column I/O ;                 ; --       ; --           ;
; E21      ;            ;          ; GND_PLL2                                 ; gnd    ;              ;         ; --         ;                 ; --       ; --           ;
; E22      ; 370        ; 5        ; RESERVED_INPUT                           ;        ;              ;         ; Row I/O    ;                 ; no       ; Off          ;
; E23      ; 365        ; 5        ; RESERVED_INPUT                           ;        ;              ;         ; Row I/O    ;                 ; no       ; Off          ;
; E24      ; 364        ; 5        ; RESERVED_INPUT                           ;        ;              ;         ; Row I/O    ;                 ; no       ; Off          ;
; E25      ; 355        ; 5        ; GPIO_0[3]                                ; bidir  ; 3.3-V LVTTL  ;         ; Row I/O    ; Y               ; no       ; Off          ;
; E26      ; 356        ; 5        ; GPIO_0[2]                                ; bidir  ; 3.3-V LVTTL  ;         ; Row I/O    ; Y               ; no       ; Off          ;
; F1       ; 29         ; 2        ; RESERVED_INPUT                           ;        ;              ;         ; Row I/O    ;                 ; no       ; Off          ;
; F2       ; 28         ; 2        ; RESERVED_INPUT                           ;        ;              ;         ; Row I/O    ;                 ; no       ; Off          ;
; F3       ; 10         ; 2        ; RESERVED_INPUT                           ;        ;              ;         ; Row I/O    ;                 ; no       ; Off          ;
; F4       ; 11         ; 2        ; RESERVED_INPUT                           ;        ;              ;         ; Row I/O    ;                 ; no       ; Off          ;
; F5       ;            ; 2        ; VCCIO2                                   ; power  ;              ; 3.3V    ; --         ;                 ; --       ; --           ;
; F6       ; 5          ; 2        ; RESERVED_INPUT                           ;        ;              ;         ; Row I/O    ;                 ; no       ; Off          ;
; F7       ; 14         ; 2        ; RESERVED_INPUT                           ;        ;              ;         ; Row I/O    ;                 ; no       ; Off          ;
; F8       ;            ;          ; GNDA_PLL3                                ; gnd    ;              ;         ; --         ;                 ; --       ; --           ;
; F9       ; 470        ; 3        ; RESERVED_INPUT                           ;        ;              ;         ; Column I/O ;                 ; no       ; Off          ;
; F10      ; 462        ; 3        ; RESERVED_INPUT                           ;        ;              ;         ; Column I/O ;                 ; no       ; Off          ;
; F11      ; 454        ; 3        ; RESERVED_INPUT                           ;        ;              ;         ; Column I/O ;                 ; no       ; Off          ;
; F12      ; 440        ; 3        ; RESERVED_INPUT                           ;        ;              ;         ; Column I/O ;                 ; no       ; Off          ;
; F13      ; 423        ; 4        ; RESERVED_INPUT                           ;        ;              ;         ; Column I/O ;                 ; no       ; Off          ;
; F14      ; 425        ; 4        ; RESERVED_INPUT                           ;        ;              ;         ; Column I/O ;                 ; no       ; Off          ;
; F15      ; 409        ; 4        ; RESERVED_INPUT                           ;        ;              ;         ; Column I/O ;                 ; no       ; Off          ;
; F16      ; 408        ; 4        ; RESERVED_INPUT                           ;        ;              ;         ; Column I/O ;                 ; no       ; Off          ;
; F17      ; 401        ; 4        ; RESERVED_INPUT                           ;        ;              ;         ; Column I/O ;                 ; no       ; Off          ;
; F18      ; 398        ; 4        ; RESERVED_INPUT                           ;        ;              ;         ; Column I/O ;                 ; no       ; Off          ;
; F19      ;            ;          ; GNDA_PLL2                                ; gnd    ;              ;         ; --         ;                 ; --       ; --           ;
; F20      ; 372        ; 5        ; RESERVED_INPUT                           ;        ;              ;         ; Row I/O    ;                 ; no       ; Off          ;
; F21      ; 371        ; 5        ; RESERVED_INPUT                           ;        ;              ;         ; Row I/O    ;                 ; no       ; Off          ;
; F22      ;            ; 5        ; VCCIO5                                   ; power  ;              ; 3.3V    ; --         ;                 ; --       ; --           ;
; F23      ; 353        ; 5        ; GPIO_0[5]                                ; bidir  ; 3.3-V LVTTL  ;         ; Row I/O    ; Y               ; no       ; Off          ;
; F24      ; 354        ; 5        ; GPIO_0[4]                                ; bidir  ; 3.3-V LVTTL  ;         ; Row I/O    ; Y               ; no       ; Off          ;
; F25      ; 350        ; 5        ; GPIO_0[8]                                ; bidir  ; 3.3-V LVTTL  ;         ; Row I/O    ; Y               ; no       ; Off          ;
; F26      ; 349        ; 5        ; GPIO_0[9]                                ; bidir  ; 3.3-V LVTTL  ;         ; Row I/O    ; Y               ; no       ; Off          ;
; G1       ; 30         ; 2        ; RESERVED_INPUT                           ;        ;              ;         ; Row I/O    ;                 ; no       ; Off          ;
; G2       ; 31         ; 2        ; RESERVED_INPUT                           ;        ;              ;         ; Row I/O    ;                 ; no       ; Off          ;
; G3       ; 24         ; 2        ; RESERVED_INPUT                           ;        ;              ;         ; Row I/O    ;                 ; no       ; Off          ;
; G4       ; 23         ; 2        ; RESERVED_INPUT                           ;        ;              ;         ; Row I/O    ;                 ; no       ; Off          ;
; G5       ; 8          ; 2        ; RESERVED_INPUT                           ;        ;              ;         ; Row I/O    ;                 ; no       ; Off          ;
; G6       ; 9          ; 2        ; RESERVED_INPUT                           ;        ;              ;         ; Row I/O    ;                 ; no       ; Off          ;
; G7       ;            ;          ; GND_PLL3                                 ; gnd    ;              ;         ; --         ;                 ; --       ; --           ;
; G8       ;            ;          ; VCCA_PLL3                                ; power  ;              ; 1.2V    ; --         ;                 ; --       ; --           ;
; G9       ; 471        ; 3        ; RESERVED_INPUT                           ;        ;              ;         ; Column I/O ;                 ; no       ; Off          ;
; G10      ; 461        ; 3        ; RESERVED_INPUT                           ;        ;              ;         ; Column I/O ;                 ; no       ; Off          ;
; G11      ; 446        ; 3        ; RESERVED_INPUT                           ;        ;              ;         ; Column I/O ;                 ; no       ; Off          ;
; G12      ; 439        ; 3        ; RESERVED_INPUT                           ;        ;              ;         ; Column I/O ;                 ; no       ; Off          ;
; G13      ; 422        ; 4        ; RESERVED_INPUT                           ;        ;              ;         ; Column I/O ;                 ; no       ; Off          ;
; G14      ; 424        ; 4        ; RESERVED_INPUT                           ;        ;              ;         ; Column I/O ;                 ; no       ; Off          ;
; G15      ; 410        ; 4        ; RESERVED_INPUT                           ;        ;              ;         ; Column I/O ;                 ; no       ; Off          ;
; G16      ; 407        ; 4        ; RESERVED_INPUT                           ;        ;              ;         ; Column I/O ;                 ; no       ; Off          ;
; G17      ; 402        ; 4        ; RESERVED_INPUT                           ;        ;              ;         ; Column I/O ;                 ; no       ; Off          ;
; G18      ; 397        ; 4        ; RESERVED_INPUT                           ;        ;              ;         ; Column I/O ;                 ; no       ; Off          ;
; G19      ;            ;          ; VCCA_PLL2                                ; power  ;              ; 1.2V    ; --         ;                 ; --       ; --           ;
; G20      ;            ;          ; GND_PLL2                                 ; gnd    ;              ;         ; --         ;                 ; --       ; --           ;
; G21      ; 368        ; 5        ; RESERVED_INPUT                           ;        ;              ;         ; Row I/O    ;                 ; no       ; Off          ;
; G22      ; 367        ; 5        ; RESERVED_INPUT                           ;        ;              ;         ; Row I/O    ;                 ; no       ; Off          ;
; G23      ; 346        ; 5        ; GPIO_0[12]                               ; bidir  ; 3.3-V LVTTL  ;         ; Row I/O    ; Y               ; no       ; Off          ;
; G24      ; 345        ; 5        ; GPIO_0[13]                               ; bidir  ; 3.3-V LVTTL  ;         ; Row I/O    ; Y               ; no       ; Off          ;
; G25      ; 343        ; 5        ; GPIO_0[15]                               ; bidir  ; 3.3-V LVTTL  ;         ; Row I/O    ; Y               ; no       ; Off          ;
; G26      ; 342        ; 5        ; KEY[0]                                   ; input  ; 3.3-V LVTTL  ;         ; Row I/O    ; Y               ; no       ; Off          ;
; H1       ; 37         ; 2        ; RESERVED_INPUT                           ;        ;              ;         ; Row I/O    ;                 ; no       ; Off          ;
; H2       ; 36         ; 2        ; RESERVED_INPUT                           ;        ;              ;         ; Row I/O    ;                 ; no       ; Off          ;
; H3       ; 32         ; 2        ; RESERVED_INPUT                           ;        ;              ;         ; Row I/O    ;                 ; no       ; Off          ;
; H4       ; 33         ; 2        ; RESERVED_INPUT                           ;        ;              ;         ; Row I/O    ;                 ; no       ; Off          ;
; H5       ;            ;          ; GND                                      ; gnd    ;              ;         ; --         ;                 ; --       ; --           ;
; H6       ; 18         ; 2        ; RESERVED_INPUT                           ;        ;              ;         ; Row I/O    ;                 ; no       ; Off          ;
; H7       ;            ;          ; VCCD_PLL3                                ; power  ;              ; 1.2V    ; --         ;                 ; --       ; --           ;
; H8       ; 473        ; 3        ; RESERVED_INPUT                           ;        ;              ;         ; Column I/O ;                 ; no       ; Off          ;
; H9       ;            ; 3        ; VCCIO3                                   ; power  ;              ; 3.3V    ; --         ;                 ; --       ; --           ;
; H10      ; 472        ; 3        ; RESERVED_INPUT                           ;        ;              ;         ; Column I/O ;                 ; no       ; Off          ;
; H11      ; 456        ; 3        ; RESERVED_INPUT                           ;        ;              ;         ; Column I/O ;                 ; no       ; Off          ;
; H12      ; 455        ; 3        ; RESERVED_INPUT                           ;        ;              ;         ; Column I/O ;                 ; no       ; Off          ;
; H13      ;            ;          ; GND                                      ; gnd    ;              ;         ; --         ;                 ; --       ; --           ;
; H14      ;            ;          ; GND                                      ; gnd    ;              ;         ; --         ;                 ; --       ; --           ;
; H15      ; 414        ; 4        ; RESERVED_INPUT                           ;        ;              ;         ; Column I/O ;                 ; no       ; Off          ;
; H16      ; 413        ; 4        ; RESERVED_INPUT                           ;        ;              ;         ; Column I/O ;                 ; no       ; Off          ;
; H17      ; 400        ; 4        ; RESERVED_INPUT                           ;        ;              ;         ; Column I/O ;                 ; no       ; Off          ;
; H18      ;            ; 4        ; VCCIO4                                   ; power  ;              ; 3.3V    ; --         ;                 ; --       ; --           ;
; H19      ; 335        ; 5        ; GPIO_0[22]                               ; bidir  ; 3.3-V LVTTL  ;         ; Row I/O    ; Y               ; no       ; Off          ;
; H20      ;            ;          ; VCCD_PLL2                                ; power  ;              ; 1.2V    ; --         ;                 ; --       ; --           ;
; H21      ; 366        ; 5        ; RESERVED_INPUT                           ;        ;              ;         ; Row I/O    ;                 ; no       ; Off          ;
; H22      ;            ;          ; GND                                      ; gnd    ;              ;         ; --         ;                 ; --       ; --           ;
; H23      ; 341        ; 5        ; GPIO_0[16]                               ; bidir  ; 3.3-V LVTTL  ;         ; Row I/O    ; Y               ; no       ; Off          ;
; H24      ; 340        ; 5        ; GPIO_0[17]                               ; bidir  ; 3.3-V LVTTL  ;         ; Row I/O    ; Y               ; no       ; Off          ;
; H25      ; 337        ; 5        ; GPIO_0[20]                               ; bidir  ; 3.3-V LVTTL  ;         ; Row I/O    ; Y               ; no       ; Off          ;
; H26      ; 336        ; 5        ; GPIO_0[21]                               ; bidir  ; 3.3-V LVTTL  ;         ; Row I/O    ; Y               ; no       ; Off          ;
; J1       ; 39         ; 2        ; RESERVED_INPUT                           ;        ;              ;         ; Row I/O    ;                 ; no       ; Off          ;
; J2       ; 38         ; 2        ; RESERVED_INPUT                           ;        ;              ;         ; Row I/O    ;                 ; no       ; Off          ;
; J3       ; 34         ; 2        ; RESERVED_INPUT                           ;        ;              ;         ; Row I/O    ;                 ; no       ; Off          ;
; J4       ; 35         ; 2        ; RESERVED_INPUT                           ;        ;              ;         ; Row I/O    ;                 ; no       ; Off          ;
; J5       ; 15         ; 2        ; RESERVED_INPUT                           ;        ;              ;         ; Row I/O    ;                 ; --       ; --           ;
; J6       ; 25         ; 2        ; RESERVED_INPUT                           ;        ;              ;         ; Row I/O    ;                 ; no       ; Off          ;
; J7       ; 17         ; 2        ; RESERVED_INPUT                           ;        ;              ;         ; Row I/O    ;                 ; no       ; Off          ;
; J8       ; 16         ; 2        ; RESERVED_INPUT                           ;        ;              ;         ; Row I/O    ;                 ; no       ; Off          ;
; J9       ; 475        ; 3        ; RESERVED_INPUT                           ;        ;              ;         ; Column I/O ;                 ; no       ; Off          ;
; J10      ; 438        ; 3        ; RESERVED_INPUT                           ;        ;              ;         ; Column I/O ;                 ; no       ; Off          ;
; J11      ; 437        ; 3        ; RESERVED_INPUT                           ;        ;              ;         ; Column I/O ;                 ; no       ; Off          ;
; J12      ;            ; 3        ; VCCIO3                                   ; power  ;              ; 3.3V    ; --         ;                 ; --       ; --           ;
; J13      ; 442        ; 3        ; RESERVED_INPUT                           ;        ;              ;         ; Column I/O ;                 ; no       ; Off          ;
; J14      ; 441        ; 3        ; RESERVED_INPUT                           ;        ;              ;         ; Column I/O ;                 ; no       ; Off          ;
; J15      ;            ; 4        ; VCCIO4                                   ; power  ;              ; 3.3V    ; --         ;                 ; --       ; --           ;
; J16      ; 385        ; 4        ; RESERVED_INPUT                           ;        ;              ;         ; Column I/O ;                 ; no       ; Off          ;
; J17      ; 399        ; 4        ; RESERVED_INPUT                           ;        ;              ;         ; Column I/O ;                 ; no       ; Off          ;
; J18      ; 383        ; 4        ; RESERVED_INPUT                           ;        ;              ;         ; Column I/O ;                 ; no       ; Off          ;
; J19      ;            ; 5        ; VCCIO5                                   ; power  ;              ; 3.3V    ; --         ;                 ; --       ; --           ;
; J20      ; 351        ; 5        ; GPIO_0[7]                                ; bidir  ; 3.3-V LVTTL  ;         ; Row I/O    ; Y               ; no       ; Off          ;
; J21      ; 352        ; 5        ; GPIO_0[6]                                ; bidir  ; 3.3-V LVTTL  ;         ; Row I/O    ; Y               ; no       ; Off          ;
; J22      ; 357        ; 5        ; GPIO_0[1]                                ; bidir  ; 3.3-V LVTTL  ;         ; Row I/O    ; Y               ; no       ; Off          ;
; J23      ; 339        ; 5        ; GPIO_0[18]                               ; bidir  ; 3.3-V LVTTL  ;         ; Row I/O    ; Y               ; no       ; Off          ;
; J24      ; 338        ; 5        ; GPIO_0[19]                               ; bidir  ; 3.3-V LVTTL  ;         ; Row I/O    ; Y               ; no       ; Off          ;
; J25      ; 327        ; 5        ; GPIO_0[30]                               ; bidir  ; 3.3-V LVTTL  ;         ; Row I/O    ; Y               ; no       ; Off          ;
; J26      ; 326        ; 5        ; GPIO_0[31]                               ; bidir  ; 3.3-V LVTTL  ;         ; Row I/O    ; Y               ; no       ; Off          ;
; K1       ; 42         ; 2        ; RESERVED_INPUT                           ;        ;              ;         ; Row I/O    ;                 ; no       ; Off          ;
; K2       ; 43         ; 2        ; RESERVED_INPUT                           ;        ;              ;         ; Row I/O    ;                 ; no       ; Off          ;
; K3       ; 41         ; 2        ; RESERVED_INPUT                           ;        ;              ;         ; Row I/O    ;                 ; no       ; Off          ;
; K4       ; 40         ; 2        ; RESERVED_INPUT                           ;        ;              ;         ; Row I/O    ;                 ; no       ; Off          ;
; K5       ; 22         ; 2        ; RESERVED_INPUT                           ;        ;              ;         ; Row I/O    ;                 ; no       ; Off          ;
; K6       ; 21         ; 2        ; RESERVED_INPUT                           ;        ;              ;         ; Row I/O    ;                 ; no       ; Off          ;
; K7       ; 27         ; 2        ; RESERVED_INPUT                           ;        ;              ;         ; Row I/O    ;                 ; no       ; Off          ;
; K8       ; 26         ; 2        ; RESERVED_INPUT                           ;        ;              ;         ; Row I/O    ;                 ; no       ; Off          ;
; K9       ; 476        ; 3        ; RESERVED_INPUT                           ;        ;              ;         ; Column I/O ;                 ; no       ; Off          ;
; K10      ;            ;          ; VCCINT                                   ; power  ;              ; 1.2V    ; --         ;                 ; --       ; --           ;
; K11      ;            ;          ; VCCINT                                   ; power  ;              ; 1.2V    ; --         ;                 ; --       ; --           ;
; K12      ;            ;          ; VCCINT                                   ; power  ;              ; 1.2V    ; --         ;                 ; --       ; --           ;
; K13      ;            ;          ; VCCINT                                   ; power  ;              ; 1.2V    ; --         ;                 ; --       ; --           ;
; K14      ;            ;          ; VCCINT                                   ; power  ;              ; 1.2V    ; --         ;                 ; --       ; --           ;
; K15      ;            ;          ; VCCINT                                   ; power  ;              ; 1.2V    ; --         ;                 ; --       ; --           ;
; K16      ; 386        ; 4        ; RESERVED_INPUT                           ;        ;              ;         ; Column I/O ;                 ; no       ; Off          ;
; K17      ; 384        ; 4        ; RESERVED_INPUT                           ;        ;              ;         ; Column I/O ;                 ; no       ; Off          ;
; K18      ; 334        ; 5        ; GPIO_0[23]                               ; bidir  ; 3.3-V LVTTL  ;         ; Row I/O    ; Y               ; no       ; Off          ;
; K19      ; 333        ; 5        ; GPIO_0[24]                               ; bidir  ; 3.3-V LVTTL  ;         ; Row I/O    ; Y               ; no       ; Off          ;
; K20      ;            ;          ; GND                                      ; gnd    ;              ;         ; --         ;                 ; --       ; --           ;
; K21      ; 332        ; 5        ; GPIO_0[25]                               ; bidir  ; 3.3-V LVTTL  ;         ; Row I/O    ; Y               ; no       ; Off          ;
; K22      ; 344        ; 5        ; GPIO_0[14]                               ; bidir  ; 3.3-V LVTTL  ;         ; Row I/O    ; Y               ; no       ; Off          ;
; K23      ; 331        ; 5        ; GPIO_0[26]                               ; bidir  ; 3.3-V LVTTL  ;         ; Row I/O    ; Y               ; no       ; Off          ;
; K24      ; 330        ; 5        ; GPIO_0[27]                               ; bidir  ; 3.3-V LVTTL  ;         ; Row I/O    ; Y               ; no       ; Off          ;
; K25      ; 321        ; 5        ; RESERVED_INPUT                           ;        ;              ;         ; Row I/O    ;                 ; no       ; Off          ;
; K26      ; 320        ; 5        ; RESERVED_INPUT                           ;        ;              ;         ; Row I/O    ;                 ; no       ; Off          ;
; L1       ;            ; 2        ; VCCIO2                                   ; power  ;              ; 3.3V    ; --         ;                 ; --       ; --           ;
; L2       ; 50         ; 2        ; HEX7[1]                                  ; output ; 3.3-V LVTTL  ;         ; Row I/O    ; Y               ; no       ; Off          ;
; L3       ; 51         ; 2        ; HEX7[0]                                  ; output ; 3.3-V LVTTL  ;         ; Row I/O    ; Y               ; no       ; Off          ;
; L4       ; 44         ; 2        ; RESERVED_INPUT                           ;        ;              ;         ; Row I/O    ;                 ; --       ; --           ;
; L5       ;            ;          ; GND                                      ; gnd    ;              ;         ; --         ;                 ; --       ; --           ;
; L6       ; 48         ; 2        ; HEX7[3]                                  ; output ; 3.3-V LVTTL  ;         ; Row I/O    ; Y               ; no       ; Off          ;
; L7       ; 47         ; 2        ; HEX7[4]                                  ; output ; 3.3-V LVTTL  ;         ; Row I/O    ; Y               ; no       ; Off          ;
; L8       ; 59         ; 2        ; #TMS                                     ; input  ;              ;         ; --         ;                 ; --       ; --           ;
; L9       ; 49         ; 2        ; HEX7[2]                                  ; output ; 3.3-V LVTTL  ;         ; Row I/O    ; Y               ; no       ; Off          ;
; L10      ; 52         ; 2        ; RESERVED_INPUT                           ;        ;              ;         ; Row I/O    ;                 ; no       ; Off          ;
; L11      ;            ;          ; VCCINT                                   ; power  ;              ; 1.2V    ; --         ;                 ; --       ; --           ;
; L12      ;            ;          ; GND                                      ; gnd    ;              ;         ; --         ;                 ; --       ; --           ;
; L13      ;            ;          ; GND                                      ; gnd    ;              ;         ; --         ;                 ; --       ; --           ;
; L14      ;            ;          ; GND                                      ; gnd    ;              ;         ; --         ;                 ; --       ; --           ;
; L15      ;            ;          ; GND                                      ; gnd    ;              ;         ; --         ;                 ; --       ; --           ;
; L16      ;            ;          ; VCCINT                                   ; power  ;              ; 1.2V    ; --         ;                 ; --       ; --           ;
; L17      ;            ;          ; VCCINT                                   ; power  ;              ; 1.2V    ; --         ;                 ; --       ; --           ;
; L18      ;            ;          ; VCCINT                                   ; power  ;              ; 1.2V    ; --         ;                 ; --       ; --           ;
; L19      ; 322        ; 5        ; GPIO_0[35]                               ; bidir  ; 3.3-V LVTTL  ;         ; Row I/O    ; Y               ; no       ; Off          ;
; L20      ; 328        ; 5        ; GPIO_0[29]                               ; bidir  ; 3.3-V LVTTL  ;         ; Row I/O    ; Y               ; no       ; Off          ;
; L21      ; 329        ; 5        ; GPIO_0[28]                               ; bidir  ; 3.3-V LVTTL  ;         ; Row I/O    ; Y               ; no       ; Off          ;
; L22      ;            ;          ; GND                                      ; gnd    ;              ;         ; --         ;                 ; --       ; --           ;
; L23      ; 325        ; 5        ; GPIO_0[32]                               ; bidir  ; 3.3-V LVTTL  ;         ; Row I/O    ; Y               ; no       ; Off          ;
; L24      ; 324        ; 5        ; GPIO_0[33]                               ; bidir  ; 3.3-V LVTTL  ;         ; Row I/O    ; Y               ; no       ; Off          ;
; L25      ; 323        ; 5        ; GPIO_0[34]                               ; bidir  ; 3.3-V LVTTL  ;         ; Row I/O    ; Y               ; no       ; Off          ;
; L26      ;            ; 5        ; VCCIO5                                   ; power  ;              ; 3.3V    ; --         ;                 ; --       ; --           ;
; M1       ;            ;          ; GND                                      ; gnd    ;              ;         ; --         ;                 ; --       ; --           ;
; M2       ; 56         ; 2        ; HEX6[3]                                  ; output ; 3.3-V LVTTL  ;         ; Row I/O    ; Y               ; no       ; Off          ;
; M3       ; 55         ; 2        ; HEX6[4]                                  ; output ; 3.3-V LVTTL  ;         ; Row I/O    ; Y               ; no       ; Off          ;
; M4       ; 53         ; 2        ; HEX6[6]                                  ; output ; 3.3-V LVTTL  ;         ; Row I/O    ; Y               ; no       ; Off          ;
; M5       ; 54         ; 2        ; HEX6[5]                                  ; output ; 3.3-V LVTTL  ;         ; Row I/O    ; Y               ; no       ; Off          ;
; M6       ; 58         ; 2        ; #TCK                                     ; input  ;              ;         ; --         ;                 ; --       ; --           ;
; M7       ; 60         ; 2        ; #TDO                                     ; output ;              ;         ; --         ;                 ; --       ; --           ;
; M8       ; 57         ; 2        ; #TDI                                     ; input  ;              ;         ; --         ;                 ; --       ; --           ;
; M9       ;            ; 2        ; VCCIO2                                   ; power  ;              ; 3.3V    ; --         ;                 ; --       ; --           ;
; M10      ;            ;          ; VCCINT                                   ; power  ;              ; 1.2V    ; --         ;                 ; --       ; --           ;
; M11      ;            ;          ; VCCINT                                   ; power  ;              ; 1.2V    ; --         ;                 ; --       ; --           ;
; M12      ;            ;          ; GND                                      ; gnd    ;              ;         ; --         ;                 ; --       ; --           ;
; M13      ;            ;          ; GND                                      ; gnd    ;              ;         ; --         ;                 ; --       ; --           ;
; M14      ;            ;          ; GND                                      ; gnd    ;              ;         ; --         ;                 ; --       ; --           ;
; M15      ;            ;          ; GND                                      ; gnd    ;              ;         ; --         ;                 ; --       ; --           ;
; M16      ;            ;          ; VCCINT                                   ; power  ;              ; 1.2V    ; --         ;                 ; --       ; --           ;
; M17      ;            ;          ; VCCINT                                   ; power  ;              ; 1.2V    ; --         ;                 ; --       ; --           ;
; M18      ;            ; 5        ; VCCIO5                                   ; power  ;              ; 3.3V    ; --         ;                 ; --       ; --           ;
; M19      ; 317        ; 5        ; RESERVED_INPUT                           ;        ;              ;         ; Row I/O    ;                 ; no       ; Off          ;
; M20      ; 316        ; 5        ; RESERVED_INPUT                           ;        ;              ;         ; Row I/O    ;                 ; no       ; Off          ;
; M21      ; 314        ; 5        ; RESERVED_INPUT                           ;        ;              ;         ; Row I/O    ;                 ; no       ; Off          ;
; M22      ; 319        ; 5        ; RESERVED_INPUT                           ;        ;              ;         ; Row I/O    ;                 ; no       ; Off          ;
; M23      ; 318        ; 5        ; RESERVED_INPUT                           ;        ;              ;         ; Row I/O    ;                 ; no       ; Off          ;
; M24      ; 313        ; 5        ; RESERVED_INPUT                           ;        ;              ;         ; Row I/O    ;                 ; no       ; Off          ;
; M25      ; 312        ; 5        ; RESERVED_INPUT                           ;        ;              ;         ; Row I/O    ;                 ; no       ; Off          ;
; M26      ;            ;          ; GND                                      ; gnd    ;              ;         ; --         ;                 ; --       ; --           ;
; N1       ; 65         ; 2        ; SW[10]                                   ; input  ; 3.3-V LVTTL  ;         ; Row I/O    ; Y               ; no       ; Off          ;
; N2       ; 64         ; 2        ; CLOCK_50                                 ; input  ; 3.3-V LVTTL  ;         ; Row I/O    ; Y               ; no       ; Off          ;
; N3       ; 62         ; 2        ; ^DATA0                                   ; input  ;              ;         ; --         ;                 ; --       ; --           ;
; N4       ; 63         ; 2        ; ^nCE                                     ;        ;              ;         ; --         ;                 ; --       ; --           ;
; N5       ;            ; 2        ; VCCIO2                                   ; power  ;              ; 3.3V    ; --         ;                 ; --       ; --           ;
; N6       ; 61         ; 2        ; ^DCLK                                    ;        ;              ;         ; --         ;                 ; --       ; --           ;
; N7       ; 66         ; 2        ; ^nCONFIG                                 ;        ;              ;         ; --         ;                 ; --       ; --           ;
; N8       ;            ;          ; GND                                      ; gnd    ;              ;         ; --         ;                 ; --       ; --           ;
; N9       ; 45         ; 2        ; HEX7[6]                                  ; output ; 3.3-V LVTTL  ;         ; Row I/O    ; Y               ; no       ; Off          ;
; N10      ;            ;          ; VCCINT                                   ; power  ;              ; 1.2V    ; --         ;                 ; --       ; --           ;
; N11      ;            ;          ; GND                                      ; gnd    ;              ;         ; --         ;                 ; --       ; --           ;
; N12      ;            ;          ; GND                                      ; gnd    ;              ;         ; --         ;                 ; --       ; --           ;
; N13      ;            ;          ; GND                                      ; gnd    ;              ;         ; --         ;                 ; --       ; --           ;
; N14      ;            ;          ; GND                                      ; gnd    ;              ;         ; --         ;                 ; --       ; --           ;
; N15      ;            ;          ; GND                                      ; gnd    ;              ;         ; --         ;                 ; --       ; --           ;
; N16      ;            ;          ; GND                                      ; gnd    ;              ;         ; --         ;                 ; --       ; --           ;
; N17      ;            ;          ; VCCINT                                   ; power  ;              ; 1.2V    ; --         ;                 ; --       ; --           ;
; N18      ; 348        ; 5        ; GPIO_0[10]                               ; bidir  ; 3.3-V LVTTL  ;         ; Row I/O    ; Y               ; no       ; Off          ;
; N19      ;            ;          ; GND                                      ; gnd    ;              ;         ; --         ;                 ; --       ; --           ;
; N20      ; 315        ; 5        ; RESERVED_INPUT                           ;        ;              ;         ; Row I/O    ;                 ; no       ; Off          ;
; N21      ;            ;          ; NC                                       ;        ;              ;         ; --         ;                 ; --       ; --           ;
; N22      ;            ; 5        ; VCCIO5                                   ; power  ;              ; 3.3V    ; --         ;                 ; --       ; --           ;
; N23      ; 311        ; 5        ; KEY[1]                                   ; input  ; 3.3-V LVTTL  ;         ; Row I/O    ; Y               ; no       ; Off          ;
; N24      ; 310        ; 5        ; RESERVED_INPUT                           ;        ;              ;         ; Row I/O    ;                 ; no       ; Off          ;
; N25      ; 309        ; 5        ; SW[0]                                    ; input  ; 3.3-V LVTTL  ;         ; Row I/O    ; Y               ; no       ; Off          ;
; N26      ; 308        ; 5        ; SW[1]                                    ; input  ; 3.3-V LVTTL  ;         ; Row I/O    ; Y               ; no       ; Off          ;
; P1       ; 68         ; 1        ; SW[11]                                   ; input  ; 3.3-V LVTTL  ;         ; Row I/O    ; Y               ; no       ; Off          ;
; P2       ; 67         ; 1        ; SW[12]                                   ; input  ; 3.3-V LVTTL  ;         ; Row I/O    ; Y               ; no       ; Off          ;
; P3       ; 69         ; 1        ; HEX6[2]                                  ; output ; 3.3-V LVTTL  ;         ; Row I/O    ; Y               ; no       ; Off          ;
; P4       ; 70         ; 1        ; HEX6[1]                                  ; output ; 3.3-V LVTTL  ;         ; Row I/O    ; Y               ; no       ; Off          ;
; P5       ;            ; 1        ; VCCIO1                                   ; power  ;              ; 3.3V    ; --         ;                 ; --       ; --           ;
; P6       ; 78         ; 1        ; HEX5[1]                                  ; output ; 3.3-V LVTTL  ;         ; Row I/O    ; Y               ; no       ; Off          ;
; P7       ; 77         ; 1        ; HEX5[2]                                  ; output ; 3.3-V LVTTL  ;         ; Row I/O    ; Y               ; no       ; Off          ;
; P8       ;            ;          ; GND                                      ; gnd    ;              ;         ; --         ;                 ; --       ; --           ;
; P9       ; 46         ; 2        ; HEX7[5]                                  ; output ; 3.3-V LVTTL  ;         ; Row I/O    ; Y               ; no       ; Off          ;
; P10      ;            ;          ; VCCINT                                   ; power  ;              ; 1.2V    ; --         ;                 ; --       ; --           ;
; P11      ;            ;          ; GND                                      ; gnd    ;              ;         ; --         ;                 ; --       ; --           ;
; P12      ;            ;          ; GND                                      ; gnd    ;              ;         ; --         ;                 ; --       ; --           ;
; P13      ;            ;          ; GND                                      ; gnd    ;              ;         ; --         ;                 ; --       ; --           ;
; P14      ;            ;          ; GND                                      ; gnd    ;              ;         ; --         ;                 ; --       ; --           ;
; P15      ;            ;          ; GND                                      ; gnd    ;              ;         ; --         ;                 ; --       ; --           ;
; P16      ;            ;          ; GND                                      ; gnd    ;              ;         ; --         ;                 ; --       ; --           ;
; P17      ; 293        ; 6        ; RESERVED_INPUT                           ;        ;              ;         ; Row I/O    ;                 ; no       ; Off          ;
; P18      ; 347        ; 5        ; GPIO_0[11]                               ; bidir  ; 3.3-V LVTTL  ;         ; Row I/O    ; Y               ; no       ; Off          ;
; P19      ;            ;          ; GND                                      ; gnd    ;              ;         ; --         ;                 ; --       ; --           ;
; P20      ; 301        ; 6        ; ^MSEL0                                   ;        ;              ;         ; --         ;                 ; --       ; --           ;
; P21      ; 300        ; 6        ; ^MSEL1                                   ;        ;              ;         ; --         ;                 ; --       ; --           ;
; P22      ;            ; 6        ; VCCIO6                                   ; power  ;              ; 3.3V    ; --         ;                 ; --       ; --           ;
; P23      ; 305        ; 6        ; KEY[2]                                   ; input  ; 3.3-V LVTTL  ;         ; Row I/O    ; Y               ; no       ; Off          ;
; P24      ; 304        ; 6        ; RESERVED_INPUT                           ;        ;              ;         ; Row I/O    ;                 ; no       ; Off          ;
; P25      ; 307        ; 6        ; SW[2]                                    ; input  ; 3.3-V LVTTL  ;         ; Row I/O    ; Y               ; no       ; Off          ;
; P26      ; 306        ; 6        ; GND+                                     ;        ;              ;         ; Row I/O    ;                 ; --       ; --           ;
; R1       ;            ;          ; GND                                      ; gnd    ;              ;         ; --         ;                 ; --       ; --           ;
; R2       ; 71         ; 1        ; HEX6[0]                                  ; output ; 3.3-V LVTTL  ;         ; Row I/O    ; Y               ; no       ; Off          ;
; R3       ; 72         ; 1        ; HEX5[6]                                  ; output ; 3.3-V LVTTL  ;         ; Row I/O    ; Y               ; no       ; Off          ;
; R4       ; 73         ; 1        ; HEX5[5]                                  ; output ; 3.3-V LVTTL  ;         ; Row I/O    ; Y               ; no       ; Off          ;
; R5       ; 74         ; 1        ; HEX5[4]                                  ; output ; 3.3-V LVTTL  ;         ; Row I/O    ; Y               ; no       ; Off          ;
; R6       ; 81         ; 1        ; HEX4[5]                                  ; output ; 3.3-V LVTTL  ;         ; Row I/O    ; Y               ; no       ; Off          ;
; R7       ; 82         ; 1        ; HEX4[4]                                  ; output ; 3.3-V LVTTL  ;         ; Row I/O    ; Y               ; no       ; Off          ;
; R8       ; 110        ; 1        ; RESERVED_INPUT                           ;        ;              ;         ; Row I/O    ;                 ; no       ; Off          ;
; R9       ;            ; 1        ; VCCIO1                                   ; power  ;              ; 3.3V    ; --         ;                 ; --       ; --           ;
; R10      ;            ;          ; VCCINT                                   ; power  ;              ; 1.2V    ; --         ;                 ; --       ; --           ;
; R11      ;            ;          ; VCCINT                                   ; power  ;              ; 1.2V    ; --         ;                 ; --       ; --           ;
; R12      ;            ;          ; GND                                      ; gnd    ;              ;         ; --         ;                 ; --       ; --           ;
; R13      ;            ;          ; GND                                      ; gnd    ;              ;         ; --         ;                 ; --       ; --           ;
; R14      ;            ;          ; GND                                      ; gnd    ;              ;         ; --         ;                 ; --       ; --           ;
; R15      ;            ;          ; GND                                      ; gnd    ;              ;         ; --         ;                 ; --       ; --           ;
; R16      ;            ;          ; VCCINT                                   ; power  ;              ; 1.2V    ; --         ;                 ; --       ; --           ;
; R17      ; 294        ; 6        ; RESERVED_INPUT                           ;        ;              ;         ; Row I/O    ;                 ; no       ; Off          ;
; R18      ;            ; 6        ; VCCIO6                                   ; power  ;              ; 3.3V    ; --         ;                 ; --       ; --           ;
; R19      ; 282        ; 6        ; RESERVED_INPUT                           ;        ;              ;         ; Row I/O    ;                 ; no       ; Off          ;
; R20      ; 297        ; 6        ; RESERVED_INPUT                           ;        ;              ;         ; Row I/O    ;                 ; no       ; Off          ;
; R21      ;            ;          ; GND                                      ; gnd    ;              ;         ; --         ;                 ; --       ; --           ;
; R22      ; 298        ; 6        ; ^nSTATUS                                 ;        ;              ;         ; --         ;                 ; --       ; --           ;
; R23      ; 299        ; 6        ; ^CONF_DONE                               ;        ;              ;         ; --         ;                 ; --       ; --           ;
; R24      ; 302        ; 6        ; RESERVED_INPUT                           ;        ;              ;         ; Row I/O    ;                 ; no       ; Off          ;
; R25      ; 303        ; 6        ; RESERVED_INPUT                           ;        ;              ;         ; Row I/O    ;                 ; no       ; Off          ;
; R26      ;            ;          ; GND                                      ; gnd    ;              ;         ; --         ;                 ; --       ; --           ;
; T1       ;            ; 1        ; VCCIO1                                   ; power  ;              ; 3.3V    ; --         ;                 ; --       ; --           ;
; T2       ; 79         ; 1        ; HEX5[0]                                  ; output ; 3.3-V LVTTL  ;         ; Row I/O    ; Y               ; no       ; Off          ;
; T3       ; 80         ; 1        ; HEX4[6]                                  ; output ; 3.3-V LVTTL  ;         ; Row I/O    ; Y               ; no       ; Off          ;
; T4       ; 83         ; 1        ; HEX4[3]                                  ; output ; 3.3-V LVTTL  ;         ; Row I/O    ; Y               ; no       ; Off          ;
; T5       ;            ;          ; GND                                      ; gnd    ;              ;         ; --         ;                 ; --       ; --           ;
; T6       ; 93         ; 1        ; RESERVED_INPUT                           ;        ;              ;         ; Row I/O    ;                 ; no       ; Off          ;
; T7       ; 92         ; 1        ; SW[13]                                   ; input  ; 3.3-V LVTTL  ;         ; Row I/O    ; Y               ; no       ; Off          ;
; T8       ; 111        ; 1        ; RESERVED_INPUT                           ;        ;              ;         ; Row I/O    ;                 ; no       ; Off          ;
; T9       ; 76         ; 1        ; HEX5[3]                                  ; output ; 3.3-V LVTTL  ;         ; Row I/O    ; Y               ; no       ; Off          ;
; T10      ; 75         ; 1        ; RESERVED_INPUT                           ;        ;              ;         ; Row I/O    ;                 ; no       ; Off          ;
; T11      ;            ;          ; VCCINT                                   ; power  ;              ; 1.2V    ; --         ;                 ; --       ; --           ;
; T12      ;            ;          ; GND                                      ; gnd    ;              ;         ; --         ;                 ; --       ; --           ;
; T13      ;            ;          ; GND                                      ; gnd    ;              ;         ; --         ;                 ; --       ; --           ;
; T14      ;            ;          ; GND                                      ; gnd    ;              ;         ; --         ;                 ; --       ; --           ;
; T15      ;            ;          ; GND                                      ; gnd    ;              ;         ; --         ;                 ; --       ; --           ;
; T16      ;            ;          ; VCCINT                                   ; power  ;              ; 1.2V    ; --         ;                 ; --       ; --           ;
; T17      ; 289        ; 6        ; RESERVED_INPUT                           ;        ;              ;         ; Row I/O    ;                 ; no       ; Off          ;
; T18      ; 290        ; 6        ; RESERVED_INPUT                           ;        ;              ;         ; Row I/O    ;                 ; no       ; Off          ;
; T19      ; 281        ; 6        ; RESERVED_INPUT                           ;        ;              ;         ; Row I/O    ;                 ; no       ; Off          ;
; T20      ; 287        ; 6        ; RESERVED_INPUT                           ;        ;              ;         ; Row I/O    ;                 ; no       ; Off          ;
; T21      ; 288        ; 6        ; RESERVED_INPUT                           ;        ;              ;         ; Row I/O    ;                 ; --       ; --           ;
; T22      ; 296        ; 6        ; RESERVED_INPUT                           ;        ;              ;         ; Row I/O    ;                 ; no       ; Off          ;
; T23      ; 295        ; 6        ; RESERVED_INPUT                           ;        ;              ;         ; Row I/O    ;                 ; no       ; Off          ;
; T24      ; 292        ; 6        ; RESERVED_INPUT                           ;        ;              ;         ; Row I/O    ;                 ; no       ; Off          ;
; T25      ; 291        ; 6        ; RESERVED_INPUT                           ;        ;              ;         ; Row I/O    ;                 ; no       ; Off          ;
; T26      ;            ; 6        ; VCCIO6                                   ; power  ;              ; 3.3V    ; --         ;                 ; --       ; --           ;
; U1       ; 85         ; 1        ; HEX4[1]                                  ; output ; 3.3-V LVTTL  ;         ; Row I/O    ; Y               ; no       ; Off          ;
; U2       ; 84         ; 1        ; HEX4[2]                                  ; output ; 3.3-V LVTTL  ;         ; Row I/O    ; Y               ; no       ; Off          ;
; U3       ; 88         ; 1        ; SW[14]                                   ; input  ; 3.3-V LVTTL  ;         ; Row I/O    ; Y               ; no       ; Off          ;
; U4       ; 89         ; 1        ; SW[15]                                   ; input  ; 3.3-V LVTTL  ;         ; Row I/O    ; Y               ; no       ; Off          ;
; U5       ; 100        ; 1        ; RESERVED_INPUT                           ;        ;              ;         ; Row I/O    ;                 ; no       ; Off          ;
; U6       ; 98         ; 1        ; RESERVED_INPUT                           ;        ;              ;         ; Row I/O    ;                 ; no       ; Off          ;
; U7       ; 99         ; 1        ; RESERVED_INPUT                           ;        ;              ;         ; Row I/O    ;                 ; no       ; Off          ;
; U8       ;            ;          ; GND                                      ; gnd    ;              ;         ; --         ;                 ; --       ; --           ;
; U9       ; 86         ; 1        ; HEX4[0]                                  ; output ; 3.3-V LVTTL  ;         ; Row I/O    ; Y               ; no       ; Off          ;
; U10      ; 87         ; 1        ; RESERVED_INPUT                           ;        ;              ;         ; Row I/O    ;                 ; no       ; Off          ;
; U11      ;            ;          ; VCCINT                                   ; power  ;              ; 1.2V    ; --         ;                 ; --       ; --           ;
; U12      ; 178        ; 8        ; RESERVED_INPUT                           ;        ;              ;         ; Column I/O ;                 ; no       ; Off          ;
; U13      ;            ;          ; VCCINT                                   ; power  ;              ; 1.2V    ; --         ;                 ; --       ; --           ;
; U14      ;            ;          ; VCCINT                                   ; power  ;              ; 1.2V    ; --         ;                 ; --       ; --           ;
; U15      ;            ;          ; VCCINT                                   ; power  ;              ; 1.2V    ; --         ;                 ; --       ; --           ;
; U16      ;            ;          ; VCCINT                                   ; power  ;              ; 1.2V    ; --         ;                 ; --       ; --           ;
; U17      ; 231        ; 7        ; LEDG[5]                                  ; output ; 3.3-V LVTTL  ;         ; Column I/O ; Y               ; no       ; Off          ;
; U18      ; 232        ; 7        ; LEDG[4]                                  ; output ; 3.3-V LVTTL  ;         ; Column I/O ; Y               ; no       ; Off          ;
; U19      ;            ;          ; GND                                      ; gnd    ;              ;         ; --         ;                 ; --       ; --           ;
; U20      ; 280        ; 6        ; RESERVED_INPUT                           ;        ;              ;         ; Row I/O    ;                 ; no       ; Off          ;
; U21      ; 279        ; 6        ; RESERVED_INPUT                           ;        ;              ;         ; Row I/O    ;                 ; no       ; Off          ;
; U22      ; 270        ; 6        ; HEX3[5]                                  ; output ; 3.3-V LVTTL  ;         ; Row I/O    ; Y               ; no       ; Off          ;
; U23      ; 284        ; 6        ; RESERVED_INPUT                           ;        ;              ;         ; Row I/O    ;                 ; no       ; Off          ;
; U24      ; 283        ; 6        ; RESERVED_INPUT                           ;        ;              ;         ; Row I/O    ;                 ; no       ; Off          ;
; U25      ; 285        ; 6        ; RESERVED_INPUT                           ;        ;              ;         ; Row I/O    ;                 ; no       ; Off          ;
; U26      ; 286        ; 6        ; RESERVED_INPUT                           ;        ;              ;         ; Row I/O    ;                 ; no       ; Off          ;
; V1       ; 90         ; 1        ; SW[16]                                   ; input  ; 3.3-V LVTTL  ;         ; Row I/O    ; Y               ; no       ; Off          ;
; V2       ; 91         ; 1        ; SW[17]                                   ; input  ; 3.3-V LVTTL  ;         ; Row I/O    ; Y               ; no       ; Off          ;
; V3       ; 95         ; 1        ; RESERVED_INPUT                           ;        ;              ;         ; Row I/O    ;                 ; no       ; Off          ;
; V4       ; 94         ; 1        ; RESERVED_INPUT                           ;        ;              ;         ; Row I/O    ;                 ; no       ; Off          ;
; V5       ; 104        ; 1        ; RESERVED_INPUT                           ;        ;              ;         ; Row I/O    ;                 ; no       ; Off          ;
; V6       ; 105        ; 1        ; RESERVED_INPUT                           ;        ;              ;         ; Row I/O    ;                 ; no       ; Off          ;
; V7       ; 112        ; 1        ; RESERVED_INPUT                           ;        ;              ;         ; Row I/O    ;                 ; no       ; Off          ;
; V8       ;            ; 1        ; VCCIO1                                   ; power  ;              ; 3.3V    ; --         ;                 ; --       ; --           ;
; V9       ; 142        ; 8        ; RESERVED_INPUT                           ;        ;              ;         ; Column I/O ;                 ; no       ; Off          ;
; V10      ; 141        ; 8        ; RESERVED_INPUT                           ;        ;              ;         ; Column I/O ;                 ; no       ; Off          ;
; V11      ; 177        ; 8        ; RESERVED_INPUT                           ;        ;              ;         ; Column I/O ;                 ; no       ; Off          ;
; V12      ;            ; 8        ; VCCIO8                                   ; power  ;              ; 3.3V    ; --         ;                 ; --       ; --           ;
; V13      ; 176        ; 8        ; HEX0[6]                                  ; output ; 3.3-V LVTTL  ;         ; Column I/O ; Y               ; no       ; Off          ;
; V14      ; 175        ; 8        ; HEX0[5]                                  ; output ; 3.3-V LVTTL  ;         ; Column I/O ; Y               ; no       ; Off          ;
; V15      ;            ; 7        ; VCCIO7                                   ; power  ;              ; 3.3V    ; --         ;                 ; --       ; --           ;
; V16      ;            ;          ; VCCINT                                   ; power  ;              ; 1.2V    ; --         ;                 ; --       ; --           ;
; V17      ; 218        ; 7        ; RESERVED_INPUT                           ;        ;              ;         ; Column I/O ;                 ; no       ; Off          ;
; V18      ; 233        ; 7        ; LEDG[3]                                  ; output ; 3.3-V LVTTL  ;         ; Column I/O ; Y               ; no       ; Off          ;
; V19      ;            ; 6        ; VCCIO6                                   ; power  ;              ; 3.3V    ; --         ;                 ; --       ; --           ;
; V20      ; 251        ; 6        ; HEX1[0]                                  ; output ; 3.3-V LVTTL  ;         ; Row I/O    ; Y               ; no       ; Off          ;
; V21      ; 252        ; 6        ; HEX1[1]                                  ; output ; 3.3-V LVTTL  ;         ; Row I/O    ; Y               ; no       ; Off          ;
; V22      ; 259        ; 6        ; HEX2[1]                                  ; output ; 3.3-V LVTTL  ;         ; Row I/O    ; Y               ; no       ; Off          ;
; V23      ; 275        ; 6        ; RESERVED_INPUT                           ;        ;              ;         ; Row I/O    ;                 ; no       ; Off          ;
; V24      ; 276        ; 6        ; RESERVED_INPUT                           ;        ;              ;         ; Row I/O    ;                 ; no       ; Off          ;
; V25      ; 277        ; 6        ; RESERVED_INPUT                           ;        ;              ;         ; Row I/O    ;                 ; no       ; Off          ;
; V26      ; 278        ; 6        ; RESERVED_INPUT                           ;        ;              ;         ; Row I/O    ;                 ; no       ; Off          ;
; W1       ; 97         ; 1        ; RESERVED_INPUT                           ;        ;              ;         ; Row I/O    ;                 ; no       ; Off          ;
; W2       ; 96         ; 1        ; RESERVED_INPUT                           ;        ;              ;         ; Row I/O    ;                 ; no       ; Off          ;
; W3       ; 102        ; 1        ; RESERVED_INPUT                           ;        ;              ;         ; Row I/O    ;                 ; no       ; Off          ;
; W4       ; 101        ; 1        ; RESERVED_INPUT                           ;        ;              ;         ; Row I/O    ;                 ; no       ; Off          ;
; W5       ;            ;          ; GND                                      ; gnd    ;              ;         ; --         ;                 ; --       ; --           ;
; W6       ; 113        ; 1        ; RESERVED_INPUT                           ;        ;              ;         ; Row I/O    ;                 ; --       ; --           ;
; W7       ;            ;          ; GND_PLL1                                 ; gnd    ;              ;         ; --         ;                 ; --       ; --           ;
; W8       ; 144        ; 8        ; RESERVED_INPUT                           ;        ;              ;         ; Column I/O ;                 ; no       ; Off          ;
; W9       ;            ; 8        ; VCCIO8                                   ; power  ;              ; 3.3V    ; --         ;                 ; --       ; --           ;
; W10      ; 145        ; 8        ; RESERVED_INPUT                           ;        ;              ;         ; Column I/O ;                 ; no       ; Off          ;
; W11      ; 161        ; 8        ; RESERVED_INPUT                           ;        ;              ;         ; Column I/O ;                 ; no       ; Off          ;
; W12      ; 162        ; 8        ; RESERVED_INPUT                           ;        ;              ;         ; Column I/O ;                 ; no       ; Off          ;
; W13      ;            ;          ; GND                                      ; gnd    ;              ;         ; --         ;                 ; --       ; --           ;
; W14      ;            ;          ; GND                                      ; gnd    ;              ;         ; --         ;                 ; --       ; --           ;
; W15      ; 203        ; 7        ; RESERVED_INPUT                           ;        ;              ;         ; Column I/O ;                 ; no       ; Off          ;
; W16      ; 204        ; 7        ; RESERVED_INPUT                           ;        ;              ;         ; Column I/O ;                 ; no       ; Off          ;
; W17      ; 217        ; 7        ; RESERVED_INPUT                           ;        ;              ;         ; Column I/O ;                 ; no       ; Off          ;
; W18      ;            ; 7        ; VCCIO7                                   ; power  ;              ; 3.3V    ; --         ;                 ; --       ; --           ;
; W19      ; 234        ; 7        ; LEDG[2]                                  ; output ; 3.3-V LVTTL  ;         ; Column I/O ; Y               ; no       ; Off          ;
; W20      ;            ;          ; GND_PLL4                                 ; gnd    ;              ;         ; --         ;                 ; --       ; --           ;
; W21      ; 253        ; 6        ; HEX1[2]                                  ; output ; 3.3-V LVTTL  ;         ; Row I/O    ; Y               ; no       ; Off          ;
; W22      ;            ;          ; GND                                      ; gnd    ;              ;         ; --         ;                 ; --       ; --           ;
; W23      ; 272        ; 6        ; RESERVED_INPUT                           ;        ;              ;         ; Row I/O    ;                 ; no       ; Off          ;
; W24      ; 271        ; 6        ; HEX3[6]                                  ; output ; 3.3-V LVTTL  ;         ; Row I/O    ; Y               ; no       ; Off          ;
; W25      ; 273        ; 6        ; RESERVED_INPUT                           ;        ;              ;         ; Row I/O    ;                 ; no       ; Off          ;
; W26      ; 274        ; 6        ; KEY[3]                                   ; input  ; 3.3-V LVTTL  ;         ; Row I/O    ; Y               ; no       ; Off          ;
; Y1       ; 103        ; 1        ; RESERVED_INPUT                           ;        ;              ;         ; Row I/O    ;                 ; no       ; Off          ;
; Y2       ;            ;          ; NC                                       ;        ;              ;         ; --         ;                 ; --       ; --           ;
; Y3       ; 108        ; 1        ; RESERVED_INPUT                           ;        ;              ;         ; Row I/O    ;                 ; no       ; Off          ;
; Y4       ; 109        ; 1        ; RESERVED_INPUT                           ;        ;              ;         ; Row I/O    ;                 ; no       ; Off          ;
; Y5       ; 121        ; 1        ; RESERVED_INPUT                           ;        ;              ;         ; Row I/O    ;                 ; no       ; Off          ;
; Y6       ;            ;          ; GND_PLL1                                 ; gnd    ;              ;         ; --         ;                 ; --       ; --           ;
; Y7       ;            ;          ; VCCD_PLL1                                ; power  ;              ; 1.2V    ; --         ;                 ; --       ; --           ;
; Y8       ;            ;          ; GNDA_PLL1                                ; gnd    ;              ;         ; --         ;                 ; --       ; --           ;
; Y9       ;            ;          ; GND                                      ; gnd    ;              ;         ; --         ;                 ; --       ; --           ;
; Y10      ; 146        ; 8        ; RESERVED_INPUT                           ;        ;              ;         ; Column I/O ;                 ; no       ; Off          ;
; Y11      ; 156        ; 8        ; RESERVED_INPUT                           ;        ;              ;         ; Column I/O ;                 ; no       ; Off          ;
; Y12      ; 180        ; 8        ; LEDG[8]                                  ; output ; 3.3-V LVTTL  ;         ; Column I/O ; Y               ; no       ; Off          ;
; Y13      ; 193        ; 7        ; LEDR[9]                                  ; output ; 3.3-V LVTTL  ;         ; Column I/O ; Y               ; no       ; Off          ;
; Y14      ; 195        ; 7        ; RESERVED_INPUT                           ;        ;              ;         ; Column I/O ;                 ; no       ; Off          ;
; Y15      ; 196        ; 7        ; RESERVED_INPUT                           ;        ;              ;         ; Column I/O ;                 ; no       ; Off          ;
; Y16      ; 210        ; 7        ; RESERVED_INPUT                           ;        ;              ;         ; Column I/O ;                 ; no       ; Off          ;
; Y17      ;            ;          ; GND                                      ; gnd    ;              ;         ; --         ;                 ; --       ; --           ;
; Y18      ; 229        ; 7        ; LEDG[7]                                  ; output ; 3.3-V LVTTL  ;         ; Column I/O ; Y               ; no       ; Off          ;
; Y19      ;            ;          ; GNDA_PLL4                                ; gnd    ;              ;         ; --         ;                 ; --       ; --           ;
; Y20      ;            ;          ; VCCD_PLL4                                ; power  ;              ; 1.2V    ; --         ;                 ; --       ; --           ;
; Y21      ; 250        ; 6        ; RESERVED_INPUT                           ;        ;              ;         ; Row I/O    ;                 ; no       ; Off          ;
; Y22      ; 254        ; 6        ; HEX1[3]                                  ; output ; 3.3-V LVTTL  ;         ; Row I/O    ; Y               ; no       ; Off          ;
; Y23      ; 265        ; 6        ; HEX3[0]                                  ; output ; 3.3-V LVTTL  ;         ; Row I/O    ; Y               ; no       ; Off          ;
; Y24      ; 264        ; 6        ; HEX2[6]                                  ; output ; 3.3-V LVTTL  ;         ; Row I/O    ; Y               ; no       ; Off          ;
; Y25      ; 269        ; 6        ; HEX3[4]                                  ; output ; 3.3-V LVTTL  ;         ; Row I/O    ; Y               ; no       ; Off          ;
; Y26      ; 268        ; 6        ; HEX3[3]                                  ; output ; 3.3-V LVTTL  ;         ; Row I/O    ; Y               ; no       ; Off          ;
+----------+------------+----------+------------------------------------------+--------+--------------+---------+------------+-----------------+----------+--------------+
Note: Pin directions (input, output or bidir) are based on device operating in user mode.


+-------------------------------------------------------------------------------+
; Output Pin Default Load For Reported TCO                                      ;
+----------------------------------+-------+------------------------------------+
; I/O Standard                     ; Load  ; Termination Resistance             ;
+----------------------------------+-------+------------------------------------+
; 3.3-V LVTTL                      ; 0 pF  ; Not Available                      ;
; 3.3-V LVCMOS                     ; 0 pF  ; Not Available                      ;
; 2.5 V                            ; 0 pF  ; Not Available                      ;
; 1.8 V                            ; 0 pF  ; Not Available                      ;
; 1.5 V                            ; 0 pF  ; Not Available                      ;
; 3.3-V PCI                        ; 10 pF ; 25 Ohm (Parallel)                  ;
; 3.3-V PCI-X                      ; 10 pF ; 25 Ohm (Parallel)                  ;
; SSTL-2 Class I                   ; 0 pF  ; 50 Ohm (Parallel), 25 Ohm (Serial) ;
; SSTL-2 Class II                  ; 0 pF  ; 25 Ohm (Parallel), 25 Ohm (Serial) ;
; SSTL-18 Class I                  ; 0 pF  ; 50 Ohm (Parallel), 25 Ohm (Serial) ;
; SSTL-18 Class II                 ; 0 pF  ; 25 Ohm (Parallel), 25 Ohm (Serial) ;
; 1.5-V HSTL Class I               ; 0 pF  ; 50 Ohm (Parallel)                  ;
; 1.5-V HSTL Class II              ; 0 pF  ; 25 Ohm (Parallel)                  ;
; 1.8-V HSTL Class I               ; 0 pF  ; 50 Ohm (Parallel)                  ;
; 1.8-V HSTL Class II              ; 0 pF  ; 25 Ohm (Parallel)                  ;
; Differential SSTL-2              ; 0 pF  ; (See SSTL-2)                       ;
; Differential 2.5-V SSTL Class II ; 0 pF  ; (See SSTL-2 Class II)              ;
; Differential 1.8-V SSTL Class I  ; 0 pF  ; (See 1.8-V SSTL Class I)           ;
; Differential 1.8-V SSTL Class II ; 0 pF  ; (See 1.8-V SSTL Class II)          ;
; Differential 1.5-V HSTL Class I  ; 0 pF  ; (See 1.5-V HSTL Class I)           ;
; Differential 1.5-V HSTL Class II ; 0 pF  ; (See 1.5-V HSTL Class II)          ;
; Differential 1.8-V HSTL Class I  ; 0 pF  ; (See 1.8-V HSTL Class I)           ;
; Differential 1.8-V HSTL Class II ; 0 pF  ; (See 1.8-V HSTL Class II)          ;
; LVDS                             ; 0 pF  ; 100 Ohm (Differential)             ;
; mini-LVDS                        ; 0 pF  ; 100 Ohm (Differential)             ;
; RSDS                             ; 0 pF  ; 100 Ohm (Differential)             ;
; Simple RSDS                      ; 0 pF  ; Not Available                      ;
; Differential LVPECL              ; 0 pF  ; 100 Ohm (Differential)             ;
+----------------------------------+-------+------------------------------------+
Note: User assignments will override these defaults. The user specified values are listed in the Output Pins and Bidir Pins tables.


+------------------------------------------------------------------------------------------------------------------------------------------------------------------------------------------------------------------------------------------------------------------------------------------------------------------------------------------------------------------------------------------------------------------+
; Fitter Resource Utilization by Entity                                                                                                                                                                                                                                                                                                                                                                            ;
+----------------------------------------------------+-------------+---------------------------+---------------+-------------+------+--------------+---------+-----------+------+--------------+--------------+-------------------+------------------+----------------------------------------------------------------------------------------------------------------------------------------------+--------------+
; Compilation Hierarchy Node                         ; Logic Cells ; Dedicated Logic Registers ; I/O Registers ; Memory Bits ; M4Ks ; DSP Elements ; DSP 9x9 ; DSP 18x18 ; Pins ; Virtual Pins ; LUT-Only LCs ; Register-Only LCs ; LUT/Register LCs ; Full Hierarchy Name                                                                                                                          ; Library Name ;
+----------------------------------------------------+-------------+---------------------------+---------------+-------------+------+--------------+---------+-----------+------+--------------+--------------+-------------------+------------------+----------------------------------------------------------------------------------------------------------------------------------------------+--------------+
; |FPGA_Top                                          ; 5768 (1)    ; 2814 (0)                  ; 0 (0)         ; 49152       ; 12   ; 0            ; 0       ; 0         ; 144  ; 0            ; 2954 (1)     ; 825 (0)           ; 1989 (1)         ; |FPGA_Top                                                                                                                                    ; work         ;
;    |SoC_Top:u_soc|                                 ; 5711 (9)    ; 2814 (7)                  ; 0 (0)         ; 49152       ; 12   ; 0            ; 0       ; 0         ; 0    ; 0            ; 2897 (2)     ; 825 (0)           ; 1989 (7)         ; |FPGA_Top|SoC_Top:u_soc                                                                                                                      ; work         ;
;       |Pipeline_top:u_cpu|                         ; 4288 (0)    ; 2037 (0)                  ; 0 (0)         ; 49152       ; 12   ; 0            ; 0       ; 0         ; 0    ; 0            ; 2247 (0)     ; 598 (0)           ; 1443 (0)         ; |FPGA_Top|SoC_Top:u_soc|Pipeline_top:u_cpu                                                                                                   ; work         ;
;          |decode_cycle:decode|                     ; 2260 (263)  ; 1344 (221)                ; 0 (0)         ; 0           ; 0    ; 0            ; 0       ; 0         ; 0    ; 0            ; 916 (42)     ; 415 (1)           ; 929 (218)        ; |FPGA_Top|SoC_Top:u_soc|Pipeline_top:u_cpu|decode_cycle:decode                                                                               ; work         ;
;             |CSR_Unit:u_csr|                       ; 221 (221)   ; 99 (99)                   ; 0 (0)         ; 0           ; 0    ; 0            ; 0       ; 0         ; 0    ; 0            ; 122 (122)    ; 0 (0)             ; 99 (99)          ; |FPGA_Top|SoC_Top:u_soc|Pipeline_top:u_cpu|decode_cycle:decode|CSR_Unit:u_csr                                                                ; work         ;
;             |Control_Unit_Top:control|             ; 33 (12)     ; 0 (0)                     ; 0 (0)         ; 0           ; 0    ; 0            ; 0       ; 0         ; 0    ; 0            ; 31 (11)      ; 0 (0)             ; 2 (1)            ; |FPGA_Top|SoC_Top:u_soc|Pipeline_top:u_cpu|decode_cycle:decode|Control_Unit_Top:control                                                      ; work         ;
;                |ALU_Decoder:ALU_Decoder|           ; 2 (2)       ; 0 (0)                     ; 0 (0)         ; 0           ; 0    ; 0            ; 0       ; 0         ; 0    ; 0            ; 2 (2)        ; 0 (0)             ; 0 (0)            ; |FPGA_Top|SoC_Top:u_soc|Pipeline_top:u_cpu|decode_cycle:decode|Control_Unit_Top:control|ALU_Decoder:ALU_Decoder                              ; work         ;
;                |Main_Decoder:Main_Decoder|         ; 19 (19)     ; 0 (0)                     ; 0 (0)         ; 0           ; 0    ; 0            ; 0       ; 0         ; 0    ; 0            ; 18 (18)      ; 0 (0)             ; 1 (1)            ; |FPGA_Top|SoC_Top:u_soc|Pipeline_top:u_cpu|decode_cycle:decode|Control_Unit_Top:control|Main_Decoder:Main_Decoder                            ; work         ;
;             |Register_File:Reg_file|               ; 1745 (1745) ; 1024 (1024)               ; 0 (0)         ; 0           ; 0    ; 0            ; 0       ; 0         ; 0    ; 0            ; 721 (721)    ; 414 (414)         ; 610 (610)        ; |FPGA_Top|SoC_Top:u_soc|Pipeline_top:u_cpu|decode_cycle:decode|Register_File:Reg_file                                                        ; work         ;
;          |execute_cycle:execute|                   ; 1273 (204)  ; 140 (140)                 ; 0 (0)         ; 0           ; 0    ; 0            ; 0       ; 0         ; 0    ; 0            ; 1109 (60)    ; 2 (2)             ; 162 (137)        ; |FPGA_Top|SoC_Top:u_soc|Pipeline_top:u_cpu|execute_cycle:execute                                                                             ; work         ;
;             |ALU:alu|                              ; 684 (684)   ; 0 (0)                     ; 0 (0)         ; 0           ; 0    ; 0            ; 0       ; 0         ; 0    ; 0            ; 673 (673)    ; 0 (0)             ; 11 (11)          ; |FPGA_Top|SoC_Top:u_soc|Pipeline_top:u_cpu|execute_cycle:execute|ALU:alu                                                                     ; work         ;
;             |Branch_Comparator:br_cmp|             ; 88 (88)     ; 0 (0)                     ; 0 (0)         ; 0           ; 0    ; 0            ; 0       ; 0         ; 0    ; 0            ; 87 (87)      ; 0 (0)             ; 1 (1)            ; |FPGA_Top|SoC_Top:u_soc|Pipeline_top:u_cpu|execute_cycle:execute|Branch_Comparator:br_cmp                                                    ; work         ;
;             |Mux3x1:mux_alu_src_A|                 ; 85 (85)     ; 0 (0)                     ; 0 (0)         ; 0           ; 0    ; 0            ; 0       ; 0         ; 0    ; 0            ; 81 (81)      ; 0 (0)             ; 4 (4)            ; |FPGA_Top|SoC_Top:u_soc|Pipeline_top:u_cpu|execute_cycle:execute|Mux3x1:mux_alu_src_A                                                        ; work         ;
;             |Mux3x1:mux_forward_A|                 ; 76 (76)     ; 0 (0)                     ; 0 (0)         ; 0           ; 0    ; 0            ; 0       ; 0         ; 0    ; 0            ; 72 (72)      ; 0 (0)             ; 4 (4)            ; |FPGA_Top|SoC_Top:u_soc|Pipeline_top:u_cpu|execute_cycle:execute|Mux3x1:mux_forward_A                                                        ; work         ;
;             |Mux3x1:mux_forward_B|                 ; 69 (69)     ; 0 (0)                     ; 0 (0)         ; 0           ; 0    ; 0            ; 0       ; 0         ; 0    ; 0            ; 65 (65)      ; 0 (0)             ; 4 (4)            ; |FPGA_Top|SoC_Top:u_soc|Pipeline_top:u_cpu|execute_cycle:execute|Mux3x1:mux_forward_B                                                        ; work         ;
;             |Mux:alu_src_B_mux|                    ; 40 (40)     ; 0 (0)                     ; 0 (0)         ; 0           ; 0    ; 0            ; 0       ; 0         ; 0    ; 0            ; 39 (39)      ; 0 (0)             ; 1 (1)            ; |FPGA_Top|SoC_Top:u_soc|Pipeline_top:u_cpu|execute_cycle:execute|Mux:alu_src_B_mux                                                           ; work         ;
;             |PC_Adder:branch_adder|                ; 32 (32)     ; 0 (0)                     ; 0 (0)         ; 0           ; 0    ; 0            ; 0       ; 0         ; 0    ; 0            ; 32 (32)      ; 0 (0)             ; 0 (0)            ; |FPGA_Top|SoC_Top:u_soc|Pipeline_top:u_cpu|execute_cycle:execute|PC_Adder:branch_adder                                                       ; work         ;
;          |fetch_cycle:fetch|                       ; 385 (207)   ; 265 (157)                 ; 0 (0)         ; 32768       ; 8    ; 0            ; 0       ; 0         ; 0    ; 0            ; 116 (49)     ; 118 (53)          ; 151 (108)        ; |FPGA_Top|SoC_Top:u_soc|Pipeline_top:u_cpu|fetch_cycle:fetch                                                                                 ; work         ;
;             |Instruction_Memory:I_Memory|          ; 81 (81)     ; 76 (76)                   ; 0 (0)         ; 32768       ; 8    ; 0            ; 0       ; 0         ; 0    ; 0            ; 1 (1)        ; 65 (65)           ; 15 (15)          ; |FPGA_Top|SoC_Top:u_soc|Pipeline_top:u_cpu|fetch_cycle:fetch|Instruction_Memory:I_Memory                                                     ; work         ;
;                |altsyncram:mem_rtl_0|              ; 0 (0)       ; 0 (0)                     ; 0 (0)         ; 32768       ; 8    ; 0            ; 0       ; 0         ; 0    ; 0            ; 0 (0)        ; 0 (0)             ; 0 (0)            ; |FPGA_Top|SoC_Top:u_soc|Pipeline_top:u_cpu|fetch_cycle:fetch|Instruction_Memory:I_Memory|altsyncram:mem_rtl_0                                ; work         ;
;                   |altsyncram_70e1:auto_generated| ; 0 (0)       ; 0 (0)                     ; 0 (0)         ; 32768       ; 8    ; 0            ; 0       ; 0         ; 0    ; 0            ; 0 (0)        ; 0 (0)             ; 0 (0)            ; |FPGA_Top|SoC_Top:u_soc|Pipeline_top:u_cpu|fetch_cycle:fetch|Instruction_Memory:I_Memory|altsyncram:mem_rtl_0|altsyncram_70e1:auto_generated ; work         ;
;             |Mux:Trap_PC_MUX|                      ; 68 (68)     ; 0 (0)                     ; 0 (0)         ; 0           ; 0    ; 0            ; 0       ; 0         ; 0    ; 0            ; 36 (36)      ; 0 (0)             ; 32 (32)          ; |FPGA_Top|SoC_Top:u_soc|Pipeline_top:u_cpu|fetch_cycle:fetch|Mux:Trap_PC_MUX                                                                 ; work         ;
;             |PC_Module:Program_Counter|            ; 32 (32)     ; 32 (32)                   ; 0 (0)         ; 0           ; 0    ; 0            ; 0       ; 0         ; 0    ; 0            ; 0 (0)        ; 0 (0)             ; 32 (32)          ; |FPGA_Top|SoC_Top:u_soc|Pipeline_top:u_cpu|fetch_cycle:fetch|PC_Module:Program_Counter                                                       ; work         ;
;             |PC_adder_top:PC_adder|                ; 30 (30)     ; 0 (0)                     ; 0 (0)         ; 0           ; 0    ; 0            ; 0       ; 0         ; 0    ; 0            ; 30 (30)      ; 0 (0)             ; 0 (0)            ; |FPGA_Top|SoC_Top:u_soc|Pipeline_top:u_cpu|fetch_cycle:fetch|PC_adder_top:PC_adder                                                           ; work         ;
;          |hazard_unit:hazard|                      ; 29 (29)     ; 0 (0)                     ; 0 (0)         ; 0           ; 0    ; 0            ; 0       ; 0         ; 0    ; 0            ; 17 (17)      ; 0 (0)             ; 12 (12)          ; |FPGA_Top|SoC_Top:u_soc|Pipeline_top:u_cpu|hazard_unit:hazard                                                                                ; work         ;
;          |memory_cycle:memory|                     ; 382 (169)   ; 288 (136)                 ; 0 (0)         ; 16384       ; 4    ; 0            ; 0       ; 0         ; 0    ; 0            ; 89 (30)      ; 63 (18)           ; 230 (134)        ; |FPGA_Top|SoC_Top:u_soc|Pipeline_top:u_cpu|memory_cycle:memory                                                                               ; work         ;
;             |Data_Memory:data_memory|              ; 117 (117)   ; 75 (75)                   ; 0 (0)         ; 16384       ; 4    ; 0            ; 0       ; 0         ; 0    ; 0            ; 37 (37)      ; 5 (5)             ; 75 (75)          ; |FPGA_Top|SoC_Top:u_soc|Pipeline_top:u_cpu|memory_cycle:memory|Data_Memory:data_memory                                                       ; work         ;
;                |altsyncram:mem_rtl_0|              ; 0 (0)       ; 0 (0)                     ; 0 (0)         ; 16384       ; 4    ; 0            ; 0       ; 0         ; 0    ; 0            ; 0 (0)        ; 0 (0)             ; 0 (0)            ; |FPGA_Top|SoC_Top:u_soc|Pipeline_top:u_cpu|memory_cycle:memory|Data_Memory:data_memory|altsyncram:mem_rtl_0                                  ; work         ;
;                   |altsyncram_ibc1:auto_generated| ; 0 (0)       ; 0 (0)                     ; 0 (0)         ; 16384       ; 4    ; 0            ; 0       ; 0         ; 0    ; 0            ; 0 (0)        ; 0 (0)             ; 0 (0)            ; |FPGA_Top|SoC_Top:u_soc|Pipeline_top:u_cpu|memory_cycle:memory|Data_Memory:data_memory|altsyncram:mem_rtl_0|altsyncram_ibc1:auto_generated   ; work         ;
;             |apb_master:u_apb_master|              ; 100 (100)   ; 77 (77)                   ; 0 (0)         ; 0           ; 0    ; 0            ; 0       ; 0         ; 0    ; 0            ; 22 (22)      ; 40 (40)           ; 38 (38)          ; |FPGA_Top|SoC_Top:u_soc|Pipeline_top:u_cpu|memory_cycle:memory|apb_master:u_apb_master                                                       ; work         ;
;          |write_back_cycle:write_back|             ; 64 (0)      ; 0 (0)                     ; 0 (0)         ; 0           ; 0    ; 0            ; 0       ; 0         ; 0    ; 0            ; 0 (0)        ; 0 (0)             ; 64 (0)           ; |FPGA_Top|SoC_Top:u_soc|Pipeline_top:u_cpu|write_back_cycle:write_back                                                                       ; work         ;
;             |Mux4x1:WB_mux|                        ; 64 (64)     ; 0 (0)                     ; 0 (0)         ; 0           ; 0    ; 0            ; 0       ; 0         ; 0    ; 0            ; 0 (0)        ; 0 (0)             ; 64 (64)          ; |FPGA_Top|SoC_Top:u_soc|Pipeline_top:u_cpu|write_back_cycle:write_back|Mux4x1:WB_mux                                                         ; work         ;
;       |UART_LOADER:u_loader|                       ; 116 (116)   ; 93 (93)                   ; 0 (0)         ; 0           ; 0    ; 0            ; 0       ; 0         ; 0    ; 0            ; 19 (19)      ; 73 (73)           ; 24 (24)          ; |FPGA_Top|SoC_Top:u_soc|UART_LOADER:u_loader                                                                                                 ; work         ;
;       |UART_RX:u_boot_rx|                          ; 71 (71)     ; 36 (36)                   ; 0 (0)         ; 0           ; 0    ; 0            ; 0       ; 0         ; 0    ; 0            ; 33 (33)      ; 5 (5)             ; 33 (33)          ; |FPGA_Top|SoC_Top:u_soc|UART_RX:u_boot_rx                                                                                                    ; work         ;
;       |apb_gpio:u_gpio|                            ; 96 (96)     ; 86 (86)                   ; 0 (0)         ; 0           ; 0    ; 0            ; 0       ; 0         ; 0    ; 0            ; 10 (10)      ; 27 (27)           ; 59 (59)          ; |FPGA_Top|SoC_Top:u_soc|apb_gpio:u_gpio                                                                                                      ; work         ;
;       |apb_i2c_master:u_i2c|                       ; 162 (162)   ; 88 (88)                   ; 0 (0)         ; 0           ; 0    ; 0            ; 0       ; 0         ; 0    ; 0            ; 73 (73)      ; 16 (16)           ; 73 (73)          ; |FPGA_Top|SoC_Top:u_soc|apb_i2c_master:u_i2c                                                                                                 ; work         ;
;       |apb_interconnect:u_apb_ic|                  ; 299 (299)   ; 0 (0)                     ; 0 (0)         ; 0           ; 0    ; 0            ; 0       ; 0         ; 0    ; 0            ; 141 (141)    ; 0 (0)             ; 158 (158)        ; |FPGA_Top|SoC_Top:u_soc|apb_interconnect:u_apb_ic                                                                                            ; work         ;
;       |apb_pwm:u_pwm|                              ; 406 (406)   ; 228 (228)                 ; 0 (0)         ; 0           ; 0    ; 0            ; 0       ; 0         ; 0    ; 0            ; 178 (178)    ; 45 (45)           ; 183 (183)        ; |FPGA_Top|SoC_Top:u_soc|apb_pwm:u_pwm                                                                                                        ; work         ;
;       |apb_spi_master:u_spi|                       ; 81 (81)     ; 56 (56)                   ; 0 (0)         ; 0           ; 0    ; 0            ; 0       ; 0         ; 0    ; 0            ; 23 (23)      ; 15 (15)           ; 43 (43)          ; |FPGA_Top|SoC_Top:u_soc|apb_spi_master:u_spi                                                                                                 ; work         ;
;       |apb_timer:u_timer|                          ; 208 (208)   ; 102 (102)                 ; 0 (0)         ; 0           ; 0    ; 0            ; 0       ; 0         ; 0    ; 0            ; 106 (106)    ; 28 (28)           ; 74 (74)          ; |FPGA_Top|SoC_Top:u_soc|apb_timer:u_timer                                                                                                    ; work         ;
;       |apb_uart:u_uart|                            ; 146 (22)    ; 81 (18)                   ; 0 (0)         ; 0           ; 0    ; 0            ; 0       ; 0         ; 0    ; 0            ; 65 (5)       ; 18 (5)            ; 63 (12)          ; |FPGA_Top|SoC_Top:u_soc|apb_uart:u_uart                                                                                                      ; work         ;
;          |UART_TOP:u_uart|                         ; 124 (0)     ; 63 (0)                    ; 0 (0)         ; 0           ; 0    ; 0            ; 0       ; 0         ; 0    ; 0            ; 60 (0)       ; 13 (0)            ; 51 (0)           ; |FPGA_Top|SoC_Top:u_soc|apb_uart:u_uart|UART_TOP:u_uart                                                                                      ; work         ;
;             |UART_RX:u_rx|                         ; 73 (73)     ; 36 (36)                   ; 0 (0)         ; 0           ; 0    ; 0            ; 0       ; 0         ; 0    ; 0            ; 37 (37)      ; 9 (9)             ; 27 (27)          ; |FPGA_Top|SoC_Top:u_soc|apb_uart:u_uart|UART_TOP:u_uart|UART_RX:u_rx                                                                         ; work         ;
;             |UART_TX:u_tx|                         ; 51 (51)     ; 27 (27)                   ; 0 (0)         ; 0           ; 0    ; 0            ; 0       ; 0         ; 0    ; 0            ; 23 (23)      ; 4 (4)             ; 24 (24)          ; |FPGA_Top|SoC_Top:u_soc|apb_uart:u_uart|UART_TOP:u_uart|UART_TX:u_tx                                                                         ; work         ;
;    |seven_seg:u_hex0|                              ; 7 (7)       ; 0 (0)                     ; 0 (0)         ; 0           ; 0    ; 0            ; 0       ; 0         ; 0    ; 0            ; 7 (7)        ; 0 (0)             ; 0 (0)            ; |FPGA_Top|seven_seg:u_hex0                                                                                                                   ; work         ;
;    |seven_seg:u_hex1|                              ; 7 (7)       ; 0 (0)                     ; 0 (0)         ; 0           ; 0    ; 0            ; 0       ; 0         ; 0    ; 0            ; 7 (7)        ; 0 (0)             ; 0 (0)            ; |FPGA_Top|seven_seg:u_hex1                                                                                                                   ; work         ;
;    |seven_seg:u_hex2|                              ; 7 (7)       ; 0 (0)                     ; 0 (0)         ; 0           ; 0    ; 0            ; 0       ; 0         ; 0    ; 0            ; 7 (7)        ; 0 (0)             ; 0 (0)            ; |FPGA_Top|seven_seg:u_hex2                                                                                                                   ; work         ;
;    |seven_seg:u_hex3|                              ; 7 (7)       ; 0 (0)                     ; 0 (0)         ; 0           ; 0    ; 0            ; 0       ; 0         ; 0    ; 0            ; 7 (7)        ; 0 (0)             ; 0 (0)            ; |FPGA_Top|seven_seg:u_hex3                                                                                                                   ; work         ;
;    |seven_seg:u_hex4|                              ; 7 (7)       ; 0 (0)                     ; 0 (0)         ; 0           ; 0    ; 0            ; 0       ; 0         ; 0    ; 0            ; 7 (7)        ; 0 (0)             ; 0 (0)            ; |FPGA_Top|seven_seg:u_hex4                                                                                                                   ; work         ;
;    |seven_seg:u_hex5|                              ; 7 (7)       ; 0 (0)                     ; 0 (0)         ; 0           ; 0    ; 0            ; 0       ; 0         ; 0    ; 0            ; 7 (7)        ; 0 (0)             ; 0 (0)            ; |FPGA_Top|seven_seg:u_hex5                                                                                                                   ; work         ;
;    |seven_seg:u_hex6|                              ; 7 (7)       ; 0 (0)                     ; 0 (0)         ; 0           ; 0    ; 0            ; 0       ; 0         ; 0    ; 0            ; 7 (7)        ; 0 (0)             ; 0 (0)            ; |FPGA_Top|seven_seg:u_hex6                                                                                                                   ; work         ;
;    |seven_seg:u_hex7|                              ; 7 (7)       ; 0 (0)                     ; 0 (0)         ; 0           ; 0    ; 0            ; 0       ; 0         ; 0    ; 0            ; 7 (7)        ; 0 (0)             ; 0 (0)            ; |FPGA_Top|seven_seg:u_hex7                                                                                                                   ; work         ;
+----------------------------------------------------+-------------+---------------------------+---------------+-------------+------+--------------+---------+-----------+------+--------------+--------------+-------------------+------------------+----------------------------------------------------------------------------------------------------------------------------------------------+--------------+
Note: For table entries with two numbers listed, the numbers in parentheses indicate the number of resources of the given type used by the specific entity alone. The numbers listed outside of parentheses indicate the total resources of the given type used by the specific entity and all of its sub-entities in the hierarchy.


+-------------------------------------------------------------------------------------+
; Delay Chain Summary                                                                 ;
+------------+----------+---------------+---------------+-----------------------+-----+
; Name       ; Pin Type ; Pad to Core 0 ; Pad to Core 1 ; Pad to Input Register ; TCO ;
+------------+----------+---------------+---------------+-----------------------+-----+
; GPIO_0[10] ; Bidir    ; (0) 171 ps    ; (0) 171 ps    ; --                    ; --  ;
; GPIO_0[0]  ; Bidir    ; (0) 171 ps    ; (0) 171 ps    ; --                    ; --  ;
; GPIO_0[1]  ; Bidir    ; (0) 171 ps    ; (0) 171 ps    ; --                    ; --  ;
; GPIO_0[2]  ; Bidir    ; (6) 2523 ps   ; (6) 2523 ps   ; --                    ; --  ;
; GPIO_0[3]  ; Bidir    ; (0) 171 ps    ; (0) 171 ps    ; --                    ; --  ;
; GPIO_0[4]  ; Bidir    ; (0) 171 ps    ; (0) 171 ps    ; --                    ; --  ;
; GPIO_0[5]  ; Bidir    ; (6) 2523 ps   ; (6) 2523 ps   ; --                    ; --  ;
; GPIO_0[6]  ; Bidir    ; (0) 171 ps    ; (0) 171 ps    ; --                    ; --  ;
; GPIO_0[7]  ; Bidir    ; (0) 171 ps    ; (0) 171 ps    ; --                    ; --  ;
; GPIO_0[8]  ; Bidir    ; (0) 171 ps    ; (0) 171 ps    ; --                    ; --  ;
; GPIO_0[9]  ; Bidir    ; (0) 171 ps    ; (0) 171 ps    ; --                    ; --  ;
; GPIO_0[11] ; Bidir    ; (6) 2523 ps   ; (6) 2523 ps   ; --                    ; --  ;
; GPIO_0[12] ; Bidir    ; (6) 2523 ps   ; (6) 2523 ps   ; --                    ; --  ;
; GPIO_0[13] ; Bidir    ; (0) 171 ps    ; (0) 171 ps    ; --                    ; --  ;
; GPIO_0[14] ; Bidir    ; (6) 2523 ps   ; (6) 2523 ps   ; --                    ; --  ;
; GPIO_0[15] ; Bidir    ; (0) 171 ps    ; (0) 171 ps    ; --                    ; --  ;
; GPIO_0[16] ; Bidir    ; (0) 171 ps    ; (0) 171 ps    ; --                    ; --  ;
; GPIO_0[17] ; Bidir    ; (0) 171 ps    ; (0) 171 ps    ; --                    ; --  ;
; GPIO_0[18] ; Bidir    ; (0) 171 ps    ; (0) 171 ps    ; --                    ; --  ;
; GPIO_0[19] ; Bidir    ; (0) 171 ps    ; (0) 171 ps    ; --                    ; --  ;
; GPIO_0[20] ; Bidir    ; (0) 171 ps    ; (0) 171 ps    ; --                    ; --  ;
; GPIO_0[21] ; Bidir    ; (0) 171 ps    ; (0) 171 ps    ; --                    ; --  ;
; GPIO_0[22] ; Bidir    ; (0) 171 ps    ; (0) 171 ps    ; --                    ; --  ;
; GPIO_0[23] ; Bidir    ; (0) 171 ps    ; (0) 171 ps    ; --                    ; --  ;
; GPIO_0[24] ; Bidir    ; (0) 171 ps    ; (0) 171 ps    ; --                    ; --  ;
; GPIO_0[25] ; Bidir    ; (0) 171 ps    ; (0) 171 ps    ; --                    ; --  ;
; GPIO_0[26] ; Bidir    ; (0) 171 ps    ; (0) 171 ps    ; --                    ; --  ;
; GPIO_0[27] ; Bidir    ; (0) 171 ps    ; (0) 171 ps    ; --                    ; --  ;
; GPIO_0[28] ; Bidir    ; (0) 171 ps    ; (0) 171 ps    ; --                    ; --  ;
; GPIO_0[29] ; Bidir    ; (0) 171 ps    ; (0) 171 ps    ; --                    ; --  ;
; GPIO_0[30] ; Bidir    ; (0) 171 ps    ; (0) 171 ps    ; --                    ; --  ;
; GPIO_0[31] ; Bidir    ; (0) 171 ps    ; (0) 171 ps    ; --                    ; --  ;
; GPIO_0[32] ; Bidir    ; (0) 171 ps    ; (0) 171 ps    ; --                    ; --  ;
; GPIO_0[33] ; Bidir    ; (0) 171 ps    ; (0) 171 ps    ; --                    ; --  ;
; GPIO_0[34] ; Bidir    ; (0) 171 ps    ; (0) 171 ps    ; --                    ; --  ;
; GPIO_0[35] ; Bidir    ; (0) 171 ps    ; (0) 171 ps    ; --                    ; --  ;
; SW[16]     ; Input    ; (0) 171 ps    ; (0) 171 ps    ; --                    ; --  ;
; LEDR[0]    ; Output   ; --            ; --            ; --                    ; --  ;
; LEDR[1]    ; Output   ; --            ; --            ; --                    ; --  ;
; LEDR[2]    ; Output   ; --            ; --            ; --                    ; --  ;
; LEDR[3]    ; Output   ; --            ; --            ; --                    ; --  ;
; LEDR[4]    ; Output   ; --            ; --            ; --                    ; --  ;
; LEDR[5]    ; Output   ; --            ; --            ; --                    ; --  ;
; LEDR[6]    ; Output   ; --            ; --            ; --                    ; --  ;
; LEDR[7]    ; Output   ; --            ; --            ; --                    ; --  ;
; LEDR[8]    ; Output   ; --            ; --            ; --                    ; --  ;
; LEDR[9]    ; Output   ; --            ; --            ; --                    ; --  ;
; LEDR[10]   ; Output   ; --            ; --            ; --                    ; --  ;
; LEDR[11]   ; Output   ; --            ; --            ; --                    ; --  ;
; LEDR[12]   ; Output   ; --            ; --            ; --                    ; --  ;
; LEDR[13]   ; Output   ; --            ; --            ; --                    ; --  ;
; LEDR[14]   ; Output   ; --            ; --            ; --                    ; --  ;
; LEDR[15]   ; Output   ; --            ; --            ; --                    ; --  ;
; LEDR[16]   ; Output   ; --            ; --            ; --                    ; --  ;
; LEDR[17]   ; Output   ; --            ; --            ; --                    ; --  ;
; LEDG[0]    ; Output   ; --            ; --            ; --                    ; --  ;
; LEDG[1]    ; Output   ; --            ; --            ; --                    ; --  ;
; LEDG[2]    ; Output   ; --            ; --            ; --                    ; --  ;
; LEDG[3]    ; Output   ; --            ; --            ; --                    ; --  ;
; LEDG[4]    ; Output   ; --            ; --            ; --                    ; --  ;
; LEDG[5]    ; Output   ; --            ; --            ; --                    ; --  ;
; LEDG[6]    ; Output   ; --            ; --            ; --                    ; --  ;
; LEDG[7]    ; Output   ; --            ; --            ; --                    ; --  ;
; LEDG[8]    ; Output   ; --            ; --            ; --                    ; --  ;
; HEX0[0]    ; Output   ; --            ; --            ; --                    ; --  ;
; HEX0[1]    ; Output   ; --            ; --            ; --                    ; --  ;
; HEX0[2]    ; Output   ; --            ; --            ; --                    ; --  ;
; HEX0[3]    ; Output   ; --            ; --            ; --                    ; --  ;
; HEX0[4]    ; Output   ; --            ; --            ; --                    ; --  ;
; HEX0[5]    ; Output   ; --            ; --            ; --                    ; --  ;
; HEX0[6]    ; Output   ; --            ; --            ; --                    ; --  ;
; HEX1[0]    ; Output   ; --            ; --            ; --                    ; --  ;
; HEX1[1]    ; Output   ; --            ; --            ; --                    ; --  ;
; HEX1[2]    ; Output   ; --            ; --            ; --                    ; --  ;
; HEX1[3]    ; Output   ; --            ; --            ; --                    ; --  ;
; HEX1[4]    ; Output   ; --            ; --            ; --                    ; --  ;
; HEX1[5]    ; Output   ; --            ; --            ; --                    ; --  ;
; HEX1[6]    ; Output   ; --            ; --            ; --                    ; --  ;
; HEX2[0]    ; Output   ; --            ; --            ; --                    ; --  ;
; HEX2[1]    ; Output   ; --            ; --            ; --                    ; --  ;
; HEX2[2]    ; Output   ; --            ; --            ; --                    ; --  ;
; HEX2[3]    ; Output   ; --            ; --            ; --                    ; --  ;
; HEX2[4]    ; Output   ; --            ; --            ; --                    ; --  ;
; HEX2[5]    ; Output   ; --            ; --            ; --                    ; --  ;
; HEX2[6]    ; Output   ; --            ; --            ; --                    ; --  ;
; HEX3[0]    ; Output   ; --            ; --            ; --                    ; --  ;
; HEX3[1]    ; Output   ; --            ; --            ; --                    ; --  ;
; HEX3[2]    ; Output   ; --            ; --            ; --                    ; --  ;
; HEX3[3]    ; Output   ; --            ; --            ; --                    ; --  ;
; HEX3[4]    ; Output   ; --            ; --            ; --                    ; --  ;
; HEX3[5]    ; Output   ; --            ; --            ; --                    ; --  ;
; HEX3[6]    ; Output   ; --            ; --            ; --                    ; --  ;
; HEX4[0]    ; Output   ; --            ; --            ; --                    ; --  ;
; HEX4[1]    ; Output   ; --            ; --            ; --                    ; --  ;
; HEX4[2]    ; Output   ; --            ; --            ; --                    ; --  ;
; HEX4[3]    ; Output   ; --            ; --            ; --                    ; --  ;
; HEX4[4]    ; Output   ; --            ; --            ; --                    ; --  ;
; HEX4[5]    ; Output   ; --            ; --            ; --                    ; --  ;
; HEX4[6]    ; Output   ; --            ; --            ; --                    ; --  ;
; HEX5[0]    ; Output   ; --            ; --            ; --                    ; --  ;
; HEX5[1]    ; Output   ; --            ; --            ; --                    ; --  ;
; HEX5[2]    ; Output   ; --            ; --            ; --                    ; --  ;
; HEX5[3]    ; Output   ; --            ; --            ; --                    ; --  ;
; HEX5[4]    ; Output   ; --            ; --            ; --                    ; --  ;
; HEX5[5]    ; Output   ; --            ; --            ; --                    ; --  ;
; HEX5[6]    ; Output   ; --            ; --            ; --                    ; --  ;
; HEX6[0]    ; Output   ; --            ; --            ; --                    ; --  ;
; HEX6[1]    ; Output   ; --            ; --            ; --                    ; --  ;
; HEX6[2]    ; Output   ; --            ; --            ; --                    ; --  ;
; HEX6[3]    ; Output   ; --            ; --            ; --                    ; --  ;
; HEX6[4]    ; Output   ; --            ; --            ; --                    ; --  ;
; HEX6[5]    ; Output   ; --            ; --            ; --                    ; --  ;
; HEX6[6]    ; Output   ; --            ; --            ; --                    ; --  ;
; HEX7[0]    ; Output   ; --            ; --            ; --                    ; --  ;
; HEX7[1]    ; Output   ; --            ; --            ; --                    ; --  ;
; HEX7[2]    ; Output   ; --            ; --            ; --                    ; --  ;
; HEX7[3]    ; Output   ; --            ; --            ; --                    ; --  ;
; HEX7[4]    ; Output   ; --            ; --            ; --                    ; --  ;
; HEX7[5]    ; Output   ; --            ; --            ; --                    ; --  ;
; HEX7[6]    ; Output   ; --            ; --            ; --                    ; --  ;
; UART_TXD   ; Output   ; --            ; --            ; --                    ; --  ;
; SW[17]     ; Input    ; (6) 2523 ps   ; (6) 2523 ps   ; --                    ; --  ;
; SW[0]      ; Input    ; (0) 171 ps    ; (0) 171 ps    ; --                    ; --  ;
; SW[1]      ; Input    ; (0) 171 ps    ; (0) 171 ps    ; --                    ; --  ;
; SW[2]      ; Input    ; (0) 171 ps    ; (0) 171 ps    ; --                    ; --  ;
; SW[3]      ; Input    ; (0) 170 ps    ; (0) 170 ps    ; --                    ; --  ;
; SW[4]      ; Input    ; (0) 170 ps    ; (0) 170 ps    ; --                    ; --  ;
; SW[5]      ; Input    ; (0) 170 ps    ; (0) 170 ps    ; --                    ; --  ;
; SW[6]      ; Input    ; (0) 170 ps    ; (0) 170 ps    ; --                    ; --  ;
; SW[7]      ; Input    ; (0) 170 ps    ; (0) 170 ps    ; --                    ; --  ;
; SW[8]      ; Input    ; (0) 170 ps    ; (0) 170 ps    ; --                    ; --  ;
; SW[9]      ; Input    ; (0) 170 ps    ; (0) 170 ps    ; --                    ; --  ;
; SW[10]     ; Input    ; (0) 171 ps    ; (0) 171 ps    ; --                    ; --  ;
; SW[11]     ; Input    ; (0) 171 ps    ; (0) 171 ps    ; --                    ; --  ;
; SW[12]     ; Input    ; (0) 171 ps    ; (0) 171 ps    ; --                    ; --  ;
; SW[13]     ; Input    ; (6) 2523 ps   ; (6) 2523 ps   ; --                    ; --  ;
; SW[14]     ; Input    ; (6) 2523 ps   ; (6) 2523 ps   ; --                    ; --  ;
; SW[15]     ; Input    ; (6) 2523 ps   ; (6) 2523 ps   ; --                    ; --  ;
; CLOCK_50   ; Input    ; (0) 171 ps    ; (0) 171 ps    ; --                    ; --  ;
; KEY[1]     ; Input    ; (6) 2523 ps   ; (6) 2523 ps   ; --                    ; --  ;
; KEY[0]     ; Input    ; (6) 2523 ps   ; (6) 2523 ps   ; --                    ; --  ;
; KEY[2]     ; Input    ; (6) 2523 ps   ; (6) 2523 ps   ; --                    ; --  ;
; KEY[3]     ; Input    ; (6) 2523 ps   ; (6) 2523 ps   ; --                    ; --  ;
; UART_RXD   ; Input    ; (6) 2523 ps   ; (6) 2523 ps   ; --                    ; --  ;
+------------+----------+---------------+---------------+-----------------------+-----+


+----------------------------------------------------------------------------------------------------------------------------------------------------------+
; Pad To Core Delay Chain Fanout                                                                                                                           ;
+----------------------------------------------------------------------------------------------------------------------------+-------------------+---------+
; Source Pin / Fanout                                                                                                        ; Pad To Core Index ; Setting ;
+----------------------------------------------------------------------------------------------------------------------------+-------------------+---------+
; GPIO_0[10]                                                                                                                 ;                   ;         ;
; GPIO_0[0]                                                                                                                  ;                   ;         ;
; GPIO_0[1]                                                                                                                  ;                   ;         ;
; GPIO_0[2]                                                                                                                  ;                   ;         ;
;      - SoC_Top:u_soc|apb_spi_master:u_spi|Selector20~0                                                                     ; 1                 ; 6       ;
; GPIO_0[3]                                                                                                                  ;                   ;         ;
; GPIO_0[4]                                                                                                                  ;                   ;         ;
; GPIO_0[5]                                                                                                                  ;                   ;         ;
;      - SoC_Top:u_soc|apb_i2c_master:u_i2c|Selector44~1                                                                     ; 1                 ; 6       ;
;      - SoC_Top:u_soc|apb_i2c_master:u_i2c|ack_fail~0                                                                       ; 1                 ; 6       ;
; GPIO_0[6]                                                                                                                  ;                   ;         ;
; GPIO_0[7]                                                                                                                  ;                   ;         ;
; GPIO_0[8]                                                                                                                  ;                   ;         ;
; GPIO_0[9]                                                                                                                  ;                   ;         ;
; GPIO_0[11]                                                                                                                 ;                   ;         ;
;      - SoC_Top:u_soc|apb_gpio:u_gpio|prev_gpio_in[20]                                                                      ; 0                 ; 6       ;
;      - SoC_Top:u_soc|apb_gpio:u_gpio|Equal3~8                                                                              ; 0                 ; 6       ;
;      - SoC_Top:u_soc|apb_interconnect:u_apb_ic|PRDATA[20]~147                                                              ; 0                 ; 6       ;
; GPIO_0[12]                                                                                                                 ;                   ;         ;
;      - SoC_Top:u_soc|apb_gpio:u_gpio|prev_gpio_in[12]                                                                      ; 0                 ; 6       ;
;      - SoC_Top:u_soc|apb_gpio:u_gpio|Equal3~6                                                                              ; 0                 ; 6       ;
;      - SoC_Top:u_soc|apb_interconnect:u_apb_ic|PRDATA[12]~272                                                              ; 0                 ; 6       ;
; GPIO_0[13]                                                                                                                 ;                   ;         ;
; GPIO_0[14]                                                                                                                 ;                   ;         ;
;      - uart_rx_soc                                                                                                         ; 1                 ; 6       ;
; GPIO_0[15]                                                                                                                 ;                   ;         ;
; GPIO_0[16]                                                                                                                 ;                   ;         ;
; GPIO_0[17]                                                                                                                 ;                   ;         ;
; GPIO_0[18]                                                                                                                 ;                   ;         ;
; GPIO_0[19]                                                                                                                 ;                   ;         ;
; GPIO_0[20]                                                                                                                 ;                   ;         ;
; GPIO_0[21]                                                                                                                 ;                   ;         ;
; GPIO_0[22]                                                                                                                 ;                   ;         ;
; GPIO_0[23]                                                                                                                 ;                   ;         ;
; GPIO_0[24]                                                                                                                 ;                   ;         ;
; GPIO_0[25]                                                                                                                 ;                   ;         ;
; GPIO_0[26]                                                                                                                 ;                   ;         ;
; GPIO_0[27]                                                                                                                 ;                   ;         ;
; GPIO_0[28]                                                                                                                 ;                   ;         ;
; GPIO_0[29]                                                                                                                 ;                   ;         ;
; GPIO_0[30]                                                                                                                 ;                   ;         ;
; GPIO_0[31]                                                                                                                 ;                   ;         ;
; GPIO_0[32]                                                                                                                 ;                   ;         ;
; GPIO_0[33]                                                                                                                 ;                   ;         ;
; GPIO_0[34]                                                                                                                 ;                   ;         ;
; GPIO_0[35]                                                                                                                 ;                   ;         ;
; SW[16]                                                                                                                     ;                   ;         ;
; SW[17]                                                                                                                     ;                   ;         ;
;      - SoC_Top:u_soc|apb_gpio:u_gpio|data_out_reg[0]                                                                       ; 1                 ; 6       ;
;      - SoC_Top:u_soc|apb_gpio:u_gpio|data_out_reg[1]                                                                       ; 1                 ; 6       ;
;      - SoC_Top:u_soc|apb_gpio:u_gpio|data_out_reg[2]                                                                       ; 1                 ; 6       ;
;      - SoC_Top:u_soc|apb_gpio:u_gpio|data_out_reg[3]                                                                       ; 1                 ; 6       ;
;      - SoC_Top:u_soc|apb_gpio:u_gpio|data_out_reg[4]                                                                       ; 1                 ; 6       ;
;      - SoC_Top:u_soc|apb_gpio:u_gpio|data_out_reg[5]                                                                       ; 1                 ; 6       ;
;      - SoC_Top:u_soc|apb_gpio:u_gpio|data_out_reg[6]                                                                       ; 1                 ; 6       ;
;      - SoC_Top:u_soc|apb_gpio:u_gpio|data_out_reg[7]                                                                       ; 1                 ; 6       ;
;      - SoC_Top:u_soc|apb_gpio:u_gpio|data_out_reg[8]                                                                       ; 1                 ; 6       ;
;      - SoC_Top:u_soc|apb_gpio:u_gpio|data_out_reg[9]                                                                       ; 1                 ; 6       ;
;      - SoC_Top:u_soc|apb_gpio:u_gpio|data_out_reg[10]                                                                      ; 1                 ; 6       ;
;      - SoC_Top:u_soc|apb_gpio:u_gpio|data_out_reg[11]                                                                      ; 1                 ; 6       ;
;      - SoC_Top:u_soc|apb_gpio:u_gpio|data_out_reg[12]                                                                      ; 1                 ; 6       ;
;      - SoC_Top:u_soc|apb_gpio:u_gpio|data_out_reg[13]                                                                      ; 1                 ; 6       ;
;      - SoC_Top:u_soc|apb_gpio:u_gpio|data_out_reg[14]                                                                      ; 1                 ; 6       ;
;      - SoC_Top:u_soc|apb_gpio:u_gpio|data_out_reg[15]                                                                      ; 1                 ; 6       ;
;      - SoC_Top:u_soc|Pipeline_top:u_cpu|decode_cycle:decode|ALUControlD_reg[1]                                             ; 1                 ; 6       ;
;      - SoC_Top:u_soc|Pipeline_top:u_cpu|decode_cycle:decode|ALUSrcD_reg                                                    ; 1                 ; 6       ;
;      - SoC_Top:u_soc|Pipeline_top:u_cpu|decode_cycle:decode|ALUControlD_reg[2]                                             ; 1                 ; 6       ;
;      - SoC_Top:u_soc|apb_spi_master:u_spi|spi_irq_flag                                                                     ; 1                 ; 6       ;
;      - SoC_Top:u_soc|Pipeline_top:u_cpu|decode_cycle:decode|CSR_Unit:u_csr|mstatus_mie                                     ; 1                 ; 6       ;
;      - SoC_Top:u_soc|Pipeline_top:u_cpu|decode_cycle:decode|RegWriteD_reg                                                  ; 1                 ; 6       ;
;      - SoC_Top:u_soc|Pipeline_top:u_cpu|decode_cycle:decode|CSR_Unit:u_csr|mstatus_mpie                                    ; 1                 ; 6       ;
;      - SoC_Top:u_soc|apb_spi_master:u_spi|sclk_reg                                                                         ; 1                 ; 6       ;
;      - SoC_Top:u_soc|apb_timer:u_timer|timer_expired                                                                       ; 1                 ; 6       ;
;      - SoC_Top:u_soc|Pipeline_top:u_cpu|execute_cycle:execute|ALUResultE_reg[0]                                            ; 1                 ; 6       ;
;      - SoC_Top:u_soc|apb_i2c_master:u_i2c|clk_cnt[0]                                                                       ; 1                 ; 6       ;
;      - SoC_Top:u_soc|apb_i2c_master:u_i2c|clk_cnt[1]                                                                       ; 1                 ; 6       ;
;      - SoC_Top:u_soc|apb_i2c_master:u_i2c|clk_cnt[2]                                                                       ; 1                 ; 6       ;
;      - SoC_Top:u_soc|apb_i2c_master:u_i2c|clk_cnt[3]                                                                       ; 1                 ; 6       ;
;      - SoC_Top:u_soc|apb_i2c_master:u_i2c|clk_cnt[4]                                                                       ; 1                 ; 6       ;
;      - SoC_Top:u_soc|apb_i2c_master:u_i2c|clk_cnt[5]                                                                       ; 1                 ; 6       ;
;      - SoC_Top:u_soc|apb_i2c_master:u_i2c|clk_cnt[6]                                                                       ; 1                 ; 6       ;
;      - SoC_Top:u_soc|apb_i2c_master:u_i2c|clk_cnt[7]                                                                       ; 1                 ; 6       ;
;      - SoC_Top:u_soc|apb_i2c_master:u_i2c|clk_cnt[8]                                                                       ; 1                 ; 6       ;
;      - SoC_Top:u_soc|apb_i2c_master:u_i2c|clk_cnt[9]                                                                       ; 1                 ; 6       ;
;      - SoC_Top:u_soc|apb_i2c_master:u_i2c|clk_cnt[10]                                                                      ; 1                 ; 6       ;
;      - SoC_Top:u_soc|apb_i2c_master:u_i2c|clk_cnt[11]                                                                      ; 1                 ; 6       ;
;      - SoC_Top:u_soc|apb_i2c_master:u_i2c|clk_cnt[12]                                                                      ; 1                 ; 6       ;
;      - SoC_Top:u_soc|apb_i2c_master:u_i2c|clk_cnt[13]                                                                      ; 1                 ; 6       ;
;      - SoC_Top:u_soc|apb_i2c_master:u_i2c|clk_cnt[14]                                                                      ; 1                 ; 6       ;
;      - SoC_Top:u_soc|apb_i2c_master:u_i2c|clk_cnt[15]                                                                      ; 1                 ; 6       ;
;      - SoC_Top:u_soc|apb_timer:u_timer|prescale_cnt[0]                                                                     ; 1                 ; 6       ;
;      - SoC_Top:u_soc|apb_timer:u_timer|prescale_cnt[1]                                                                     ; 1                 ; 6       ;
;      - SoC_Top:u_soc|apb_timer:u_timer|prescale_cnt[2]                                                                     ; 1                 ; 6       ;
;      - SoC_Top:u_soc|apb_timer:u_timer|prescale_cnt[3]                                                                     ; 1                 ; 6       ;
;      - SoC_Top:u_soc|apb_timer:u_timer|prescale_cnt[4]                                                                     ; 1                 ; 6       ;
;      - SoC_Top:u_soc|apb_timer:u_timer|prescale_cnt[5]                                                                     ; 1                 ; 6       ;
;      - SoC_Top:u_soc|apb_timer:u_timer|prescale_cnt[6]                                                                     ; 1                 ; 6       ;
;      - SoC_Top:u_soc|apb_timer:u_timer|prescale_cnt[7]                                                                     ; 1                 ; 6       ;
;      - SoC_Top:u_soc|apb_timer:u_timer|prescale_cnt[8]                                                                     ; 1                 ; 6       ;
;      - SoC_Top:u_soc|apb_timer:u_timer|prescale_cnt[9]                                                                     ; 1                 ; 6       ;
;      - SoC_Top:u_soc|apb_timer:u_timer|prescale_cnt[10]                                                                    ; 1                 ; 6       ;
;      - SoC_Top:u_soc|apb_timer:u_timer|prescale_cnt[11]                                                                    ; 1                 ; 6       ;
;      - SoC_Top:u_soc|apb_timer:u_timer|prescale_cnt[12]                                                                    ; 1                 ; 6       ;
;      - SoC_Top:u_soc|apb_timer:u_timer|prescale_cnt[13]                                                                    ; 1                 ; 6       ;
;      - SoC_Top:u_soc|apb_timer:u_timer|prescale_cnt[14]                                                                    ; 1                 ; 6       ;
;      - SoC_Top:u_soc|apb_timer:u_timer|prescale_cnt[15]                                                                    ; 1                 ; 6       ;
;      - SoC_Top:u_soc|apb_pwm:u_pwm|counter[31]                                                                             ; 1                 ; 6       ;
;      - SoC_Top:u_soc|Pipeline_top:u_cpu|fetch_cycle:fetch|PCPlus4F_reg[2]                                                  ; 1                 ; 6       ;
;      - SoC_Top:u_soc|Pipeline_top:u_cpu|fetch_cycle:fetch|PCPlus4F_reg[4]                                                  ; 1                 ; 6       ;
;      - SoC_Top:u_soc|Pipeline_top:u_cpu|fetch_cycle:fetch|PCPlus4F_reg[5]                                                  ; 1                 ; 6       ;
;      - SoC_Top:u_soc|Pipeline_top:u_cpu|fetch_cycle:fetch|PCPlus4F_reg[3]                                                  ; 1                 ; 6       ;
;      - SoC_Top:u_soc|Pipeline_top:u_cpu|fetch_cycle:fetch|PCPlus4F_reg[6]                                                  ; 1                 ; 6       ;
;      - SoC_Top:u_soc|Pipeline_top:u_cpu|fetch_cycle:fetch|PCPlus4F_reg[7]                                                  ; 1                 ; 6       ;
;      - SoC_Top:u_soc|Pipeline_top:u_cpu|fetch_cycle:fetch|PCPlus4F_reg[8]                                                  ; 1                 ; 6       ;
;      - SoC_Top:u_soc|Pipeline_top:u_cpu|fetch_cycle:fetch|PCPlus4F_reg[9]                                                  ; 1                 ; 6       ;
;      - SoC_Top:u_soc|Pipeline_top:u_cpu|fetch_cycle:fetch|PCPlus4F_reg[10]                                                 ; 1                 ; 6       ;
;      - SoC_Top:u_soc|Pipeline_top:u_cpu|fetch_cycle:fetch|PCPlus4F_reg[11]                                                 ; 1                 ; 6       ;
;      - SoC_Top:u_soc|Pipeline_top:u_cpu|fetch_cycle:fetch|PCPlus4F_reg[12]                                                 ; 1                 ; 6       ;
;      - SoC_Top:u_soc|Pipeline_top:u_cpu|fetch_cycle:fetch|PCPlus4F_reg[13]                                                 ; 1                 ; 6       ;
;      - SoC_Top:u_soc|Pipeline_top:u_cpu|fetch_cycle:fetch|PCPlus4F_reg[14]                                                 ; 1                 ; 6       ;
;      - SoC_Top:u_soc|Pipeline_top:u_cpu|fetch_cycle:fetch|PCPlus4F_reg[15]                                                 ; 1                 ; 6       ;
;      - SoC_Top:u_soc|Pipeline_top:u_cpu|fetch_cycle:fetch|PCPlus4F_reg[16]                                                 ; 1                 ; 6       ;
;      - SoC_Top:u_soc|Pipeline_top:u_cpu|fetch_cycle:fetch|PCPlus4F_reg[17]                                                 ; 1                 ; 6       ;
;      - SoC_Top:u_soc|Pipeline_top:u_cpu|fetch_cycle:fetch|PCPlus4F_reg[18]                                                 ; 1                 ; 6       ;
;      - SoC_Top:u_soc|Pipeline_top:u_cpu|fetch_cycle:fetch|PCPlus4F_reg[19]                                                 ; 1                 ; 6       ;
;      - SoC_Top:u_soc|Pipeline_top:u_cpu|fetch_cycle:fetch|PCPlus4F_reg[20]                                                 ; 1                 ; 6       ;
;      - SoC_Top:u_soc|Pipeline_top:u_cpu|fetch_cycle:fetch|PCPlus4F_reg[21]                                                 ; 1                 ; 6       ;
;      - SoC_Top:u_soc|Pipeline_top:u_cpu|fetch_cycle:fetch|PCPlus4F_reg[22]                                                 ; 1                 ; 6       ;
;      - SoC_Top:u_soc|Pipeline_top:u_cpu|fetch_cycle:fetch|PCPlus4F_reg[23]                                                 ; 1                 ; 6       ;
;      - SoC_Top:u_soc|Pipeline_top:u_cpu|fetch_cycle:fetch|PCPlus4F_reg[24]                                                 ; 1                 ; 6       ;
;      - SoC_Top:u_soc|Pipeline_top:u_cpu|fetch_cycle:fetch|PCPlus4F_reg[25]                                                 ; 1                 ; 6       ;
;      - SoC_Top:u_soc|Pipeline_top:u_cpu|fetch_cycle:fetch|PCPlus4F_reg[30]                                                 ; 1                 ; 6       ;
;      - SoC_Top:u_soc|Pipeline_top:u_cpu|fetch_cycle:fetch|PCPlus4F_reg[31]                                                 ; 1                 ; 6       ;
;      - SoC_Top:u_soc|Pipeline_top:u_cpu|fetch_cycle:fetch|PCPlus4F_reg[26]                                                 ; 1                 ; 6       ;
;      - SoC_Top:u_soc|Pipeline_top:u_cpu|fetch_cycle:fetch|PCPlus4F_reg[27]                                                 ; 1                 ; 6       ;
;      - SoC_Top:u_soc|Pipeline_top:u_cpu|fetch_cycle:fetch|PCPlus4F_reg[28]                                                 ; 1                 ; 6       ;
;      - SoC_Top:u_soc|Pipeline_top:u_cpu|fetch_cycle:fetch|PCPlus4F_reg[29]                                                 ; 1                 ; 6       ;
;      - SoC_Top:u_soc|apb_pwm:u_pwm|counter[30]                                                                             ; 1                 ; 6       ;
;      - SoC_Top:u_soc|apb_pwm:u_pwm|counter[29]                                                                             ; 1                 ; 6       ;
;      - SoC_Top:u_soc|apb_pwm:u_pwm|counter[28]                                                                             ; 1                 ; 6       ;
;      - SoC_Top:u_soc|apb_pwm:u_pwm|counter[27]                                                                             ; 1                 ; 6       ;
;      - SoC_Top:u_soc|apb_pwm:u_pwm|counter[26]                                                                             ; 1                 ; 6       ;
;      - SoC_Top:u_soc|apb_pwm:u_pwm|counter[25]                                                                             ; 1                 ; 6       ;
;      - SoC_Top:u_soc|apb_pwm:u_pwm|counter[24]                                                                             ; 1                 ; 6       ;
;      - SoC_Top:u_soc|apb_pwm:u_pwm|counter[23]                                                                             ; 1                 ; 6       ;
;      - SoC_Top:u_soc|apb_pwm:u_pwm|counter[22]                                                                             ; 1                 ; 6       ;
;      - SoC_Top:u_soc|apb_pwm:u_pwm|counter[21]                                                                             ; 1                 ; 6       ;
;      - SoC_Top:u_soc|apb_pwm:u_pwm|counter[20]                                                                             ; 1                 ; 6       ;
;      - SoC_Top:u_soc|apb_pwm:u_pwm|counter[19]                                                                             ; 1                 ; 6       ;
;      - SoC_Top:u_soc|apb_pwm:u_pwm|counter[18]                                                                             ; 1                 ; 6       ;
;      - SoC_Top:u_soc|apb_pwm:u_pwm|counter[17]                                                                             ; 1                 ; 6       ;
;      - SoC_Top:u_soc|apb_pwm:u_pwm|counter[16]                                                                             ; 1                 ; 6       ;
;      - SoC_Top:u_soc|apb_pwm:u_pwm|counter[15]                                                                             ; 1                 ; 6       ;
;      - SoC_Top:u_soc|apb_pwm:u_pwm|counter[14]                                                                             ; 1                 ; 6       ;
;      - SoC_Top:u_soc|apb_pwm:u_pwm|counter[13]                                                                             ; 1                 ; 6       ;
;      - SoC_Top:u_soc|apb_pwm:u_pwm|counter[12]                                                                             ; 1                 ; 6       ;
;      - SoC_Top:u_soc|apb_pwm:u_pwm|counter[11]                                                                             ; 1                 ; 6       ;
;      - SoC_Top:u_soc|apb_pwm:u_pwm|counter[10]                                                                             ; 1                 ; 6       ;
;      - SoC_Top:u_soc|apb_pwm:u_pwm|counter[9]                                                                              ; 1                 ; 6       ;
;      - SoC_Top:u_soc|apb_pwm:u_pwm|counter[8]                                                                              ; 1                 ; 6       ;
;      - SoC_Top:u_soc|apb_pwm:u_pwm|counter[7]                                                                              ; 1                 ; 6       ;
;      - SoC_Top:u_soc|apb_pwm:u_pwm|counter[6]                                                                              ; 1                 ; 6       ;
;      - SoC_Top:u_soc|apb_pwm:u_pwm|counter[5]                                                                              ; 1                 ; 6       ;
;      - SoC_Top:u_soc|apb_pwm:u_pwm|counter[4]                                                                              ; 1                 ; 6       ;
;      - SoC_Top:u_soc|apb_pwm:u_pwm|counter[3]                                                                              ; 1                 ; 6       ;
;      - SoC_Top:u_soc|apb_pwm:u_pwm|counter[2]                                                                              ; 1                 ; 6       ;
;      - SoC_Top:u_soc|apb_pwm:u_pwm|counter[1]                                                                              ; 1                 ; 6       ;
;      - SoC_Top:u_soc|apb_pwm:u_pwm|counter[0]                                                                              ; 1                 ; 6       ;
;      - SoC_Top:u_soc|Pipeline_top:u_cpu|decode_cycle:decode|ALUControlD_reg[0]                                             ; 1                 ; 6       ;
;      - SoC_Top:u_soc|Pipeline_top:u_cpu|fetch_cycle:fetch|InstrF_reg[2]                                                    ; 1                 ; 6       ;
;      - SoC_Top:u_soc|Pipeline_top:u_cpu|fetch_cycle:fetch|InstrF_reg[3]                                                    ; 1                 ; 6       ;
;      - SoC_Top:u_soc|Pipeline_top:u_cpu|fetch_cycle:fetch|InstrF_reg[5]                                                    ; 1                 ; 6       ;
;      - SoC_Top:u_soc|Pipeline_top:u_cpu|fetch_cycle:fetch|InstrF_reg[6]                                                    ; 1                 ; 6       ;
;      - SoC_Top:u_soc|Pipeline_top:u_cpu|fetch_cycle:fetch|InstrF_reg[14]                                                   ; 1                 ; 6       ;
;      - SoC_Top:u_soc|Pipeline_top:u_cpu|fetch_cycle:fetch|InstrF_reg[13]                                                   ; 1                 ; 6       ;
;      - SoC_Top:u_soc|Pipeline_top:u_cpu|fetch_cycle:fetch|InstrF_reg[12]                                                   ; 1                 ; 6       ;
;      - SoC_Top:u_soc|Pipeline_top:u_cpu|fetch_cycle:fetch|InstrF_reg[31]                                                   ; 1                 ; 6       ;
;      - SoC_Top:u_soc|Pipeline_top:u_cpu|fetch_cycle:fetch|InstrF_reg[30]                                                   ; 1                 ; 6       ;
;      - SoC_Top:u_soc|Pipeline_top:u_cpu|fetch_cycle:fetch|InstrF_reg[29]                                                   ; 1                 ; 6       ;
;      - SoC_Top:u_soc|Pipeline_top:u_cpu|fetch_cycle:fetch|InstrF_reg[28]                                                   ; 1                 ; 6       ;
;      - SoC_Top:u_soc|Pipeline_top:u_cpu|fetch_cycle:fetch|InstrF_reg[27]                                                   ; 1                 ; 6       ;
;      - SoC_Top:u_soc|Pipeline_top:u_cpu|fetch_cycle:fetch|InstrF_reg[26]                                                   ; 1                 ; 6       ;
;      - SoC_Top:u_soc|Pipeline_top:u_cpu|fetch_cycle:fetch|InstrF_reg[25]                                                   ; 1                 ; 6       ;
;      - SoC_Top:u_soc|Pipeline_top:u_cpu|decode_cycle:decode|CSR_Unit:u_csr|mepc[2]                                         ; 1                 ; 6       ;
;      - SoC_Top:u_soc|Pipeline_top:u_cpu|decode_cycle:decode|CSR_Unit:u_csr|mepc[3]                                         ; 1                 ; 6       ;
;      - SoC_Top:u_soc|Pipeline_top:u_cpu|decode_cycle:decode|CSR_Unit:u_csr|mepc[4]                                         ; 1                 ; 6       ;
;      - SoC_Top:u_soc|Pipeline_top:u_cpu|decode_cycle:decode|CSR_Unit:u_csr|mepc[5]                                         ; 1                 ; 6       ;
;      - SoC_Top:u_soc|Pipeline_top:u_cpu|decode_cycle:decode|CSR_Unit:u_csr|mepc[6]                                         ; 1                 ; 6       ;
;      - SoC_Top:u_soc|Pipeline_top:u_cpu|decode_cycle:decode|CSR_Unit:u_csr|mepc[7]                                         ; 1                 ; 6       ;
;      - SoC_Top:u_soc|Pipeline_top:u_cpu|decode_cycle:decode|CSR_Unit:u_csr|mepc[8]                                         ; 1                 ; 6       ;
;      - SoC_Top:u_soc|Pipeline_top:u_cpu|decode_cycle:decode|CSR_Unit:u_csr|mepc[9]                                         ; 1                 ; 6       ;
;      - SoC_Top:u_soc|Pipeline_top:u_cpu|decode_cycle:decode|CSR_Unit:u_csr|mepc[10]                                        ; 1                 ; 6       ;
;      - SoC_Top:u_soc|Pipeline_top:u_cpu|decode_cycle:decode|CSR_Unit:u_csr|mepc[11]                                        ; 1                 ; 6       ;
;      - SoC_Top:u_soc|Pipeline_top:u_cpu|fetch_cycle:fetch|InstrF_reg[15]                                                   ; 1                 ; 6       ;
;      - SoC_Top:u_soc|Pipeline_top:u_cpu|fetch_cycle:fetch|InstrF_reg[16]                                                   ; 1                 ; 6       ;
;      - SoC_Top:u_soc|Pipeline_top:u_cpu|fetch_cycle:fetch|InstrF_reg[17]                                                   ; 1                 ; 6       ;
;      - SoC_Top:u_soc|Pipeline_top:u_cpu|fetch_cycle:fetch|InstrF_reg[18]                                                   ; 1                 ; 6       ;
;      - SoC_Top:u_soc|Pipeline_top:u_cpu|fetch_cycle:fetch|InstrF_reg[19]                                                   ; 1                 ; 6       ;
;      - SoC_Top:u_soc|Pipeline_top:u_cpu|fetch_cycle:fetch|InstrF_reg[20]                                                   ; 1                 ; 6       ;
;      - SoC_Top:u_soc|Pipeline_top:u_cpu|fetch_cycle:fetch|InstrF_reg[21]                                                   ; 1                 ; 6       ;
;      - SoC_Top:u_soc|Pipeline_top:u_cpu|fetch_cycle:fetch|InstrF_reg[22]                                                   ; 1                 ; 6       ;
;      - SoC_Top:u_soc|Pipeline_top:u_cpu|fetch_cycle:fetch|InstrF_reg[23]                                                   ; 1                 ; 6       ;
;      - SoC_Top:u_soc|Pipeline_top:u_cpu|fetch_cycle:fetch|InstrF_reg[24]                                                   ; 1                 ; 6       ;
;      - SoC_Top:u_soc|Pipeline_top:u_cpu|fetch_cycle:fetch|InstrF_reg[9]                                                    ; 1                 ; 6       ;
;      - SoC_Top:u_soc|Pipeline_top:u_cpu|fetch_cycle:fetch|InstrF_reg[7]                                                    ; 1                 ; 6       ;
;      - SoC_Top:u_soc|Pipeline_top:u_cpu|fetch_cycle:fetch|InstrF_reg[10]                                                   ; 1                 ; 6       ;
;      - SoC_Top:u_soc|Pipeline_top:u_cpu|fetch_cycle:fetch|InstrF_reg[8]                                                    ; 1                 ; 6       ;
;      - SoC_Top:u_soc|Pipeline_top:u_cpu|fetch_cycle:fetch|InstrF_reg[11]                                                   ; 1                 ; 6       ;
;      - SoC_Top:u_soc|Pipeline_top:u_cpu|decode_cycle:decode|CSR_Unit:u_csr|mepc[1]                                         ; 1                 ; 6       ;
;      - SoC_Top:u_soc|Pipeline_top:u_cpu|decode_cycle:decode|CSR_Unit:u_csr|mepc[12]                                        ; 1                 ; 6       ;
;      - SoC_Top:u_soc|Pipeline_top:u_cpu|decode_cycle:decode|CSR_Unit:u_csr|mepc[13]                                        ; 1                 ; 6       ;
;      - SoC_Top:u_soc|Pipeline_top:u_cpu|decode_cycle:decode|CSR_Unit:u_csr|mepc[14]                                        ; 1                 ; 6       ;
;      - SoC_Top:u_soc|Pipeline_top:u_cpu|decode_cycle:decode|CSR_Unit:u_csr|mepc[15]                                        ; 1                 ; 6       ;
;      - SoC_Top:u_soc|Pipeline_top:u_cpu|decode_cycle:decode|CSR_Unit:u_csr|mepc[16]                                        ; 1                 ; 6       ;
;      - SoC_Top:u_soc|Pipeline_top:u_cpu|decode_cycle:decode|CSR_Unit:u_csr|mepc[17]                                        ; 1                 ; 6       ;
;      - SoC_Top:u_soc|Pipeline_top:u_cpu|decode_cycle:decode|CSR_Unit:u_csr|mepc[18]                                        ; 1                 ; 6       ;
;      - SoC_Top:u_soc|Pipeline_top:u_cpu|decode_cycle:decode|CSR_Unit:u_csr|mepc[19]                                        ; 1                 ; 6       ;
;      - SoC_Top:u_soc|Pipeline_top:u_cpu|decode_cycle:decode|CSR_Unit:u_csr|mepc[20]                                        ; 1                 ; 6       ;
;      - SoC_Top:u_soc|Pipeline_top:u_cpu|decode_cycle:decode|CSR_Unit:u_csr|mepc[21]                                        ; 1                 ; 6       ;
;      - SoC_Top:u_soc|Pipeline_top:u_cpu|decode_cycle:decode|CSR_Unit:u_csr|mepc[22]                                        ; 1                 ; 6       ;
;      - SoC_Top:u_soc|Pipeline_top:u_cpu|decode_cycle:decode|CSR_Unit:u_csr|mepc[23]                                        ; 1                 ; 6       ;
;      - SoC_Top:u_soc|Pipeline_top:u_cpu|decode_cycle:decode|CSR_Unit:u_csr|mepc[24]                                        ; 1                 ; 6       ;
;      - SoC_Top:u_soc|Pipeline_top:u_cpu|decode_cycle:decode|CSR_Unit:u_csr|mepc[25]                                        ; 1                 ; 6       ;
;      - SoC_Top:u_soc|Pipeline_top:u_cpu|decode_cycle:decode|CSR_Unit:u_csr|mepc[30]                                        ; 1                 ; 6       ;
;      - SoC_Top:u_soc|Pipeline_top:u_cpu|decode_cycle:decode|CSR_Unit:u_csr|mepc[31]                                        ; 1                 ; 6       ;
;      - SoC_Top:u_soc|Pipeline_top:u_cpu|decode_cycle:decode|CSR_Unit:u_csr|mepc[26]                                        ; 1                 ; 6       ;
;      - SoC_Top:u_soc|Pipeline_top:u_cpu|decode_cycle:decode|CSR_Unit:u_csr|mepc[27]                                        ; 1                 ; 6       ;
;      - SoC_Top:u_soc|Pipeline_top:u_cpu|decode_cycle:decode|CSR_Unit:u_csr|mepc[28]                                        ; 1                 ; 6       ;
;      - SoC_Top:u_soc|Pipeline_top:u_cpu|decode_cycle:decode|CSR_Unit:u_csr|mepc[29]                                        ; 1                 ; 6       ;
;      - SoC_Top:u_soc|apb_uart:u_uart|UART_TOP:u_uart|UART_TX:u_tx|tx                                                       ; 1                 ; 6       ;
;      - SoC_Top:u_soc|Pipeline_top:u_cpu|memory_cycle:memory|apb_master:u_apb_master|PWDATA[0]                              ; 1                 ; 6       ;
;      - SoC_Top:u_soc|Pipeline_top:u_cpu|memory_cycle:memory|apb_master:u_apb_master|PADDR[3]                               ; 1                 ; 6       ;
;      - SoC_Top:u_soc|Pipeline_top:u_cpu|memory_cycle:memory|apb_master:u_apb_master|PADDR[2]                               ; 1                 ; 6       ;
;      - SoC_Top:u_soc|Pipeline_top:u_cpu|memory_cycle:memory|apb_master:u_apb_master|PWRITE                                 ; 1                 ; 6       ;
;      - SoC_Top:u_soc|Pipeline_top:u_cpu|memory_cycle:memory|apb_master:u_apb_master|PSEL                                   ; 1                 ; 6       ;
;      - SoC_Top:u_soc|Pipeline_top:u_cpu|memory_cycle:memory|apb_master:u_apb_master|PENABLE                                ; 1                 ; 6       ;
;      - SoC_Top:u_soc|Pipeline_top:u_cpu|memory_cycle:memory|apb_master:u_apb_master|PADDR[11]                              ; 1                 ; 6       ;
;      - SoC_Top:u_soc|Pipeline_top:u_cpu|memory_cycle:memory|apb_master:u_apb_master|PADDR[8]                               ; 1                 ; 6       ;
;      - SoC_Top:u_soc|Pipeline_top:u_cpu|memory_cycle:memory|apb_master:u_apb_master|PADDR[9]                               ; 1                 ; 6       ;
;      - SoC_Top:u_soc|Pipeline_top:u_cpu|memory_cycle:memory|apb_master:u_apb_master|PADDR[10]                              ; 1                 ; 6       ;
;      - SoC_Top:u_soc|Pipeline_top:u_cpu|memory_cycle:memory|apb_master:u_apb_master|PWDATA[1]                              ; 1                 ; 6       ;
;      - SoC_Top:u_soc|Pipeline_top:u_cpu|memory_cycle:memory|apb_master:u_apb_master|PWDATA[2]                              ; 1                 ; 6       ;
;      - SoC_Top:u_soc|Pipeline_top:u_cpu|memory_cycle:memory|apb_master:u_apb_master|PWDATA[3]                              ; 1                 ; 6       ;
;      - SoC_Top:u_soc|Pipeline_top:u_cpu|memory_cycle:memory|apb_master:u_apb_master|PWDATA[4]                              ; 1                 ; 6       ;
;      - SoC_Top:u_soc|Pipeline_top:u_cpu|memory_cycle:memory|apb_master:u_apb_master|PWDATA[5]                              ; 1                 ; 6       ;
;      - SoC_Top:u_soc|Pipeline_top:u_cpu|memory_cycle:memory|apb_master:u_apb_master|PWDATA[6]                              ; 1                 ; 6       ;
;      - SoC_Top:u_soc|Pipeline_top:u_cpu|memory_cycle:memory|apb_master:u_apb_master|PWDATA[7]                              ; 1                 ; 6       ;
;      - SoC_Top:u_soc|Pipeline_top:u_cpu|memory_cycle:memory|apb_master:u_apb_master|PWDATA[8]                              ; 1                 ; 6       ;
;      - SoC_Top:u_soc|Pipeline_top:u_cpu|memory_cycle:memory|apb_master:u_apb_master|PWDATA[9]                              ; 1                 ; 6       ;
;      - SoC_Top:u_soc|Pipeline_top:u_cpu|memory_cycle:memory|apb_master:u_apb_master|PWDATA[10]                             ; 1                 ; 6       ;
;      - SoC_Top:u_soc|Pipeline_top:u_cpu|memory_cycle:memory|apb_master:u_apb_master|PWDATA[11]                             ; 1                 ; 6       ;
;      - SoC_Top:u_soc|Pipeline_top:u_cpu|memory_cycle:memory|apb_master:u_apb_master|PWDATA[12]                             ; 1                 ; 6       ;
;      - SoC_Top:u_soc|Pipeline_top:u_cpu|memory_cycle:memory|apb_master:u_apb_master|PWDATA[13]                             ; 1                 ; 6       ;
;      - SoC_Top:u_soc|Pipeline_top:u_cpu|memory_cycle:memory|apb_master:u_apb_master|PWDATA[14]                             ; 1                 ; 6       ;
;      - SoC_Top:u_soc|Pipeline_top:u_cpu|memory_cycle:memory|apb_master:u_apb_master|PWDATA[15]                             ; 1                 ; 6       ;
;      - SoC_Top:u_soc|apb_uart:u_uart|UART_TOP:u_uart|UART_TX:u_tx|state.S_DATA                                             ; 1                 ; 6       ;
;      - SoC_Top:u_soc|apb_uart:u_uart|UART_TOP:u_uart|UART_TX:u_tx|tx_shift[6]                                              ; 1                 ; 6       ;
;      - SoC_Top:u_soc|apb_uart:u_uart|UART_TOP:u_uart|UART_TX:u_tx|bit_idx[1]                                               ; 1                 ; 6       ;
;      - SoC_Top:u_soc|apb_uart:u_uart|UART_TOP:u_uart|UART_TX:u_tx|tx_shift[5]                                              ; 1                 ; 6       ;
;      - SoC_Top:u_soc|apb_uart:u_uart|UART_TOP:u_uart|UART_TX:u_tx|bit_idx[0]                                               ; 1                 ; 6       ;
;      - SoC_Top:u_soc|apb_uart:u_uart|UART_TOP:u_uart|UART_TX:u_tx|tx_shift[4]                                              ; 1                 ; 6       ;
;      - SoC_Top:u_soc|apb_uart:u_uart|UART_TOP:u_uart|UART_TX:u_tx|tx_shift[7]                                              ; 1                 ; 6       ;
;      - SoC_Top:u_soc|apb_uart:u_uart|UART_TOP:u_uart|UART_TX:u_tx|tx_shift[1]                                              ; 1                 ; 6       ;
;      - SoC_Top:u_soc|apb_uart:u_uart|UART_TOP:u_uart|UART_TX:u_tx|tx_shift[2]                                              ; 1                 ; 6       ;
;      - SoC_Top:u_soc|apb_uart:u_uart|UART_TOP:u_uart|UART_TX:u_tx|tx_shift[0]                                              ; 1                 ; 6       ;
;      - SoC_Top:u_soc|apb_uart:u_uart|UART_TOP:u_uart|UART_TX:u_tx|tx_shift[3]                                              ; 1                 ; 6       ;
;      - SoC_Top:u_soc|apb_uart:u_uart|UART_TOP:u_uart|UART_TX:u_tx|bit_idx[2]                                               ; 1                 ; 6       ;
;      - SoC_Top:u_soc|apb_uart:u_uart|UART_TOP:u_uart|UART_TX:u_tx|state.S_STOP                                             ; 1                 ; 6       ;
;      - SoC_Top:u_soc|apb_uart:u_uart|UART_TOP:u_uart|UART_TX:u_tx|state.S_IDLE                                             ; 1                 ; 6       ;
;      - SoC_Top:u_soc|Pipeline_top:u_cpu|execute_cycle:execute|WriteDataE_reg[0]                                            ; 1                 ; 6       ;
;      - SoC_Top:u_soc|Pipeline_top:u_cpu|execute_cycle:execute|ALUResultE_reg[31]                                           ; 1                 ; 6       ;
;      - SoC_Top:u_soc|Pipeline_top:u_cpu|execute_cycle:execute|ALUResultE_reg[30]                                           ; 1                 ; 6       ;
;      - SoC_Top:u_soc|Pipeline_top:u_cpu|execute_cycle:execute|ALUResultE_reg[29]                                           ; 1                 ; 6       ;
;      - SoC_Top:u_soc|Pipeline_top:u_cpu|execute_cycle:execute|ALUResultE_reg[28]                                           ; 1                 ; 6       ;
;      - SoC_Top:u_soc|Pipeline_top:u_cpu|execute_cycle:execute|MemWriteE_reg                                                ; 1                 ; 6       ;
;      - SoC_Top:u_soc|Pipeline_top:u_cpu|execute_cycle:execute|ResultSrcE_reg[0]                                            ; 1                 ; 6       ;
;      - SoC_Top:u_soc|Pipeline_top:u_cpu|execute_cycle:execute|ResultSrcE_reg[1]                                            ; 1                 ; 6       ;
;      - SoC_Top:u_soc|Pipeline_top:u_cpu|memory_cycle:memory|apb_master:u_apb_master|state.S_IDLE                           ; 1                 ; 6       ;
;      - SoC_Top:u_soc|Pipeline_top:u_cpu|execute_cycle:execute|ALUResultE_reg[3]                                            ; 1                 ; 6       ;
;      - SoC_Top:u_soc|Pipeline_top:u_cpu|execute_cycle:execute|ALUResultE_reg[2]                                            ; 1                 ; 6       ;
;      - SoC_Top:u_soc|Pipeline_top:u_cpu|memory_cycle:memory|apb_master:u_apb_master|state.S_SETUP                          ; 1                 ; 6       ;
;      - SoC_Top:u_soc|Pipeline_top:u_cpu|execute_cycle:execute|ALUResultE_reg[11]                                           ; 1                 ; 6       ;
;      - SoC_Top:u_soc|Pipeline_top:u_cpu|execute_cycle:execute|ALUResultE_reg[8]                                            ; 1                 ; 6       ;
;      - SoC_Top:u_soc|Pipeline_top:u_cpu|execute_cycle:execute|ALUResultE_reg[9]                                            ; 1                 ; 6       ;
;      - SoC_Top:u_soc|Pipeline_top:u_cpu|execute_cycle:execute|ALUResultE_reg[10]                                           ; 1                 ; 6       ;
;      - SoC_Top:u_soc|Pipeline_top:u_cpu|execute_cycle:execute|WriteDataE_reg[1]                                            ; 1                 ; 6       ;
;      - SoC_Top:u_soc|Pipeline_top:u_cpu|execute_cycle:execute|WriteDataE_reg[2]                                            ; 1                 ; 6       ;
;      - SoC_Top:u_soc|Pipeline_top:u_cpu|execute_cycle:execute|WriteDataE_reg[3]                                            ; 1                 ; 6       ;
;      - SoC_Top:u_soc|Pipeline_top:u_cpu|execute_cycle:execute|WriteDataE_reg[4]                                            ; 1                 ; 6       ;
;      - SoC_Top:u_soc|Pipeline_top:u_cpu|execute_cycle:execute|WriteDataE_reg[5]                                            ; 1                 ; 6       ;
;      - SoC_Top:u_soc|Pipeline_top:u_cpu|execute_cycle:execute|WriteDataE_reg[6]                                            ; 1                 ; 6       ;
;      - SoC_Top:u_soc|Pipeline_top:u_cpu|execute_cycle:execute|WriteDataE_reg[7]                                            ; 1                 ; 6       ;
;      - SoC_Top:u_soc|Pipeline_top:u_cpu|execute_cycle:execute|WriteDataE_reg[8]                                            ; 1                 ; 6       ;
;      - SoC_Top:u_soc|Pipeline_top:u_cpu|execute_cycle:execute|WriteDataE_reg[9]                                            ; 1                 ; 6       ;
;      - SoC_Top:u_soc|Pipeline_top:u_cpu|execute_cycle:execute|WriteDataE_reg[10]                                           ; 1                 ; 6       ;
;      - SoC_Top:u_soc|Pipeline_top:u_cpu|execute_cycle:execute|WriteDataE_reg[11]                                           ; 1                 ; 6       ;
;      - SoC_Top:u_soc|Pipeline_top:u_cpu|execute_cycle:execute|WriteDataE_reg[12]                                           ; 1                 ; 6       ;
;      - SoC_Top:u_soc|Pipeline_top:u_cpu|execute_cycle:execute|WriteDataE_reg[13]                                           ; 1                 ; 6       ;
;      - SoC_Top:u_soc|Pipeline_top:u_cpu|execute_cycle:execute|WriteDataE_reg[14]                                           ; 1                 ; 6       ;
;      - SoC_Top:u_soc|Pipeline_top:u_cpu|execute_cycle:execute|WriteDataE_reg[15]                                           ; 1                 ; 6       ;
;      - SoC_Top:u_soc|apb_uart:u_uart|UART_TOP:u_uart|UART_TX:u_tx|clk_cnt[8]                                               ; 1                 ; 6       ;
;      - SoC_Top:u_soc|apb_uart:u_uart|UART_TOP:u_uart|UART_TX:u_tx|clk_cnt[7]                                               ; 1                 ; 6       ;
;      - SoC_Top:u_soc|apb_uart:u_uart|UART_TOP:u_uart|UART_TX:u_tx|clk_cnt[9]                                               ; 1                 ; 6       ;
;      - SoC_Top:u_soc|apb_uart:u_uart|UART_TOP:u_uart|UART_TX:u_tx|clk_cnt[6]                                               ; 1                 ; 6       ;
;      - SoC_Top:u_soc|apb_uart:u_uart|UART_TOP:u_uart|UART_TX:u_tx|clk_cnt[5]                                               ; 1                 ; 6       ;
;      - SoC_Top:u_soc|apb_uart:u_uart|UART_TOP:u_uart|UART_TX:u_tx|clk_cnt[4]                                               ; 1                 ; 6       ;
;      - SoC_Top:u_soc|apb_uart:u_uart|UART_TOP:u_uart|UART_TX:u_tx|clk_cnt[3]                                               ; 1                 ; 6       ;
;      - SoC_Top:u_soc|apb_uart:u_uart|UART_TOP:u_uart|UART_TX:u_tx|clk_cnt[2]                                               ; 1                 ; 6       ;
;      - SoC_Top:u_soc|apb_uart:u_uart|UART_TOP:u_uart|UART_TX:u_tx|clk_cnt[0]                                               ; 1                 ; 6       ;
;      - SoC_Top:u_soc|apb_uart:u_uart|UART_TOP:u_uart|UART_TX:u_tx|clk_cnt[1]                                               ; 1                 ; 6       ;
;      - SoC_Top:u_soc|apb_uart:u_uart|UART_TOP:u_uart|UART_TX:u_tx|state.S_START                                            ; 1                 ; 6       ;
;      - SoC_Top:u_soc|apb_uart:u_uart|tx_data_reg[6]                                                                        ; 1                 ; 6       ;
;      - SoC_Top:u_soc|apb_uart:u_uart|tx_start                                                                              ; 1                 ; 6       ;
;      - SoC_Top:u_soc|apb_uart:u_uart|tx_data_reg[5]                                                                        ; 1                 ; 6       ;
;      - SoC_Top:u_soc|apb_uart:u_uart|tx_data_reg[4]                                                                        ; 1                 ; 6       ;
;      - SoC_Top:u_soc|apb_uart:u_uart|tx_data_reg[7]                                                                        ; 1                 ; 6       ;
;      - SoC_Top:u_soc|apb_uart:u_uart|tx_data_reg[1]                                                                        ; 1                 ; 6       ;
;      - SoC_Top:u_soc|apb_uart:u_uart|tx_data_reg[2]                                                                        ; 1                 ; 6       ;
;      - SoC_Top:u_soc|apb_uart:u_uart|tx_data_reg[0]                                                                        ; 1                 ; 6       ;
;      - SoC_Top:u_soc|apb_uart:u_uart|tx_data_reg[3]                                                                        ; 1                 ; 6       ;
;      - SoC_Top:u_soc|apb_spi_master:u_spi|shift_reg[7]                                                                     ; 1                 ; 6       ;
;      - SoC_Top:u_soc|apb_spi_master:u_spi|cs_reg                                                                           ; 1                 ; 6       ;
;      - SoC_Top:u_soc|apb_i2c_master:u_i2c|scl_oen_reg                                                                      ; 1                 ; 6       ;
;      - SoC_Top:u_soc|apb_i2c_master:u_i2c|sda_oen_reg                                                                      ; 1                 ; 6       ;
;      - SoC_Top:u_soc|apb_pwm:u_pwm|pwm_out[0]                                                                              ; 1                 ; 6       ;
;      - SoC_Top:u_soc|apb_pwm:u_pwm|pwm_out[1]                                                                              ; 1                 ; 6       ;
;      - SoC_Top:u_soc|apb_pwm:u_pwm|pwm_out[2]                                                                              ; 1                 ; 6       ;
;      - SoC_Top:u_soc|apb_pwm:u_pwm|pwm_out[3]                                                                              ; 1                 ; 6       ;
;      - SoC_Top:u_soc|apb_gpio:u_gpio|dir_reg[12]                                                                           ; 1                 ; 6       ;
;      - SoC_Top:u_soc|Pipeline_top:u_cpu|execute_cycle:execute|RegWriteE_reg                                                ; 1                 ; 6       ;
;      - SoC_Top:u_soc|Pipeline_top:u_cpu|execute_cycle:execute|RD_E_reg[0]                                                  ; 1                 ; 6       ;
;      - SoC_Top:u_soc|Pipeline_top:u_cpu|execute_cycle:execute|RD_E_reg[1]                                                  ; 1                 ; 6       ;
;      - SoC_Top:u_soc|Pipeline_top:u_cpu|decode_cycle:decode|RS2_D_reg[1]                                                   ; 1                 ; 6       ;
;      - SoC_Top:u_soc|Pipeline_top:u_cpu|decode_cycle:decode|RS2_D_reg[0]                                                   ; 1                 ; 6       ;
;      - SoC_Top:u_soc|Pipeline_top:u_cpu|execute_cycle:execute|RD_E_reg[4]                                                  ; 1                 ; 6       ;
;      - SoC_Top:u_soc|Pipeline_top:u_cpu|execute_cycle:execute|RD_E_reg[3]                                                  ; 1                 ; 6       ;
;      - SoC_Top:u_soc|Pipeline_top:u_cpu|execute_cycle:execute|RD_E_reg[2]                                                  ; 1                 ; 6       ;
;      - SoC_Top:u_soc|Pipeline_top:u_cpu|decode_cycle:decode|RS2_D_reg[2]                                                   ; 1                 ; 6       ;
;      - SoC_Top:u_soc|Pipeline_top:u_cpu|decode_cycle:decode|RS2_D_reg[3]                                                   ; 1                 ; 6       ;
;      - SoC_Top:u_soc|Pipeline_top:u_cpu|decode_cycle:decode|RS2_D_reg[4]                                                   ; 1                 ; 6       ;
;      - SoC_Top:u_soc|Pipeline_top:u_cpu|execute_cycle:execute|Mux3x1:mux_forward_B|d[0]~0                                  ; 1                 ; 6       ;
;      - SoC_Top:u_soc|Pipeline_top:u_cpu|memory_cycle:memory|PCPlus4M_reg[0]                                                ; 1                 ; 6       ;
;      - SoC_Top:u_soc|Pipeline_top:u_cpu|memory_cycle:memory|ResultSrcM_reg[1]                                              ; 1                 ; 6       ;
;      - SoC_Top:u_soc|Pipeline_top:u_cpu|memory_cycle:memory|ReadDataM_reg[0]                                               ; 1                 ; 6       ;
;      - SoC_Top:u_soc|Pipeline_top:u_cpu|memory_cycle:memory|ResultSrcM_reg[0]                                              ; 1                 ; 6       ;
;      - SoC_Top:u_soc|Pipeline_top:u_cpu|memory_cycle:memory|ALUResultM_reg[0]                                              ; 1                 ; 6       ;
;      - SoC_Top:u_soc|Pipeline_top:u_cpu|memory_cycle:memory|CSRReadDataM_reg[0]                                            ; 1                 ; 6       ;
;      - SoC_Top:u_soc|Pipeline_top:u_cpu|decode_cycle:decode|RD2_D_reg[0]                                                   ; 1                 ; 6       ;
;      - SoC_Top:u_soc|Pipeline_top:u_cpu|memory_cycle:memory|RegWriteM_reg                                                  ; 1                 ; 6       ;
;      - SoC_Top:u_soc|Pipeline_top:u_cpu|memory_cycle:memory|RD_M_reg[0]                                                    ; 1                 ; 6       ;
;      - SoC_Top:u_soc|Pipeline_top:u_cpu|memory_cycle:memory|RD_M_reg[4]                                                    ; 1                 ; 6       ;
;      - SoC_Top:u_soc|Pipeline_top:u_cpu|memory_cycle:memory|RD_M_reg[3]                                                    ; 1                 ; 6       ;
;      - SoC_Top:u_soc|Pipeline_top:u_cpu|memory_cycle:memory|RD_M_reg[2]                                                    ; 1                 ; 6       ;
;      - SoC_Top:u_soc|Pipeline_top:u_cpu|memory_cycle:memory|RD_M_reg[1]                                                    ; 1                 ; 6       ;
;      - SoC_Top:u_soc|Pipeline_top:u_cpu|hazard_unit:hazard|ForwardAE[0]~2                                                  ; 1                 ; 6       ;
;      - SoC_Top:u_soc|Pipeline_top:u_cpu|hazard_unit:hazard|ForwardBE[1]~8                                                  ; 1                 ; 6       ;
;      - SoC_Top:u_soc|Pipeline_top:u_cpu|decode_cycle:decode|CSR_Unit:u_csr|mie_meie                                        ; 1                 ; 6       ;
;      - SoC_Top:u_soc|apb_uart:u_uart|rx_valid_flag                                                                         ; 1                 ; 6       ;
;      - SoC_Top:u_soc|apb_i2c_master:u_i2c|i2c_irq_flag                                                                     ; 1                 ; 6       ;
;      - SoC_Top:u_soc|apb_gpio:u_gpio|gpio_irq_flag                                                                         ; 1                 ; 6       ;
;      - SoC_Top:u_soc|apb_timer:u_timer|timer_irq                                                                           ; 1                 ; 6       ;
;      - SoC_Top:u_soc|Pipeline_top:u_cpu|memory_cycle:memory|apb_master:u_apb_master|done                                   ; 1                 ; 6       ;
;      - SoC_Top:u_soc|Pipeline_top:u_cpu|decode_cycle:decode|ALUSrcAD_reg[0]                                                ; 1                 ; 6       ;
;      - SoC_Top:u_soc|Pipeline_top:u_cpu|decode_cycle:decode|PCD_reg[26]                                                    ; 1                 ; 6       ;
;      - SoC_Top:u_soc|Pipeline_top:u_cpu|decode_cycle:decode|RS1_D_reg[1]                                                   ; 1                 ; 6       ;
;      - SoC_Top:u_soc|Pipeline_top:u_cpu|decode_cycle:decode|RS1_D_reg[0]                                                   ; 1                 ; 6       ;
;      - SoC_Top:u_soc|Pipeline_top:u_cpu|decode_cycle:decode|RS1_D_reg[2]                                                   ; 1                 ; 6       ;
;      - SoC_Top:u_soc|Pipeline_top:u_cpu|decode_cycle:decode|RS1_D_reg[3]                                                   ; 1                 ; 6       ;
;      - SoC_Top:u_soc|Pipeline_top:u_cpu|decode_cycle:decode|RS1_D_reg[4]                                                   ; 1                 ; 6       ;
;      - SoC_Top:u_soc|Pipeline_top:u_cpu|execute_cycle:execute|ALUResultE_reg[26]                                           ; 1                 ; 6       ;
;      - SoC_Top:u_soc|Pipeline_top:u_cpu|execute_cycle:execute|Mux3x1:mux_forward_A|d[26]~0                                 ; 1                 ; 6       ;
;      - SoC_Top:u_soc|Pipeline_top:u_cpu|memory_cycle:memory|ReadDataM_reg[26]                                              ; 1                 ; 6       ;
;      - SoC_Top:u_soc|Pipeline_top:u_cpu|memory_cycle:memory|PCPlus4M_reg[26]                                               ; 1                 ; 6       ;
;      - SoC_Top:u_soc|Pipeline_top:u_cpu|memory_cycle:memory|ALUResultM_reg[26]                                             ; 1                 ; 6       ;
;      - SoC_Top:u_soc|Pipeline_top:u_cpu|memory_cycle:memory|CSRReadDataM_reg[26]                                           ; 1                 ; 6       ;
;      - SoC_Top:u_soc|Pipeline_top:u_cpu|decode_cycle:decode|RD1_D_reg[26]                                                  ; 1                 ; 6       ;
;      - SoC_Top:u_soc|Pipeline_top:u_cpu|hazard_unit:hazard|ForwardAE[1]~11                                                 ; 1                 ; 6       ;
;      - SoC_Top:u_soc|Pipeline_top:u_cpu|decode_cycle:decode|ALUSrcAD_reg[1]                                                ; 1                 ; 6       ;
;      - SoC_Top:u_soc|Pipeline_top:u_cpu|decode_cycle:decode|PCD_reg[27]                                                    ; 1                 ; 6       ;
;      - SoC_Top:u_soc|Pipeline_top:u_cpu|execute_cycle:execute|ALUResultE_reg[27]                                           ; 1                 ; 6       ;
;      - SoC_Top:u_soc|Pipeline_top:u_cpu|execute_cycle:execute|Mux3x1:mux_forward_A|d[27]~2                                 ; 1                 ; 6       ;
;      - SoC_Top:u_soc|Pipeline_top:u_cpu|memory_cycle:memory|PCPlus4M_reg[27]                                               ; 1                 ; 6       ;
;      - SoC_Top:u_soc|Pipeline_top:u_cpu|memory_cycle:memory|ReadDataM_reg[27]                                              ; 1                 ; 6       ;
;      - SoC_Top:u_soc|Pipeline_top:u_cpu|memory_cycle:memory|ALUResultM_reg[27]                                             ; 1                 ; 6       ;
;      - SoC_Top:u_soc|Pipeline_top:u_cpu|memory_cycle:memory|CSRReadDataM_reg[27]                                           ; 1                 ; 6       ;
;      - SoC_Top:u_soc|Pipeline_top:u_cpu|decode_cycle:decode|RD1_D_reg[27]                                                  ; 1                 ; 6       ;
;      - SoC_Top:u_soc|Pipeline_top:u_cpu|decode_cycle:decode|Imm_Ext_D_reg[0]                                               ; 1                 ; 6       ;
;      - SoC_Top:u_soc|Pipeline_top:u_cpu|decode_cycle:decode|Imm_Ext_D_reg[1]                                               ; 1                 ; 6       ;
;      - SoC_Top:u_soc|Pipeline_top:u_cpu|execute_cycle:execute|ALUResultE_reg[1]                                            ; 1                 ; 6       ;
;      - SoC_Top:u_soc|Pipeline_top:u_cpu|execute_cycle:execute|Mux3x1:mux_forward_B|d[1]~2                                  ; 1                 ; 6       ;
;      - SoC_Top:u_soc|Pipeline_top:u_cpu|memory_cycle:memory|ReadDataM_reg[1]                                               ; 1                 ; 6       ;
;      - SoC_Top:u_soc|Pipeline_top:u_cpu|memory_cycle:memory|PCPlus4M_reg[1]                                                ; 1                 ; 6       ;
;      - SoC_Top:u_soc|Pipeline_top:u_cpu|memory_cycle:memory|ALUResultM_reg[1]                                              ; 1                 ; 6       ;
;      - SoC_Top:u_soc|Pipeline_top:u_cpu|memory_cycle:memory|CSRReadDataM_reg[1]                                            ; 1                 ; 6       ;
;      - SoC_Top:u_soc|Pipeline_top:u_cpu|decode_cycle:decode|RD2_D_reg[1]                                                   ; 1                 ; 6       ;
;      - SoC_Top:u_soc|Pipeline_top:u_cpu|decode_cycle:decode|PCD_reg[24]                                                    ; 1                 ; 6       ;
;      - SoC_Top:u_soc|Pipeline_top:u_cpu|memory_cycle:memory|ReadDataM_reg[24]                                              ; 1                 ; 6       ;
;      - SoC_Top:u_soc|Pipeline_top:u_cpu|memory_cycle:memory|PCPlus4M_reg[24]                                               ; 1                 ; 6       ;
;      - SoC_Top:u_soc|Pipeline_top:u_cpu|memory_cycle:memory|ALUResultM_reg[24]                                             ; 1                 ; 6       ;
;      - SoC_Top:u_soc|Pipeline_top:u_cpu|memory_cycle:memory|CSRReadDataM_reg[24]                                           ; 1                 ; 6       ;
;      - SoC_Top:u_soc|Pipeline_top:u_cpu|decode_cycle:decode|RD1_D_reg[24]                                                  ; 1                 ; 6       ;
;      - SoC_Top:u_soc|Pipeline_top:u_cpu|execute_cycle:execute|ALUResultE_reg[24]                                           ; 1                 ; 6       ;
;      - SoC_Top:u_soc|Pipeline_top:u_cpu|decode_cycle:decode|PCD_reg[25]                                                    ; 1                 ; 6       ;
;      - SoC_Top:u_soc|Pipeline_top:u_cpu|execute_cycle:execute|ALUResultE_reg[25]                                           ; 1                 ; 6       ;
;      - SoC_Top:u_soc|Pipeline_top:u_cpu|execute_cycle:execute|Mux3x1:mux_forward_A|d[25]~6                                 ; 1                 ; 6       ;
;      - SoC_Top:u_soc|Pipeline_top:u_cpu|memory_cycle:memory|PCPlus4M_reg[25]                                               ; 1                 ; 6       ;
;      - SoC_Top:u_soc|Pipeline_top:u_cpu|memory_cycle:memory|ReadDataM_reg[25]                                              ; 1                 ; 6       ;
;      - SoC_Top:u_soc|Pipeline_top:u_cpu|memory_cycle:memory|ALUResultM_reg[25]                                             ; 1                 ; 6       ;
;      - SoC_Top:u_soc|Pipeline_top:u_cpu|memory_cycle:memory|CSRReadDataM_reg[25]                                           ; 1                 ; 6       ;
;      - SoC_Top:u_soc|Pipeline_top:u_cpu|decode_cycle:decode|RD1_D_reg[25]                                                  ; 1                 ; 6       ;
;      - SoC_Top:u_soc|Pipeline_top:u_cpu|decode_cycle:decode|PCD_reg[30]                                                    ; 1                 ; 6       ;
;      - SoC_Top:u_soc|Pipeline_top:u_cpu|memory_cycle:memory|ReadDataM_reg[30]                                              ; 1                 ; 6       ;
;      - SoC_Top:u_soc|Pipeline_top:u_cpu|memory_cycle:memory|PCPlus4M_reg[30]                                               ; 1                 ; 6       ;
;      - SoC_Top:u_soc|Pipeline_top:u_cpu|memory_cycle:memory|ALUResultM_reg[30]                                             ; 1                 ; 6       ;
;      - SoC_Top:u_soc|Pipeline_top:u_cpu|memory_cycle:memory|CSRReadDataM_reg[30]                                           ; 1                 ; 6       ;
;      - SoC_Top:u_soc|Pipeline_top:u_cpu|decode_cycle:decode|RD1_D_reg[30]                                                  ; 1                 ; 6       ;
;      - SoC_Top:u_soc|Pipeline_top:u_cpu|decode_cycle:decode|PCD_reg[31]                                                    ; 1                 ; 6       ;
;      - SoC_Top:u_soc|Pipeline_top:u_cpu|execute_cycle:execute|Mux3x1:mux_forward_A|d[31]~10                                ; 1                 ; 6       ;
;      - SoC_Top:u_soc|Pipeline_top:u_cpu|memory_cycle:memory|PCPlus4M_reg[31]                                               ; 1                 ; 6       ;
;      - SoC_Top:u_soc|Pipeline_top:u_cpu|memory_cycle:memory|ReadDataM_reg[31]                                              ; 1                 ; 6       ;
;      - SoC_Top:u_soc|Pipeline_top:u_cpu|memory_cycle:memory|ALUResultM_reg[31]                                             ; 1                 ; 6       ;
;      - SoC_Top:u_soc|Pipeline_top:u_cpu|memory_cycle:memory|CSRReadDataM_reg[31]                                           ; 1                 ; 6       ;
;      - SoC_Top:u_soc|Pipeline_top:u_cpu|decode_cycle:decode|RD1_D_reg[31]                                                  ; 1                 ; 6       ;
;      - SoC_Top:u_soc|Pipeline_top:u_cpu|memory_cycle:memory|ReadDataM_reg[28]                                              ; 1                 ; 6       ;
;      - SoC_Top:u_soc|Pipeline_top:u_cpu|memory_cycle:memory|PCPlus4M_reg[28]                                               ; 1                 ; 6       ;
;      - SoC_Top:u_soc|Pipeline_top:u_cpu|memory_cycle:memory|ALUResultM_reg[28]                                             ; 1                 ; 6       ;
;      - SoC_Top:u_soc|Pipeline_top:u_cpu|memory_cycle:memory|CSRReadDataM_reg[28]                                           ; 1                 ; 6       ;
;      - SoC_Top:u_soc|Pipeline_top:u_cpu|decode_cycle:decode|RD1_D_reg[28]                                                  ; 1                 ; 6       ;
;      - SoC_Top:u_soc|Pipeline_top:u_cpu|decode_cycle:decode|PCD_reg[28]                                                    ; 1                 ; 6       ;
;      - SoC_Top:u_soc|Pipeline_top:u_cpu|decode_cycle:decode|PCD_reg[29]                                                    ; 1                 ; 6       ;
;      - SoC_Top:u_soc|Pipeline_top:u_cpu|memory_cycle:memory|PCPlus4M_reg[29]                                               ; 1                 ; 6       ;
;      - SoC_Top:u_soc|Pipeline_top:u_cpu|memory_cycle:memory|ReadDataM_reg[29]                                              ; 1                 ; 6       ;
;      - SoC_Top:u_soc|Pipeline_top:u_cpu|memory_cycle:memory|ALUResultM_reg[29]                                             ; 1                 ; 6       ;
;      - SoC_Top:u_soc|Pipeline_top:u_cpu|memory_cycle:memory|CSRReadDataM_reg[29]                                           ; 1                 ; 6       ;
;      - SoC_Top:u_soc|Pipeline_top:u_cpu|decode_cycle:decode|RD1_D_reg[29]                                                  ; 1                 ; 6       ;
;      - SoC_Top:u_soc|Pipeline_top:u_cpu|decode_cycle:decode|Imm_Ext_D_reg[2]                                               ; 1                 ; 6       ;
;      - SoC_Top:u_soc|Pipeline_top:u_cpu|execute_cycle:execute|Mux3x1:mux_forward_B|d[2]~4                                  ; 1                 ; 6       ;
;      - SoC_Top:u_soc|Pipeline_top:u_cpu|memory_cycle:memory|PCPlus4M_reg[2]                                                ; 1                 ; 6       ;
;      - SoC_Top:u_soc|Pipeline_top:u_cpu|memory_cycle:memory|ReadDataM_reg[2]                                               ; 1                 ; 6       ;
;      - SoC_Top:u_soc|Pipeline_top:u_cpu|memory_cycle:memory|ALUResultM_reg[2]                                              ; 1                 ; 6       ;
;      - SoC_Top:u_soc|Pipeline_top:u_cpu|memory_cycle:memory|CSRReadDataM_reg[2]                                            ; 1                 ; 6       ;
;      - SoC_Top:u_soc|Pipeline_top:u_cpu|decode_cycle:decode|RD2_D_reg[2]                                                   ; 1                 ; 6       ;
;      - SoC_Top:u_soc|Pipeline_top:u_cpu|decode_cycle:decode|Imm_Ext_D_reg[3]                                               ; 1                 ; 6       ;
;      - SoC_Top:u_soc|Pipeline_top:u_cpu|execute_cycle:execute|Mux3x1:mux_forward_B|d[3]~6                                  ; 1                 ; 6       ;
;      - SoC_Top:u_soc|Pipeline_top:u_cpu|memory_cycle:memory|ReadDataM_reg[3]                                               ; 1                 ; 6       ;
;      - SoC_Top:u_soc|Pipeline_top:u_cpu|memory_cycle:memory|PCPlus4M_reg[3]                                                ; 1                 ; 6       ;
;      - SoC_Top:u_soc|Pipeline_top:u_cpu|memory_cycle:memory|ALUResultM_reg[3]                                              ; 1                 ; 6       ;
;      - SoC_Top:u_soc|Pipeline_top:u_cpu|memory_cycle:memory|CSRReadDataM_reg[3]                                            ; 1                 ; 6       ;
;      - SoC_Top:u_soc|Pipeline_top:u_cpu|decode_cycle:decode|RD2_D_reg[3]                                                   ; 1                 ; 6       ;
;      - SoC_Top:u_soc|Pipeline_top:u_cpu|decode_cycle:decode|PCD_reg[16]                                                    ; 1                 ; 6       ;
;      - SoC_Top:u_soc|Pipeline_top:u_cpu|execute_cycle:execute|ALUResultE_reg[16]                                           ; 1                 ; 6       ;
;      - SoC_Top:u_soc|Pipeline_top:u_cpu|execute_cycle:execute|Mux3x1:mux_forward_A|d[16]~15                                ; 1                 ; 6       ;
;      - SoC_Top:u_soc|Pipeline_top:u_cpu|memory_cycle:memory|ReadDataM_reg[16]                                              ; 1                 ; 6       ;
;      - SoC_Top:u_soc|Pipeline_top:u_cpu|memory_cycle:memory|PCPlus4M_reg[16]                                               ; 1                 ; 6       ;
;      - SoC_Top:u_soc|Pipeline_top:u_cpu|memory_cycle:memory|ALUResultM_reg[16]                                             ; 1                 ; 6       ;
;      - SoC_Top:u_soc|Pipeline_top:u_cpu|memory_cycle:memory|CSRReadDataM_reg[16]                                           ; 1                 ; 6       ;
;      - SoC_Top:u_soc|Pipeline_top:u_cpu|decode_cycle:decode|RD1_D_reg[16]                                                  ; 1                 ; 6       ;
;      - SoC_Top:u_soc|Pipeline_top:u_cpu|decode_cycle:decode|PCD_reg[17]                                                    ; 1                 ; 6       ;
;      - SoC_Top:u_soc|Pipeline_top:u_cpu|execute_cycle:execute|ALUResultE_reg[17]                                           ; 1                 ; 6       ;
;      - SoC_Top:u_soc|Pipeline_top:u_cpu|execute_cycle:execute|Mux3x1:mux_forward_A|d[17]~17                                ; 1                 ; 6       ;
;      - SoC_Top:u_soc|Pipeline_top:u_cpu|memory_cycle:memory|PCPlus4M_reg[17]                                               ; 1                 ; 6       ;
;      - SoC_Top:u_soc|Pipeline_top:u_cpu|memory_cycle:memory|ReadDataM_reg[17]                                              ; 1                 ; 6       ;
;      - SoC_Top:u_soc|Pipeline_top:u_cpu|memory_cycle:memory|ALUResultM_reg[17]                                             ; 1                 ; 6       ;
;      - SoC_Top:u_soc|Pipeline_top:u_cpu|memory_cycle:memory|CSRReadDataM_reg[17]                                           ; 1                 ; 6       ;
;      - SoC_Top:u_soc|Pipeline_top:u_cpu|decode_cycle:decode|RD1_D_reg[17]                                                  ; 1                 ; 6       ;
;      - SoC_Top:u_soc|Pipeline_top:u_cpu|memory_cycle:memory|ReadDataM_reg[18]                                              ; 1                 ; 6       ;
;      - SoC_Top:u_soc|Pipeline_top:u_cpu|memory_cycle:memory|PCPlus4M_reg[18]                                               ; 1                 ; 6       ;
;      - SoC_Top:u_soc|Pipeline_top:u_cpu|memory_cycle:memory|ALUResultM_reg[18]                                             ; 1                 ; 6       ;
;      - SoC_Top:u_soc|Pipeline_top:u_cpu|memory_cycle:memory|CSRReadDataM_reg[18]                                           ; 1                 ; 6       ;
;      - SoC_Top:u_soc|Pipeline_top:u_cpu|decode_cycle:decode|RD1_D_reg[18]                                                  ; 1                 ; 6       ;
;      - SoC_Top:u_soc|Pipeline_top:u_cpu|decode_cycle:decode|PCD_reg[18]                                                    ; 1                 ; 6       ;
;      - SoC_Top:u_soc|Pipeline_top:u_cpu|execute_cycle:execute|ALUResultE_reg[18]                                           ; 1                 ; 6       ;
;      - SoC_Top:u_soc|Pipeline_top:u_cpu|memory_cycle:memory|PCPlus4M_reg[19]                                               ; 1                 ; 6       ;
;      - SoC_Top:u_soc|Pipeline_top:u_cpu|memory_cycle:memory|ReadDataM_reg[19]                                              ; 1                 ; 6       ;
;      - SoC_Top:u_soc|Pipeline_top:u_cpu|memory_cycle:memory|ALUResultM_reg[19]                                             ; 1                 ; 6       ;
;      - SoC_Top:u_soc|Pipeline_top:u_cpu|memory_cycle:memory|CSRReadDataM_reg[19]                                           ; 1                 ; 6       ;
;      - SoC_Top:u_soc|Pipeline_top:u_cpu|decode_cycle:decode|RD1_D_reg[19]                                                  ; 1                 ; 6       ;
;      - SoC_Top:u_soc|Pipeline_top:u_cpu|decode_cycle:decode|PCD_reg[19]                                                    ; 1                 ; 6       ;
;      - SoC_Top:u_soc|Pipeline_top:u_cpu|execute_cycle:execute|ALUResultE_reg[19]                                           ; 1                 ; 6       ;
;      - SoC_Top:u_soc|Pipeline_top:u_cpu|memory_cycle:memory|ReadDataM_reg[20]                                              ; 1                 ; 6       ;
;      - SoC_Top:u_soc|Pipeline_top:u_cpu|memory_cycle:memory|PCPlus4M_reg[20]                                               ; 1                 ; 6       ;
;      - SoC_Top:u_soc|Pipeline_top:u_cpu|memory_cycle:memory|ALUResultM_reg[20]                                             ; 1                 ; 6       ;
;      - SoC_Top:u_soc|Pipeline_top:u_cpu|memory_cycle:memory|CSRReadDataM_reg[20]                                           ; 1                 ; 6       ;
;      - SoC_Top:u_soc|Pipeline_top:u_cpu|decode_cycle:decode|RD1_D_reg[20]                                                  ; 1                 ; 6       ;
;      - SoC_Top:u_soc|Pipeline_top:u_cpu|decode_cycle:decode|PCD_reg[20]                                                    ; 1                 ; 6       ;
;      - SoC_Top:u_soc|Pipeline_top:u_cpu|execute_cycle:execute|ALUResultE_reg[20]                                           ; 1                 ; 6       ;
;      - SoC_Top:u_soc|Pipeline_top:u_cpu|decode_cycle:decode|PCD_reg[21]                                                    ; 1                 ; 6       ;
;      - SoC_Top:u_soc|Pipeline_top:u_cpu|execute_cycle:execute|ALUResultE_reg[21]                                           ; 1                 ; 6       ;
;      - SoC_Top:u_soc|Pipeline_top:u_cpu|execute_cycle:execute|Mux3x1:mux_forward_A|d[21]~22                                ; 1                 ; 6       ;
;      - SoC_Top:u_soc|Pipeline_top:u_cpu|memory_cycle:memory|PCPlus4M_reg[21]                                               ; 1                 ; 6       ;
;      - SoC_Top:u_soc|Pipeline_top:u_cpu|memory_cycle:memory|ReadDataM_reg[21]                                              ; 1                 ; 6       ;
;      - SoC_Top:u_soc|Pipeline_top:u_cpu|memory_cycle:memory|ALUResultM_reg[21]                                             ; 1                 ; 6       ;
;      - SoC_Top:u_soc|Pipeline_top:u_cpu|memory_cycle:memory|CSRReadDataM_reg[21]                                           ; 1                 ; 6       ;
;      - SoC_Top:u_soc|Pipeline_top:u_cpu|decode_cycle:decode|RD1_D_reg[21]                                                  ; 1                 ; 6       ;
;      - SoC_Top:u_soc|Pipeline_top:u_cpu|decode_cycle:decode|PCD_reg[22]                                                    ; 1                 ; 6       ;
;      - SoC_Top:u_soc|Pipeline_top:u_cpu|execute_cycle:execute|ALUResultE_reg[22]                                           ; 1                 ; 6       ;
;      - SoC_Top:u_soc|Pipeline_top:u_cpu|execute_cycle:execute|Mux3x1:mux_forward_A|d[22]~24                                ; 1                 ; 6       ;
;      - SoC_Top:u_soc|Pipeline_top:u_cpu|memory_cycle:memory|ReadDataM_reg[22]                                              ; 1                 ; 6       ;
;      - SoC_Top:u_soc|Pipeline_top:u_cpu|memory_cycle:memory|PCPlus4M_reg[22]                                               ; 1                 ; 6       ;
;      - SoC_Top:u_soc|Pipeline_top:u_cpu|memory_cycle:memory|ALUResultM_reg[22]                                             ; 1                 ; 6       ;
;      - SoC_Top:u_soc|Pipeline_top:u_cpu|memory_cycle:memory|CSRReadDataM_reg[22]                                           ; 1                 ; 6       ;
;      - SoC_Top:u_soc|Pipeline_top:u_cpu|decode_cycle:decode|RD1_D_reg[22]                                                  ; 1                 ; 6       ;
;      - SoC_Top:u_soc|Pipeline_top:u_cpu|decode_cycle:decode|PCD_reg[23]                                                    ; 1                 ; 6       ;
;      - SoC_Top:u_soc|Pipeline_top:u_cpu|execute_cycle:execute|ALUResultE_reg[23]                                           ; 1                 ; 6       ;
;      - SoC_Top:u_soc|Pipeline_top:u_cpu|execute_cycle:execute|Mux3x1:mux_forward_A|d[23]~26                                ; 1                 ; 6       ;
;      - SoC_Top:u_soc|Pipeline_top:u_cpu|memory_cycle:memory|PCPlus4M_reg[23]                                               ; 1                 ; 6       ;
;      - SoC_Top:u_soc|Pipeline_top:u_cpu|memory_cycle:memory|ReadDataM_reg[23]                                              ; 1                 ; 6       ;
;      - SoC_Top:u_soc|Pipeline_top:u_cpu|memory_cycle:memory|ALUResultM_reg[23]                                             ; 1                 ; 6       ;
;      - SoC_Top:u_soc|Pipeline_top:u_cpu|memory_cycle:memory|CSRReadDataM_reg[23]                                           ; 1                 ; 6       ;
;      - SoC_Top:u_soc|Pipeline_top:u_cpu|decode_cycle:decode|RD1_D_reg[23]                                                  ; 1                 ; 6       ;
;      - SoC_Top:u_soc|Pipeline_top:u_cpu|decode_cycle:decode|Imm_Ext_D_reg[4]                                               ; 1                 ; 6       ;
;      - SoC_Top:u_soc|Pipeline_top:u_cpu|execute_cycle:execute|ALUResultE_reg[4]                                            ; 1                 ; 6       ;
;      - SoC_Top:u_soc|Pipeline_top:u_cpu|execute_cycle:execute|Mux3x1:mux_forward_B|d[4]~8                                  ; 1                 ; 6       ;
;      - SoC_Top:u_soc|Pipeline_top:u_cpu|memory_cycle:memory|ReadDataM_reg[4]                                               ; 1                 ; 6       ;
;      - SoC_Top:u_soc|Pipeline_top:u_cpu|memory_cycle:memory|PCPlus4M_reg[4]                                                ; 1                 ; 6       ;
;      - SoC_Top:u_soc|Pipeline_top:u_cpu|memory_cycle:memory|ALUResultM_reg[4]                                              ; 1                 ; 6       ;
;      - SoC_Top:u_soc|Pipeline_top:u_cpu|memory_cycle:memory|CSRReadDataM_reg[4]                                            ; 1                 ; 6       ;
;      - SoC_Top:u_soc|Pipeline_top:u_cpu|decode_cycle:decode|RD2_D_reg[4]                                                   ; 1                 ; 6       ;
;      - SoC_Top:u_soc|Pipeline_top:u_cpu|decode_cycle:decode|PCD_reg[0]                                                     ; 1                 ; 6       ;
;      - SoC_Top:u_soc|Pipeline_top:u_cpu|decode_cycle:decode|RD1_D_reg[0]                                                   ; 1                 ; 6       ;
;      - SoC_Top:u_soc|Pipeline_top:u_cpu|decode_cycle:decode|PCD_reg[1]                                                     ; 1                 ; 6       ;
;      - SoC_Top:u_soc|Pipeline_top:u_cpu|decode_cycle:decode|RD1_D_reg[1]                                                   ; 1                 ; 6       ;
;      - SoC_Top:u_soc|Pipeline_top:u_cpu|decode_cycle:decode|PCD_reg[2]                                                     ; 1                 ; 6       ;
;      - SoC_Top:u_soc|Pipeline_top:u_cpu|decode_cycle:decode|RD1_D_reg[2]                                                   ; 1                 ; 6       ;
;      - SoC_Top:u_soc|Pipeline_top:u_cpu|decode_cycle:decode|PCD_reg[3]                                                     ; 1                 ; 6       ;
;      - SoC_Top:u_soc|Pipeline_top:u_cpu|decode_cycle:decode|RD1_D_reg[3]                                                   ; 1                 ; 6       ;
;      - SoC_Top:u_soc|Pipeline_top:u_cpu|decode_cycle:decode|PCD_reg[4]                                                     ; 1                 ; 6       ;
;      - SoC_Top:u_soc|Pipeline_top:u_cpu|decode_cycle:decode|RD1_D_reg[4]                                                   ; 1                 ; 6       ;
;      - SoC_Top:u_soc|Pipeline_top:u_cpu|memory_cycle:memory|PCPlus4M_reg[5]                                                ; 1                 ; 6       ;
;      - SoC_Top:u_soc|Pipeline_top:u_cpu|memory_cycle:memory|ReadDataM_reg[5]                                               ; 1                 ; 6       ;
;      - SoC_Top:u_soc|Pipeline_top:u_cpu|memory_cycle:memory|ALUResultM_reg[5]                                              ; 1                 ; 6       ;
;      - SoC_Top:u_soc|Pipeline_top:u_cpu|memory_cycle:memory|CSRReadDataM_reg[5]                                            ; 1                 ; 6       ;
;      - SoC_Top:u_soc|Pipeline_top:u_cpu|decode_cycle:decode|RD1_D_reg[5]                                                   ; 1                 ; 6       ;
;      - SoC_Top:u_soc|Pipeline_top:u_cpu|decode_cycle:decode|PCD_reg[5]                                                     ; 1                 ; 6       ;
;      - SoC_Top:u_soc|Pipeline_top:u_cpu|execute_cycle:execute|ALUResultE_reg[5]                                            ; 1                 ; 6       ;
;      - SoC_Top:u_soc|Pipeline_top:u_cpu|memory_cycle:memory|ReadDataM_reg[6]                                               ; 1                 ; 6       ;
;      - SoC_Top:u_soc|Pipeline_top:u_cpu|memory_cycle:memory|PCPlus4M_reg[6]                                                ; 1                 ; 6       ;
;      - SoC_Top:u_soc|Pipeline_top:u_cpu|memory_cycle:memory|ALUResultM_reg[6]                                              ; 1                 ; 6       ;
;      - SoC_Top:u_soc|Pipeline_top:u_cpu|memory_cycle:memory|CSRReadDataM_reg[6]                                            ; 1                 ; 6       ;
;      - SoC_Top:u_soc|Pipeline_top:u_cpu|decode_cycle:decode|RD1_D_reg[6]                                                   ; 1                 ; 6       ;
;      - SoC_Top:u_soc|Pipeline_top:u_cpu|decode_cycle:decode|PCD_reg[6]                                                     ; 1                 ; 6       ;
;      - SoC_Top:u_soc|Pipeline_top:u_cpu|execute_cycle:execute|ALUResultE_reg[6]                                            ; 1                 ; 6       ;
;      - SoC_Top:u_soc|Pipeline_top:u_cpu|memory_cycle:memory|PCPlus4M_reg[7]                                                ; 1                 ; 6       ;
;      - SoC_Top:u_soc|Pipeline_top:u_cpu|memory_cycle:memory|ReadDataM_reg[7]                                               ; 1                 ; 6       ;
;      - SoC_Top:u_soc|Pipeline_top:u_cpu|memory_cycle:memory|ALUResultM_reg[7]                                              ; 1                 ; 6       ;
;      - SoC_Top:u_soc|Pipeline_top:u_cpu|memory_cycle:memory|CSRReadDataM_reg[7]                                            ; 1                 ; 6       ;
;      - SoC_Top:u_soc|Pipeline_top:u_cpu|decode_cycle:decode|RD1_D_reg[7]                                                   ; 1                 ; 6       ;
;      - SoC_Top:u_soc|Pipeline_top:u_cpu|decode_cycle:decode|PCD_reg[7]                                                     ; 1                 ; 6       ;
;      - SoC_Top:u_soc|Pipeline_top:u_cpu|execute_cycle:execute|ALUResultE_reg[7]                                            ; 1                 ; 6       ;
;      - SoC_Top:u_soc|Pipeline_top:u_cpu|memory_cycle:memory|ReadDataM_reg[8]                                               ; 1                 ; 6       ;
;      - SoC_Top:u_soc|Pipeline_top:u_cpu|memory_cycle:memory|PCPlus4M_reg[8]                                                ; 1                 ; 6       ;
;      - SoC_Top:u_soc|Pipeline_top:u_cpu|memory_cycle:memory|ALUResultM_reg[8]                                              ; 1                 ; 6       ;
;      - SoC_Top:u_soc|Pipeline_top:u_cpu|memory_cycle:memory|CSRReadDataM_reg[8]                                            ; 1                 ; 6       ;
;      - SoC_Top:u_soc|Pipeline_top:u_cpu|decode_cycle:decode|RD1_D_reg[8]                                                   ; 1                 ; 6       ;
;      - SoC_Top:u_soc|Pipeline_top:u_cpu|decode_cycle:decode|PCD_reg[8]                                                     ; 1                 ; 6       ;
;      - SoC_Top:u_soc|Pipeline_top:u_cpu|memory_cycle:memory|PCPlus4M_reg[9]                                                ; 1                 ; 6       ;
;      - SoC_Top:u_soc|Pipeline_top:u_cpu|memory_cycle:memory|ReadDataM_reg[9]                                               ; 1                 ; 6       ;
;      - SoC_Top:u_soc|Pipeline_top:u_cpu|memory_cycle:memory|ALUResultM_reg[9]                                              ; 1                 ; 6       ;
;      - SoC_Top:u_soc|Pipeline_top:u_cpu|memory_cycle:memory|CSRReadDataM_reg[9]                                            ; 1                 ; 6       ;
;      - SoC_Top:u_soc|Pipeline_top:u_cpu|decode_cycle:decode|RD1_D_reg[9]                                                   ; 1                 ; 6       ;
;      - SoC_Top:u_soc|Pipeline_top:u_cpu|decode_cycle:decode|PCD_reg[9]                                                     ; 1                 ; 6       ;
;      - SoC_Top:u_soc|Pipeline_top:u_cpu|decode_cycle:decode|PCD_reg[10]                                                    ; 1                 ; 6       ;
;      - SoC_Top:u_soc|Pipeline_top:u_cpu|execute_cycle:execute|Mux3x1:mux_forward_A|d[10]~43                                ; 1                 ; 6       ;
;      - SoC_Top:u_soc|Pipeline_top:u_cpu|memory_cycle:memory|ReadDataM_reg[10]                                              ; 1                 ; 6       ;
;      - SoC_Top:u_soc|Pipeline_top:u_cpu|memory_cycle:memory|PCPlus4M_reg[10]                                               ; 1                 ; 6       ;
;      - SoC_Top:u_soc|Pipeline_top:u_cpu|memory_cycle:memory|ALUResultM_reg[10]                                             ; 1                 ; 6       ;
;      - SoC_Top:u_soc|Pipeline_top:u_cpu|memory_cycle:memory|CSRReadDataM_reg[10]                                           ; 1                 ; 6       ;
;      - SoC_Top:u_soc|Pipeline_top:u_cpu|decode_cycle:decode|RD1_D_reg[10]                                                  ; 1                 ; 6       ;
;      - SoC_Top:u_soc|Pipeline_top:u_cpu|memory_cycle:memory|PCPlus4M_reg[11]                                               ; 1                 ; 6       ;
;      - SoC_Top:u_soc|Pipeline_top:u_cpu|memory_cycle:memory|ReadDataM_reg[11]                                              ; 1                 ; 6       ;
;      - SoC_Top:u_soc|Pipeline_top:u_cpu|memory_cycle:memory|ALUResultM_reg[11]                                             ; 1                 ; 6       ;
;      - SoC_Top:u_soc|Pipeline_top:u_cpu|memory_cycle:memory|CSRReadDataM_reg[11]                                           ; 1                 ; 6       ;
;      - SoC_Top:u_soc|Pipeline_top:u_cpu|decode_cycle:decode|RD1_D_reg[11]                                                  ; 1                 ; 6       ;
;      - SoC_Top:u_soc|Pipeline_top:u_cpu|decode_cycle:decode|PCD_reg[11]                                                    ; 1                 ; 6       ;
;      - SoC_Top:u_soc|Pipeline_top:u_cpu|decode_cycle:decode|PCD_reg[12]                                                    ; 1                 ; 6       ;
;      - SoC_Top:u_soc|Pipeline_top:u_cpu|execute_cycle:execute|ALUResultE_reg[12]                                           ; 1                 ; 6       ;
;      - SoC_Top:u_soc|Pipeline_top:u_cpu|execute_cycle:execute|Mux3x1:mux_forward_A|d[12]~46                                ; 1                 ; 6       ;
;      - SoC_Top:u_soc|Pipeline_top:u_cpu|memory_cycle:memory|ReadDataM_reg[12]                                              ; 1                 ; 6       ;
;      - SoC_Top:u_soc|Pipeline_top:u_cpu|memory_cycle:memory|PCPlus4M_reg[12]                                               ; 1                 ; 6       ;
;      - SoC_Top:u_soc|Pipeline_top:u_cpu|memory_cycle:memory|ALUResultM_reg[12]                                             ; 1                 ; 6       ;
;      - SoC_Top:u_soc|Pipeline_top:u_cpu|memory_cycle:memory|CSRReadDataM_reg[12]                                           ; 1                 ; 6       ;
;      - SoC_Top:u_soc|Pipeline_top:u_cpu|decode_cycle:decode|RD1_D_reg[12]                                                  ; 1                 ; 6       ;
;      - SoC_Top:u_soc|Pipeline_top:u_cpu|memory_cycle:memory|PCPlus4M_reg[13]                                               ; 1                 ; 6       ;
;      - SoC_Top:u_soc|Pipeline_top:u_cpu|memory_cycle:memory|ReadDataM_reg[13]                                              ; 1                 ; 6       ;
;      - SoC_Top:u_soc|Pipeline_top:u_cpu|memory_cycle:memory|ALUResultM_reg[13]                                             ; 1                 ; 6       ;
;      - SoC_Top:u_soc|Pipeline_top:u_cpu|memory_cycle:memory|CSRReadDataM_reg[13]                                           ; 1                 ; 6       ;
;      - SoC_Top:u_soc|Pipeline_top:u_cpu|decode_cycle:decode|RD1_D_reg[13]                                                  ; 1                 ; 6       ;
;      - SoC_Top:u_soc|Pipeline_top:u_cpu|decode_cycle:decode|PCD_reg[13]                                                    ; 1                 ; 6       ;
;      - SoC_Top:u_soc|Pipeline_top:u_cpu|execute_cycle:execute|ALUResultE_reg[13]                                           ; 1                 ; 6       ;
;      - SoC_Top:u_soc|Pipeline_top:u_cpu|decode_cycle:decode|PCD_reg[14]                                                    ; 1                 ; 6       ;
;      - SoC_Top:u_soc|Pipeline_top:u_cpu|execute_cycle:execute|ALUResultE_reg[14]                                           ; 1                 ; 6       ;
;      - SoC_Top:u_soc|Pipeline_top:u_cpu|execute_cycle:execute|Mux3x1:mux_forward_A|d[14]~49                                ; 1                 ; 6       ;
;      - SoC_Top:u_soc|Pipeline_top:u_cpu|memory_cycle:memory|ReadDataM_reg[14]                                              ; 1                 ; 6       ;
;      - SoC_Top:u_soc|Pipeline_top:u_cpu|memory_cycle:memory|PCPlus4M_reg[14]                                               ; 1                 ; 6       ;
;      - SoC_Top:u_soc|Pipeline_top:u_cpu|memory_cycle:memory|ALUResultM_reg[14]                                             ; 1                 ; 6       ;
;      - SoC_Top:u_soc|Pipeline_top:u_cpu|memory_cycle:memory|CSRReadDataM_reg[14]                                           ; 1                 ; 6       ;
;      - SoC_Top:u_soc|Pipeline_top:u_cpu|decode_cycle:decode|RD1_D_reg[14]                                                  ; 1                 ; 6       ;
;      - SoC_Top:u_soc|Pipeline_top:u_cpu|memory_cycle:memory|PCPlus4M_reg[15]                                               ; 1                 ; 6       ;
;      - SoC_Top:u_soc|Pipeline_top:u_cpu|memory_cycle:memory|ReadDataM_reg[15]                                              ; 1                 ; 6       ;
;      - SoC_Top:u_soc|Pipeline_top:u_cpu|memory_cycle:memory|ALUResultM_reg[15]                                             ; 1                 ; 6       ;
;      - SoC_Top:u_soc|Pipeline_top:u_cpu|memory_cycle:memory|CSRReadDataM_reg[15]                                           ; 1                 ; 6       ;
;      - SoC_Top:u_soc|Pipeline_top:u_cpu|decode_cycle:decode|RD1_D_reg[15]                                                  ; 1                 ; 6       ;
;      - SoC_Top:u_soc|Pipeline_top:u_cpu|decode_cycle:decode|PCD_reg[15]                                                    ; 1                 ; 6       ;
;      - SoC_Top:u_soc|Pipeline_top:u_cpu|execute_cycle:execute|ALUResultE_reg[15]                                           ; 1                 ; 6       ;
;      - SoC_Top:u_soc|Pipeline_top:u_cpu|decode_cycle:decode|Imm_Ext_D_reg[31]                                              ; 1                 ; 6       ;
;      - SoC_Top:u_soc|Pipeline_top:u_cpu|decode_cycle:decode|RD2_D_reg[31]                                                  ; 1                 ; 6       ;
;      - SoC_Top:u_soc|Pipeline_top:u_cpu|decode_cycle:decode|Imm_Ext_D_reg[30]                                              ; 1                 ; 6       ;
;      - SoC_Top:u_soc|Pipeline_top:u_cpu|decode_cycle:decode|RD2_D_reg[30]                                                  ; 1                 ; 6       ;
;      - SoC_Top:u_soc|Pipeline_top:u_cpu|decode_cycle:decode|Imm_Ext_D_reg[29]                                              ; 1                 ; 6       ;
;      - SoC_Top:u_soc|Pipeline_top:u_cpu|decode_cycle:decode|RD2_D_reg[29]                                                  ; 1                 ; 6       ;
;      - SoC_Top:u_soc|Pipeline_top:u_cpu|decode_cycle:decode|Imm_Ext_D_reg[28]                                              ; 1                 ; 6       ;
;      - SoC_Top:u_soc|Pipeline_top:u_cpu|decode_cycle:decode|RD2_D_reg[28]                                                  ; 1                 ; 6       ;
;      - SoC_Top:u_soc|Pipeline_top:u_cpu|decode_cycle:decode|Imm_Ext_D_reg[27]                                              ; 1                 ; 6       ;
;      - SoC_Top:u_soc|Pipeline_top:u_cpu|decode_cycle:decode|RD2_D_reg[27]                                                  ; 1                 ; 6       ;
;      - SoC_Top:u_soc|Pipeline_top:u_cpu|decode_cycle:decode|Imm_Ext_D_reg[26]                                              ; 1                 ; 6       ;
;      - SoC_Top:u_soc|Pipeline_top:u_cpu|decode_cycle:decode|RD2_D_reg[26]                                                  ; 1                 ; 6       ;
;      - SoC_Top:u_soc|Pipeline_top:u_cpu|decode_cycle:decode|Imm_Ext_D_reg[25]                                              ; 1                 ; 6       ;
;      - SoC_Top:u_soc|Pipeline_top:u_cpu|decode_cycle:decode|RD2_D_reg[25]                                                  ; 1                 ; 6       ;
;      - SoC_Top:u_soc|Pipeline_top:u_cpu|decode_cycle:decode|Imm_Ext_D_reg[24]                                              ; 1                 ; 6       ;
;      - SoC_Top:u_soc|Pipeline_top:u_cpu|decode_cycle:decode|RD2_D_reg[24]                                                  ; 1                 ; 6       ;
;      - SoC_Top:u_soc|Pipeline_top:u_cpu|decode_cycle:decode|Imm_Ext_D_reg[23]                                              ; 1                 ; 6       ;
;      - SoC_Top:u_soc|Pipeline_top:u_cpu|decode_cycle:decode|RD2_D_reg[23]                                                  ; 1                 ; 6       ;
;      - SoC_Top:u_soc|Pipeline_top:u_cpu|decode_cycle:decode|Imm_Ext_D_reg[22]                                              ; 1                 ; 6       ;
;      - SoC_Top:u_soc|Pipeline_top:u_cpu|decode_cycle:decode|RD2_D_reg[22]                                                  ; 1                 ; 6       ;
;      - SoC_Top:u_soc|Pipeline_top:u_cpu|decode_cycle:decode|Imm_Ext_D_reg[21]                                              ; 1                 ; 6       ;
;      - SoC_Top:u_soc|Pipeline_top:u_cpu|decode_cycle:decode|RD2_D_reg[21]                                                  ; 1                 ; 6       ;
;      - SoC_Top:u_soc|Pipeline_top:u_cpu|decode_cycle:decode|Imm_Ext_D_reg[20]                                              ; 1                 ; 6       ;
;      - SoC_Top:u_soc|Pipeline_top:u_cpu|decode_cycle:decode|RD2_D_reg[20]                                                  ; 1                 ; 6       ;
;      - SoC_Top:u_soc|Pipeline_top:u_cpu|decode_cycle:decode|Imm_Ext_D_reg[19]                                              ; 1                 ; 6       ;
;      - SoC_Top:u_soc|Pipeline_top:u_cpu|decode_cycle:decode|RD2_D_reg[19]                                                  ; 1                 ; 6       ;
;      - SoC_Top:u_soc|Pipeline_top:u_cpu|decode_cycle:decode|Imm_Ext_D_reg[18]                                              ; 1                 ; 6       ;
;      - SoC_Top:u_soc|Pipeline_top:u_cpu|decode_cycle:decode|RD2_D_reg[18]                                                  ; 1                 ; 6       ;
;      - SoC_Top:u_soc|Pipeline_top:u_cpu|decode_cycle:decode|Imm_Ext_D_reg[17]                                              ; 1                 ; 6       ;
;      - SoC_Top:u_soc|Pipeline_top:u_cpu|decode_cycle:decode|RD2_D_reg[17]                                                  ; 1                 ; 6       ;
;      - SoC_Top:u_soc|Pipeline_top:u_cpu|decode_cycle:decode|Imm_Ext_D_reg[16]                                              ; 1                 ; 6       ;
;      - SoC_Top:u_soc|Pipeline_top:u_cpu|decode_cycle:decode|RD2_D_reg[16]                                                  ; 1                 ; 6       ;
;      - SoC_Top:u_soc|Pipeline_top:u_cpu|decode_cycle:decode|Imm_Ext_D_reg[15]                                              ; 1                 ; 6       ;
;      - SoC_Top:u_soc|Pipeline_top:u_cpu|decode_cycle:decode|RD2_D_reg[15]                                                  ; 1                 ; 6       ;
;      - SoC_Top:u_soc|Pipeline_top:u_cpu|decode_cycle:decode|Imm_Ext_D_reg[14]                                              ; 1                 ; 6       ;
;      - SoC_Top:u_soc|Pipeline_top:u_cpu|decode_cycle:decode|RD2_D_reg[14]                                                  ; 1                 ; 6       ;
;      - SoC_Top:u_soc|Pipeline_top:u_cpu|decode_cycle:decode|Imm_Ext_D_reg[13]                                              ; 1                 ; 6       ;
;      - SoC_Top:u_soc|Pipeline_top:u_cpu|decode_cycle:decode|RD2_D_reg[13]                                                  ; 1                 ; 6       ;
;      - SoC_Top:u_soc|Pipeline_top:u_cpu|decode_cycle:decode|RD2_D_reg[12]                                                  ; 1                 ; 6       ;
;      - SoC_Top:u_soc|Pipeline_top:u_cpu|decode_cycle:decode|Imm_Ext_D_reg[12]                                              ; 1                 ; 6       ;
;      - SoC_Top:u_soc|Pipeline_top:u_cpu|decode_cycle:decode|RD2_D_reg[11]                                                  ; 1                 ; 6       ;
;      - SoC_Top:u_soc|Pipeline_top:u_cpu|decode_cycle:decode|Imm_Ext_D_reg[11]                                              ; 1                 ; 6       ;
;      - SoC_Top:u_soc|Pipeline_top:u_cpu|decode_cycle:decode|RD2_D_reg[10]                                                  ; 1                 ; 6       ;
;      - SoC_Top:u_soc|Pipeline_top:u_cpu|decode_cycle:decode|Imm_Ext_D_reg[10]                                              ; 1                 ; 6       ;
;      - SoC_Top:u_soc|Pipeline_top:u_cpu|decode_cycle:decode|RD2_D_reg[9]                                                   ; 1                 ; 6       ;
;      - SoC_Top:u_soc|Pipeline_top:u_cpu|decode_cycle:decode|Imm_Ext_D_reg[9]                                               ; 1                 ; 6       ;
;      - SoC_Top:u_soc|Pipeline_top:u_cpu|decode_cycle:decode|RD2_D_reg[8]                                                   ; 1                 ; 6       ;
;      - SoC_Top:u_soc|Pipeline_top:u_cpu|decode_cycle:decode|Imm_Ext_D_reg[8]                                               ; 1                 ; 6       ;
;      - SoC_Top:u_soc|Pipeline_top:u_cpu|decode_cycle:decode|RD2_D_reg[7]                                                   ; 1                 ; 6       ;
;      - SoC_Top:u_soc|Pipeline_top:u_cpu|decode_cycle:decode|Imm_Ext_D_reg[7]                                               ; 1                 ; 6       ;
;      - SoC_Top:u_soc|Pipeline_top:u_cpu|decode_cycle:decode|RD2_D_reg[6]                                                   ; 1                 ; 6       ;
;      - SoC_Top:u_soc|Pipeline_top:u_cpu|decode_cycle:decode|Imm_Ext_D_reg[6]                                               ; 1                 ; 6       ;
;      - SoC_Top:u_soc|Pipeline_top:u_cpu|decode_cycle:decode|RD2_D_reg[5]                                                   ; 1                 ; 6       ;
;      - SoC_Top:u_soc|Pipeline_top:u_cpu|decode_cycle:decode|Imm_Ext_D_reg[5]                                               ; 1                 ; 6       ;
;      - SoC_Top:u_soc|Pipeline_top:u_cpu|decode_cycle:decode|ALUControlD_reg[3]                                             ; 1                 ; 6       ;
;      - SoC_Top:u_soc|Pipeline_top:u_cpu|decode_cycle:decode|MemWriteD_reg                                                  ; 1                 ; 6       ;
;      - SoC_Top:u_soc|Pipeline_top:u_cpu|decode_cycle:decode|ResultSrcD_reg[0]                                              ; 1                 ; 6       ;
;      - SoC_Top:u_soc|Pipeline_top:u_cpu|decode_cycle:decode|ResultSrcD_reg[1]                                              ; 1                 ; 6       ;
;      - SoC_Top:u_soc|apb_spi_master:u_spi|clk_div[1]                                                                       ; 1                 ; 6       ;
;      - SoC_Top:u_soc|apb_spi_master:u_spi|clk_cnt[1]                                                                       ; 1                 ; 6       ;
;      - SoC_Top:u_soc|apb_spi_master:u_spi|clk_div[0]                                                                       ; 1                 ; 6       ;
;      - SoC_Top:u_soc|apb_spi_master:u_spi|clk_cnt[0]                                                                       ; 1                 ; 6       ;
;      - SoC_Top:u_soc|apb_spi_master:u_spi|clk_div[2]                                                                       ; 1                 ; 6       ;
;      - SoC_Top:u_soc|apb_spi_master:u_spi|clk_div[3]                                                                       ; 1                 ; 6       ;
;      - SoC_Top:u_soc|apb_spi_master:u_spi|clk_cnt[3]                                                                       ; 1                 ; 6       ;
;      - SoC_Top:u_soc|apb_spi_master:u_spi|clk_cnt[2]                                                                       ; 1                 ; 6       ;
;      - SoC_Top:u_soc|apb_spi_master:u_spi|clk_div[4]                                                                       ; 1                 ; 6       ;
;      - SoC_Top:u_soc|apb_spi_master:u_spi|clk_div[5]                                                                       ; 1                 ; 6       ;
;      - SoC_Top:u_soc|apb_spi_master:u_spi|clk_cnt[5]                                                                       ; 1                 ; 6       ;
;      - SoC_Top:u_soc|apb_spi_master:u_spi|clk_cnt[4]                                                                       ; 1                 ; 6       ;
;      - SoC_Top:u_soc|apb_spi_master:u_spi|clk_div[6]                                                                       ; 1                 ; 6       ;
;      - SoC_Top:u_soc|apb_spi_master:u_spi|clk_div[7]                                                                       ; 1                 ; 6       ;
;      - SoC_Top:u_soc|apb_spi_master:u_spi|clk_cnt[7]                                                                       ; 1                 ; 6       ;
;      - SoC_Top:u_soc|apb_spi_master:u_spi|clk_cnt[6]                                                                       ; 1                 ; 6       ;
;      - SoC_Top:u_soc|apb_spi_master:u_spi|cpol                                                                             ; 1                 ; 6       ;
;      - SoC_Top:u_soc|apb_spi_master:u_spi|spi_state.S_TRANSFER                                                             ; 1                 ; 6       ;
;      - SoC_Top:u_soc|apb_spi_master:u_spi|shift_reg[6]                                                                     ; 1                 ; 6       ;
;      - SoC_Top:u_soc|apb_spi_master:u_spi|tx_data_reg[7]                                                                   ; 1                 ; 6       ;
;      - SoC_Top:u_soc|apb_spi_master:u_spi|spi_state.S_IDLE                                                                 ; 1                 ; 6       ;
;      - SoC_Top:u_soc|apb_spi_master:u_spi|spi_start                                                                        ; 1                 ; 6       ;
;      - SoC_Top:u_soc|apb_spi_master:u_spi|sample_edge                                                                      ; 1                 ; 6       ;
;      - SoC_Top:u_soc|Pipeline_top:u_cpu|memory_cycle:memory|apb_master:u_apb_master|PADDR[4]                               ; 1                 ; 6       ;
;      - SoC_Top:u_soc|apb_i2c_master:u_i2c|state.ST_START_1                                                                 ; 1                 ; 6       ;
;      - SoC_Top:u_soc|apb_i2c_master:u_i2c|state.ST_STOP_3                                                                  ; 1                 ; 6       ;
;      - SoC_Top:u_soc|apb_i2c_master:u_i2c|state.ST_TX_BIT                                                                  ; 1                 ; 6       ;
;      - SoC_Top:u_soc|apb_i2c_master:u_i2c|state.ST_RX_BIT                                                                  ; 1                 ; 6       ;
;      - SoC_Top:u_soc|apb_i2c_master:u_i2c|state.ST_ACK_CHECK                                                               ; 1                 ; 6       ;
;      - SoC_Top:u_soc|apb_i2c_master:u_i2c|state.ST_ACK_SEND                                                                ; 1                 ; 6       ;
;      - SoC_Top:u_soc|apb_i2c_master:u_i2c|state.ST_IDLE                                                                    ; 1                 ; 6       ;
;      - SoC_Top:u_soc|apb_i2c_master:u_i2c|state.ST_TX_SCL_LO                                                               ; 1                 ; 6       ;
;      - SoC_Top:u_soc|apb_i2c_master:u_i2c|state.ST_RX_SCL_LO                                                               ; 1                 ; 6       ;
;      - SoC_Top:u_soc|apb_i2c_master:u_i2c|state.ST_START_2                                                                 ; 1                 ; 6       ;
;      - SoC_Top:u_soc|apb_i2c_master:u_i2c|state.ST_RX_SCL_HI                                                               ; 1                 ; 6       ;
;      - SoC_Top:u_soc|apb_i2c_master:u_i2c|state.ST_ACK_SCL_HI                                                              ; 1                 ; 6       ;
;      - SoC_Top:u_soc|apb_i2c_master:u_i2c|state.ST_ACK_S_HI                                                                ; 1                 ; 6       ;
;      - SoC_Top:u_soc|apb_i2c_master:u_i2c|prescale_reg[0]                                                                  ; 1                 ; 6       ;
;      - SoC_Top:u_soc|apb_i2c_master:u_i2c|prescale_reg[1]                                                                  ; 1                 ; 6       ;
;      - SoC_Top:u_soc|apb_i2c_master:u_i2c|prescale_reg[2]                                                                  ; 1                 ; 6       ;
;      - SoC_Top:u_soc|apb_i2c_master:u_i2c|prescale_reg[3]                                                                  ; 1                 ; 6       ;
;      - SoC_Top:u_soc|apb_i2c_master:u_i2c|prescale_reg[4]                                                                  ; 1                 ; 6       ;
;      - SoC_Top:u_soc|apb_i2c_master:u_i2c|prescale_reg[5]                                                                  ; 1                 ; 6       ;
;      - SoC_Top:u_soc|apb_i2c_master:u_i2c|prescale_reg[7]                                                                  ; 1                 ; 6       ;
;      - SoC_Top:u_soc|apb_i2c_master:u_i2c|prescale_reg[6]                                                                  ; 1                 ; 6       ;
;      - SoC_Top:u_soc|apb_i2c_master:u_i2c|prescale_reg[8]                                                                  ; 1                 ; 6       ;
;      - SoC_Top:u_soc|apb_i2c_master:u_i2c|prescale_reg[9]                                                                  ; 1                 ; 6       ;
;      - SoC_Top:u_soc|apb_i2c_master:u_i2c|prescale_reg[11]                                                                 ; 1                 ; 6       ;
;      - SoC_Top:u_soc|apb_i2c_master:u_i2c|prescale_reg[10]                                                                 ; 1                 ; 6       ;
;      - SoC_Top:u_soc|apb_i2c_master:u_i2c|prescale_reg[12]                                                                 ; 1                 ; 6       ;
;      - SoC_Top:u_soc|apb_i2c_master:u_i2c|prescale_reg[13]                                                                 ; 1                 ; 6       ;
;      - SoC_Top:u_soc|apb_i2c_master:u_i2c|prescale_reg[14]                                                                 ; 1                 ; 6       ;
;      - SoC_Top:u_soc|apb_i2c_master:u_i2c|prescale_reg[15]                                                                 ; 1                 ; 6       ;
;      - SoC_Top:u_soc|apb_i2c_master:u_i2c|state.ST_STOP_2                                                                  ; 1                 ; 6       ;
;      - SoC_Top:u_soc|apb_i2c_master:u_i2c|cmd_start                                                                        ; 1                 ; 6       ;
;      - SoC_Top:u_soc|apb_i2c_master:u_i2c|state.ST_TX_SCL_HI                                                               ; 1                 ; 6       ;
;      - SoC_Top:u_soc|apb_i2c_master:u_i2c|cmd_read                                                                         ; 1                 ; 6       ;
;      - SoC_Top:u_soc|apb_i2c_master:u_i2c|bit_cnt[2]                                                                       ; 1                 ; 6       ;
;      - SoC_Top:u_soc|apb_i2c_master:u_i2c|bit_cnt[1]                                                                       ; 1                 ; 6       ;
;      - SoC_Top:u_soc|apb_i2c_master:u_i2c|bit_cnt[0]                                                                       ; 1                 ; 6       ;
;      - SoC_Top:u_soc|apb_i2c_master:u_i2c|cmd_stop                                                                         ; 1                 ; 6       ;
;      - SoC_Top:u_soc|apb_i2c_master:u_i2c|shift_reg[2]                                                                     ; 1                 ; 6       ;
;      - SoC_Top:u_soc|apb_i2c_master:u_i2c|shift_reg[1]                                                                     ; 1                 ; 6       ;
;      - SoC_Top:u_soc|apb_i2c_master:u_i2c|shift_reg[0]                                                                     ; 1                 ; 6       ;
;      - SoC_Top:u_soc|apb_i2c_master:u_i2c|shift_reg[3]                                                                     ; 1                 ; 6       ;
;      - SoC_Top:u_soc|apb_i2c_master:u_i2c|shift_reg[5]                                                                     ; 1                 ; 6       ;
;      - SoC_Top:u_soc|apb_i2c_master:u_i2c|shift_reg[6]                                                                     ; 1                 ; 6       ;
;      - SoC_Top:u_soc|apb_i2c_master:u_i2c|shift_reg[4]                                                                     ; 1                 ; 6       ;
;      - SoC_Top:u_soc|apb_i2c_master:u_i2c|shift_reg[7]                                                                     ; 1                 ; 6       ;
;      - SoC_Top:u_soc|apb_i2c_master:u_i2c|cmd_ack_en                                                                       ; 1                 ; 6       ;
;      - SoC_Top:u_soc|apb_pwm:u_pwm|duty_reg[0][31]                                                                         ; 1                 ; 6       ;
;      - SoC_Top:u_soc|apb_pwm:u_pwm|duty_reg[0][30]                                                                         ; 1                 ; 6       ;
;      - SoC_Top:u_soc|apb_pwm:u_pwm|duty_reg[0][29]                                                                         ; 1                 ; 6       ;
;      - SoC_Top:u_soc|apb_pwm:u_pwm|duty_reg[0][28]                                                                         ; 1                 ; 6       ;
;      - SoC_Top:u_soc|apb_pwm:u_pwm|duty_reg[0][27]                                                                         ; 1                 ; 6       ;
;      - SoC_Top:u_soc|apb_pwm:u_pwm|duty_reg[0][26]                                                                         ; 1                 ; 6       ;
;      - SoC_Top:u_soc|apb_pwm:u_pwm|duty_reg[0][25]                                                                         ; 1                 ; 6       ;
;      - SoC_Top:u_soc|apb_pwm:u_pwm|duty_reg[0][24]                                                                         ; 1                 ; 6       ;
;      - SoC_Top:u_soc|apb_pwm:u_pwm|duty_reg[0][23]                                                                         ; 1                 ; 6       ;
;      - SoC_Top:u_soc|apb_pwm:u_pwm|duty_reg[0][22]                                                                         ; 1                 ; 6       ;
;      - SoC_Top:u_soc|apb_pwm:u_pwm|duty_reg[0][21]                                                                         ; 1                 ; 6       ;
;      - SoC_Top:u_soc|apb_pwm:u_pwm|duty_reg[0][20]                                                                         ; 1                 ; 6       ;
;      - SoC_Top:u_soc|apb_pwm:u_pwm|duty_reg[0][19]                                                                         ; 1                 ; 6       ;
;      - SoC_Top:u_soc|apb_pwm:u_pwm|duty_reg[0][18]                                                                         ; 1                 ; 6       ;
;      - SoC_Top:u_soc|apb_pwm:u_pwm|duty_reg[0][17]                                                                         ; 1                 ; 6       ;
;      - SoC_Top:u_soc|apb_pwm:u_pwm|duty_reg[0][16]                                                                         ; 1                 ; 6       ;
;      - SoC_Top:u_soc|apb_pwm:u_pwm|duty_reg[0][15]                                                                         ; 1                 ; 6       ;
;      - SoC_Top:u_soc|apb_pwm:u_pwm|duty_reg[0][14]                                                                         ; 1                 ; 6       ;
;      - SoC_Top:u_soc|apb_pwm:u_pwm|duty_reg[0][13]                                                                         ; 1                 ; 6       ;
;      - SoC_Top:u_soc|apb_pwm:u_pwm|duty_reg[0][12]                                                                         ; 1                 ; 6       ;
;      - SoC_Top:u_soc|apb_pwm:u_pwm|duty_reg[0][11]                                                                         ; 1                 ; 6       ;
;      - SoC_Top:u_soc|apb_pwm:u_pwm|duty_reg[0][10]                                                                         ; 1                 ; 6       ;
;      - SoC_Top:u_soc|apb_pwm:u_pwm|duty_reg[0][9]                                                                          ; 1                 ; 6       ;
;      - SoC_Top:u_soc|apb_pwm:u_pwm|duty_reg[0][8]                                                                          ; 1                 ; 6       ;
;      - SoC_Top:u_soc|apb_pwm:u_pwm|duty_reg[0][7]                                                                          ; 1                 ; 6       ;
;      - SoC_Top:u_soc|apb_pwm:u_pwm|duty_reg[0][6]                                                                          ; 1                 ; 6       ;
;      - SoC_Top:u_soc|apb_pwm:u_pwm|duty_reg[0][5]                                                                          ; 1                 ; 6       ;
;      - SoC_Top:u_soc|apb_pwm:u_pwm|duty_reg[0][4]                                                                          ; 1                 ; 6       ;
;      - SoC_Top:u_soc|apb_pwm:u_pwm|duty_reg[0][3]                                                                          ; 1                 ; 6       ;
;      - SoC_Top:u_soc|apb_pwm:u_pwm|duty_reg[0][2]                                                                          ; 1                 ; 6       ;
;      - SoC_Top:u_soc|apb_pwm:u_pwm|duty_reg[0][1]                                                                          ; 1                 ; 6       ;
;      - SoC_Top:u_soc|apb_pwm:u_pwm|duty_reg[0][0]                                                                          ; 1                 ; 6       ;
;      - SoC_Top:u_soc|apb_pwm:u_pwm|ctrl_reg[1]                                                                             ; 1                 ; 6       ;
;      - SoC_Top:u_soc|apb_pwm:u_pwm|ctrl_reg[0]                                                                             ; 1                 ; 6       ;
;      - SoC_Top:u_soc|apb_pwm:u_pwm|duty_reg[1][31]                                                                         ; 1                 ; 6       ;
;      - SoC_Top:u_soc|apb_pwm:u_pwm|duty_reg[1][30]                                                                         ; 1                 ; 6       ;
;      - SoC_Top:u_soc|apb_pwm:u_pwm|duty_reg[1][29]                                                                         ; 1                 ; 6       ;
;      - SoC_Top:u_soc|apb_pwm:u_pwm|duty_reg[1][28]                                                                         ; 1                 ; 6       ;
;      - SoC_Top:u_soc|apb_pwm:u_pwm|duty_reg[1][27]                                                                         ; 1                 ; 6       ;
;      - SoC_Top:u_soc|apb_pwm:u_pwm|duty_reg[1][26]                                                                         ; 1                 ; 6       ;
;      - SoC_Top:u_soc|apb_pwm:u_pwm|duty_reg[1][25]                                                                         ; 1                 ; 6       ;
;      - SoC_Top:u_soc|apb_pwm:u_pwm|duty_reg[1][24]                                                                         ; 1                 ; 6       ;
;      - SoC_Top:u_soc|apb_pwm:u_pwm|duty_reg[1][23]                                                                         ; 1                 ; 6       ;
;      - SoC_Top:u_soc|apb_pwm:u_pwm|duty_reg[1][22]                                                                         ; 1                 ; 6       ;
;      - SoC_Top:u_soc|apb_pwm:u_pwm|duty_reg[1][21]                                                                         ; 1                 ; 6       ;
;      - SoC_Top:u_soc|apb_pwm:u_pwm|duty_reg[1][20]                                                                         ; 1                 ; 6       ;
;      - SoC_Top:u_soc|apb_pwm:u_pwm|duty_reg[1][19]                                                                         ; 1                 ; 6       ;
;      - SoC_Top:u_soc|apb_pwm:u_pwm|duty_reg[1][18]                                                                         ; 1                 ; 6       ;
;      - SoC_Top:u_soc|apb_pwm:u_pwm|duty_reg[1][17]                                                                         ; 1                 ; 6       ;
;      - SoC_Top:u_soc|apb_pwm:u_pwm|duty_reg[1][16]                                                                         ; 1                 ; 6       ;
;      - SoC_Top:u_soc|apb_pwm:u_pwm|duty_reg[1][15]                                                                         ; 1                 ; 6       ;
;      - SoC_Top:u_soc|apb_pwm:u_pwm|duty_reg[1][14]                                                                         ; 1                 ; 6       ;
;      - SoC_Top:u_soc|apb_pwm:u_pwm|duty_reg[1][13]                                                                         ; 1                 ; 6       ;
;      - SoC_Top:u_soc|apb_pwm:u_pwm|duty_reg[1][12]                                                                         ; 1                 ; 6       ;
;      - SoC_Top:u_soc|apb_pwm:u_pwm|duty_reg[1][11]                                                                         ; 1                 ; 6       ;
;      - SoC_Top:u_soc|apb_pwm:u_pwm|duty_reg[1][10]                                                                         ; 1                 ; 6       ;
;      - SoC_Top:u_soc|apb_pwm:u_pwm|duty_reg[1][9]                                                                          ; 1                 ; 6       ;
;      - SoC_Top:u_soc|apb_pwm:u_pwm|duty_reg[1][8]                                                                          ; 1                 ; 6       ;
;      - SoC_Top:u_soc|apb_pwm:u_pwm|duty_reg[1][7]                                                                          ; 1                 ; 6       ;
;      - SoC_Top:u_soc|apb_pwm:u_pwm|duty_reg[1][6]                                                                          ; 1                 ; 6       ;
;      - SoC_Top:u_soc|apb_pwm:u_pwm|duty_reg[1][5]                                                                          ; 1                 ; 6       ;
;      - SoC_Top:u_soc|apb_pwm:u_pwm|duty_reg[1][4]                                                                          ; 1                 ; 6       ;
;      - SoC_Top:u_soc|apb_pwm:u_pwm|duty_reg[1][3]                                                                          ; 1                 ; 6       ;
;      - SoC_Top:u_soc|apb_pwm:u_pwm|duty_reg[1][2]                                                                          ; 1                 ; 6       ;
;      - SoC_Top:u_soc|apb_pwm:u_pwm|duty_reg[1][1]                                                                          ; 1                 ; 6       ;
;      - SoC_Top:u_soc|apb_pwm:u_pwm|duty_reg[1][0]                                                                          ; 1                 ; 6       ;
;      - SoC_Top:u_soc|apb_pwm:u_pwm|ctrl_reg[2]                                                                             ; 1                 ; 6       ;
;      - SoC_Top:u_soc|apb_pwm:u_pwm|duty_reg[2][31]                                                                         ; 1                 ; 6       ;
;      - SoC_Top:u_soc|apb_pwm:u_pwm|duty_reg[2][30]                                                                         ; 1                 ; 6       ;
;      - SoC_Top:u_soc|apb_pwm:u_pwm|duty_reg[2][29]                                                                         ; 1                 ; 6       ;
;      - SoC_Top:u_soc|apb_pwm:u_pwm|duty_reg[2][28]                                                                         ; 1                 ; 6       ;
;      - SoC_Top:u_soc|apb_pwm:u_pwm|duty_reg[2][27]                                                                         ; 1                 ; 6       ;
;      - SoC_Top:u_soc|apb_pwm:u_pwm|duty_reg[2][26]                                                                         ; 1                 ; 6       ;
;      - SoC_Top:u_soc|apb_pwm:u_pwm|duty_reg[2][25]                                                                         ; 1                 ; 6       ;
;      - SoC_Top:u_soc|apb_pwm:u_pwm|duty_reg[2][24]                                                                         ; 1                 ; 6       ;
;      - SoC_Top:u_soc|apb_pwm:u_pwm|duty_reg[2][23]                                                                         ; 1                 ; 6       ;
;      - SoC_Top:u_soc|apb_pwm:u_pwm|duty_reg[2][22]                                                                         ; 1                 ; 6       ;
;      - SoC_Top:u_soc|apb_pwm:u_pwm|duty_reg[2][21]                                                                         ; 1                 ; 6       ;
;      - SoC_Top:u_soc|apb_pwm:u_pwm|duty_reg[2][20]                                                                         ; 1                 ; 6       ;
;      - SoC_Top:u_soc|apb_pwm:u_pwm|duty_reg[2][19]                                                                         ; 1                 ; 6       ;
;      - SoC_Top:u_soc|apb_pwm:u_pwm|duty_reg[2][18]                                                                         ; 1                 ; 6       ;
;      - SoC_Top:u_soc|apb_pwm:u_pwm|duty_reg[2][17]                                                                         ; 1                 ; 6       ;
;      - SoC_Top:u_soc|apb_pwm:u_pwm|duty_reg[2][16]                                                                         ; 1                 ; 6       ;
;      - SoC_Top:u_soc|apb_pwm:u_pwm|duty_reg[2][15]                                                                         ; 1                 ; 6       ;
;      - SoC_Top:u_soc|apb_pwm:u_pwm|duty_reg[2][14]                                                                         ; 1                 ; 6       ;
;      - SoC_Top:u_soc|apb_pwm:u_pwm|duty_reg[2][13]                                                                         ; 1                 ; 6       ;
;      - SoC_Top:u_soc|apb_pwm:u_pwm|duty_reg[2][12]                                                                         ; 1                 ; 6       ;
;      - SoC_Top:u_soc|apb_pwm:u_pwm|duty_reg[2][11]                                                                         ; 1                 ; 6       ;
;      - SoC_Top:u_soc|apb_pwm:u_pwm|duty_reg[2][10]                                                                         ; 1                 ; 6       ;
;      - SoC_Top:u_soc|apb_pwm:u_pwm|duty_reg[2][9]                                                                          ; 1                 ; 6       ;
;      - SoC_Top:u_soc|apb_pwm:u_pwm|duty_reg[2][8]                                                                          ; 1                 ; 6       ;
;      - SoC_Top:u_soc|apb_pwm:u_pwm|duty_reg[2][7]                                                                          ; 1                 ; 6       ;
;      - SoC_Top:u_soc|apb_pwm:u_pwm|duty_reg[2][6]                                                                          ; 1                 ; 6       ;
;      - SoC_Top:u_soc|apb_pwm:u_pwm|duty_reg[2][5]                                                                          ; 1                 ; 6       ;
;      - SoC_Top:u_soc|apb_pwm:u_pwm|duty_reg[2][4]                                                                          ; 1                 ; 6       ;
;      - SoC_Top:u_soc|apb_pwm:u_pwm|duty_reg[2][3]                                                                          ; 1                 ; 6       ;
;      - SoC_Top:u_soc|apb_pwm:u_pwm|duty_reg[2][2]                                                                          ; 1                 ; 6       ;
;      - SoC_Top:u_soc|apb_pwm:u_pwm|duty_reg[2][1]                                                                          ; 1                 ; 6       ;
;      - SoC_Top:u_soc|apb_pwm:u_pwm|duty_reg[2][0]                                                                          ; 1                 ; 6       ;
;      - SoC_Top:u_soc|apb_pwm:u_pwm|ctrl_reg[3]                                                                             ; 1                 ; 6       ;
;      - SoC_Top:u_soc|apb_pwm:u_pwm|ctrl_reg[4]                                                                             ; 1                 ; 6       ;
;      - SoC_Top:u_soc|apb_pwm:u_pwm|duty_reg[3][31]                                                                         ; 1                 ; 6       ;
;      - SoC_Top:u_soc|apb_pwm:u_pwm|duty_reg[3][30]                                                                         ; 1                 ; 6       ;
;      - SoC_Top:u_soc|apb_pwm:u_pwm|duty_reg[3][29]                                                                         ; 1                 ; 6       ;
;      - SoC_Top:u_soc|apb_pwm:u_pwm|duty_reg[3][28]                                                                         ; 1                 ; 6       ;
;      - SoC_Top:u_soc|apb_pwm:u_pwm|duty_reg[3][27]                                                                         ; 1                 ; 6       ;
;      - SoC_Top:u_soc|apb_pwm:u_pwm|duty_reg[3][26]                                                                         ; 1                 ; 6       ;
;      - SoC_Top:u_soc|apb_pwm:u_pwm|duty_reg[3][25]                                                                         ; 1                 ; 6       ;
;      - SoC_Top:u_soc|apb_pwm:u_pwm|duty_reg[3][24]                                                                         ; 1                 ; 6       ;
;      - SoC_Top:u_soc|apb_pwm:u_pwm|duty_reg[3][23]                                                                         ; 1                 ; 6       ;
;      - SoC_Top:u_soc|apb_pwm:u_pwm|duty_reg[3][22]                                                                         ; 1                 ; 6       ;
;      - SoC_Top:u_soc|apb_pwm:u_pwm|duty_reg[3][21]                                                                         ; 1                 ; 6       ;
;      - SoC_Top:u_soc|apb_pwm:u_pwm|duty_reg[3][20]                                                                         ; 1                 ; 6       ;
;      - SoC_Top:u_soc|apb_pwm:u_pwm|duty_reg[3][19]                                                                         ; 1                 ; 6       ;
;      - SoC_Top:u_soc|apb_pwm:u_pwm|duty_reg[3][18]                                                                         ; 1                 ; 6       ;
;      - SoC_Top:u_soc|apb_pwm:u_pwm|duty_reg[3][17]                                                                         ; 1                 ; 6       ;
;      - SoC_Top:u_soc|apb_pwm:u_pwm|duty_reg[3][16]                                                                         ; 1                 ; 6       ;
;      - SoC_Top:u_soc|apb_pwm:u_pwm|duty_reg[3][15]                                                                         ; 1                 ; 6       ;
;      - SoC_Top:u_soc|apb_pwm:u_pwm|duty_reg[3][14]                                                                         ; 1                 ; 6       ;
;      - SoC_Top:u_soc|apb_pwm:u_pwm|duty_reg[3][13]                                                                         ; 1                 ; 6       ;
;      - SoC_Top:u_soc|apb_pwm:u_pwm|duty_reg[3][12]                                                                         ; 1                 ; 6       ;
;      - SoC_Top:u_soc|apb_pwm:u_pwm|duty_reg[3][11]                                                                         ; 1                 ; 6       ;
;      - SoC_Top:u_soc|apb_pwm:u_pwm|duty_reg[3][10]                                                                         ; 1                 ; 6       ;
;      - SoC_Top:u_soc|apb_pwm:u_pwm|duty_reg[3][9]                                                                          ; 1                 ; 6       ;
;      - SoC_Top:u_soc|apb_pwm:u_pwm|duty_reg[3][8]                                                                          ; 1                 ; 6       ;
;      - SoC_Top:u_soc|apb_pwm:u_pwm|duty_reg[3][7]                                                                          ; 1                 ; 6       ;
;      - SoC_Top:u_soc|apb_pwm:u_pwm|duty_reg[3][6]                                                                          ; 1                 ; 6       ;
;      - SoC_Top:u_soc|apb_pwm:u_pwm|duty_reg[3][5]                                                                          ; 1                 ; 6       ;
;      - SoC_Top:u_soc|apb_pwm:u_pwm|duty_reg[3][4]                                                                          ; 1                 ; 6       ;
;      - SoC_Top:u_soc|apb_pwm:u_pwm|duty_reg[3][3]                                                                          ; 1                 ; 6       ;
;      - SoC_Top:u_soc|apb_pwm:u_pwm|duty_reg[3][2]                                                                          ; 1                 ; 6       ;
;      - SoC_Top:u_soc|apb_pwm:u_pwm|duty_reg[3][1]                                                                          ; 1                 ; 6       ;
;      - SoC_Top:u_soc|apb_pwm:u_pwm|duty_reg[3][0]                                                                          ; 1                 ; 6       ;
;      - SoC_Top:u_soc|Pipeline_top:u_cpu|decode_cycle:decode|RD_D_reg[0]                                                    ; 1                 ; 6       ;
;      - SoC_Top:u_soc|Pipeline_top:u_cpu|decode_cycle:decode|RD_D_reg[1]                                                    ; 1                 ; 6       ;
;      - SoC_Top:u_soc|Pipeline_top:u_cpu|decode_cycle:decode|JumpD_reg                                                      ; 1                 ; 6       ;
;      - SoC_Top:u_soc|Pipeline_top:u_cpu|decode_cycle:decode|BranchD_reg                                                    ; 1                 ; 6       ;
;      - SoC_Top:u_soc|Pipeline_top:u_cpu|decode_cycle:decode|Funct3D_reg[0]                                                 ; 1                 ; 6       ;
;      - SoC_Top:u_soc|Pipeline_top:u_cpu|decode_cycle:decode|Funct3D_reg[2]                                                 ; 1                 ; 6       ;
;      - SoC_Top:u_soc|Pipeline_top:u_cpu|decode_cycle:decode|Funct3D_reg[1]                                                 ; 1                 ; 6       ;
;      - SoC_Top:u_soc|Pipeline_top:u_cpu|fetch_cycle:fetch|InstrD[16]~0                                                     ; 1                 ; 6       ;
;      - SoC_Top:u_soc|Pipeline_top:u_cpu|fetch_cycle:fetch|InstrD[15]~1                                                     ; 1                 ; 6       ;
;      - SoC_Top:u_soc|Pipeline_top:u_cpu|decode_cycle:decode|RD_D_reg[3]                                                    ; 1                 ; 6       ;
;      - SoC_Top:u_soc|Pipeline_top:u_cpu|decode_cycle:decode|RD_D_reg[2]                                                    ; 1                 ; 6       ;
;      - SoC_Top:u_soc|Pipeline_top:u_cpu|fetch_cycle:fetch|InstrD[17]~2                                                     ; 1                 ; 6       ;
;      - SoC_Top:u_soc|Pipeline_top:u_cpu|fetch_cycle:fetch|InstrD[18]~3                                                     ; 1                 ; 6       ;
;      - SoC_Top:u_soc|Pipeline_top:u_cpu|decode_cycle:decode|RD_D_reg[4]                                                    ; 1                 ; 6       ;
;      - SoC_Top:u_soc|Pipeline_top:u_cpu|fetch_cycle:fetch|InstrD[19]~4                                                     ; 1                 ; 6       ;
;      - SoC_Top:u_soc|Pipeline_top:u_cpu|fetch_cycle:fetch|InstrD[21]~5                                                     ; 1                 ; 6       ;
;      - SoC_Top:u_soc|Pipeline_top:u_cpu|fetch_cycle:fetch|InstrD[20]~6                                                     ; 1                 ; 6       ;
;      - SoC_Top:u_soc|Pipeline_top:u_cpu|fetch_cycle:fetch|InstrD[22]~7                                                     ; 1                 ; 6       ;
;      - SoC_Top:u_soc|Pipeline_top:u_cpu|fetch_cycle:fetch|InstrD[23]~8                                                     ; 1                 ; 6       ;
;      - SoC_Top:u_soc|Pipeline_top:u_cpu|fetch_cycle:fetch|InstrD[24]~9                                                     ; 1                 ; 6       ;
;      - SoC_Top:u_soc|Pipeline_top:u_cpu|decode_cycle:decode|RS2_D_reg~0                                                    ; 1                 ; 6       ;
;      - SoC_Top:u_soc|Pipeline_top:u_cpu|decode_cycle:decode|RS2_D_reg~1                                                    ; 1                 ; 6       ;
;      - SoC_Top:u_soc|Pipeline_top:u_cpu|decode_cycle:decode|RS2_D_reg~2                                                    ; 1                 ; 6       ;
;      - SoC_Top:u_soc|Pipeline_top:u_cpu|decode_cycle:decode|RS2_D_reg~3                                                    ; 1                 ; 6       ;
;      - SoC_Top:u_soc|Pipeline_top:u_cpu|decode_cycle:decode|RS2_D_reg~4                                                    ; 1                 ; 6       ;
;      - SoC_Top:u_soc|Pipeline_top:u_cpu|execute_cycle:execute|PCPlus4E_reg[0]                                              ; 1                 ; 6       ;
;      - SoC_Top:u_soc|Pipeline_top:u_cpu|memory_cycle:memory|apb_master:u_apb_master|rdata[0]                               ; 1                 ; 6       ;
;      - SoC_Top:u_soc|Pipeline_top:u_cpu|memory_cycle:memory|Data_Memory:data_memory|mem~0                                  ; 1                 ; 6       ;
;      - SoC_Top:u_soc|Pipeline_top:u_cpu|execute_cycle:execute|Funct3E_reg[1]                                               ; 1                 ; 6       ;
;      - SoC_Top:u_soc|Pipeline_top:u_cpu|execute_cycle:execute|Funct3E_reg[0]                                               ; 1                 ; 6       ;
;      - SoC_Top:u_soc|Pipeline_top:u_cpu|memory_cycle:memory|ReadDataM[0]~3                                                 ; 1                 ; 6       ;
;      - SoC_Top:u_soc|Pipeline_top:u_cpu|execute_cycle:execute|CSRReadDataE_reg[0]                                          ; 1                 ; 6       ;
;      - SoC_Top:u_soc|Pipeline_top:u_cpu|decode_cycle:decode|RS2_D_reg~5                                                    ; 1                 ; 6       ;
;      - SoC_Top:u_soc|Pipeline_top:u_cpu|decode_cycle:decode|RD2_D_reg[11]~0                                                ; 1                 ; 6       ;
;      - SoC_Top:u_soc|Pipeline_top:u_cpu|decode_cycle:decode|Register_File:Reg_file|RD1[1]~8                                ; 1                 ; 6       ;
;      - SoC_Top:u_soc|Pipeline_top:u_cpu|fetch_cycle:fetch|InstrF_reg[1]                                                    ; 1                 ; 6       ;
;      - SoC_Top:u_soc|Pipeline_top:u_cpu|fetch_cycle:fetch|InstrF_reg[0]                                                    ; 1                 ; 6       ;
;      - SoC_Top:u_soc|Pipeline_top:u_cpu|decode_cycle:decode|Control_Unit_Top:control|Equal0~0                              ; 1                 ; 6       ;
;      - SoC_Top:u_soc|Pipeline_top:u_cpu|decode_cycle:decode|Control_Unit_Top:control|Equal0~1                              ; 1                 ; 6       ;
;      - SoC_Top:u_soc|Pipeline_top:u_cpu|fetch_cycle:fetch|InstrF_reg[4]                                                    ; 1                 ; 6       ;
;      - SoC_Top:u_soc|Pipeline_top:u_cpu|decode_cycle:decode|Control_Unit_Top:control|Equal0~2                              ; 1                 ; 6       ;
;      - SoC_Top:u_soc|Pipeline_top:u_cpu|decode_cycle:decode|csr_wdata_val[11]~0                                            ; 1                 ; 6       ;
;      - SoC_Top:u_soc|Pipeline_top:u_cpu|fetch_cycle:fetch|InstrD[13]~10                                                    ; 1                 ; 6       ;
;      - SoC_Top:u_soc|Pipeline_top:u_cpu|decode_cycle:decode|Control_Unit_Top:control|is_mret~0                             ; 1                 ; 6       ;
;      - SoC_Top:u_soc|Pipeline_top:u_cpu|decode_cycle:decode|Control_Unit_Top:control|is_mret~1                             ; 1                 ; 6       ;
;      - SoC_Top:u_soc|Pipeline_top:u_cpu|fetch_cycle:fetch|InstrD[28]~11                                                    ; 1                 ; 6       ;
;      - SoC_Top:u_soc|Pipeline_top:u_cpu|fetch_cycle:fetch|InstrD[27]~12                                                    ; 1                 ; 6       ;
;      - SoC_Top:u_soc|Pipeline_top:u_cpu|fetch_cycle:fetch|InstrD[25]~13                                                    ; 1                 ; 6       ;
;      - SoC_Top:u_soc|Pipeline_top:u_cpu|decode_cycle:decode|CSR_Unit:u_csr|Equal0~2                                        ; 1                 ; 6       ;
;      - SoC_Top:u_soc|Pipeline_top:u_cpu|fetch_cycle:fetch|InstrD[26]~14                                                    ; 1                 ; 6       ;
;      - SoC_Top:u_soc|Pipeline_top:u_cpu|decode_cycle:decode|CSR_Unit:u_csr|mcause[11]                                      ; 1                 ; 6       ;
;      - SoC_Top:u_soc|Pipeline_top:u_cpu|decode_cycle:decode|CSR_Unit:u_csr|Equal4~8                                        ; 1                 ; 6       ;
;      - SoC_Top:u_soc|Pipeline_top:u_cpu|decode_cycle:decode|CSR_Unit:u_csr|mtvec[11]                                       ; 1                 ; 6       ;
;      - SoC_Top:u_soc|Pipeline_top:u_cpu|decode_cycle:decode|CSR_Unit:u_csr|Equal1~1                                        ; 1                 ; 6       ;
;      - SoC_Top:u_soc|Pipeline_top:u_cpu|decode_cycle:decode|csr_wdata_val[3]~1                                             ; 1                 ; 6       ;
;      - SoC_Top:u_soc|Pipeline_top:u_cpu|decode_cycle:decode|CSR_Unit:u_csr|calculated_wdata[3]~10                          ; 1                 ; 6       ;
;      - SoC_Top:u_soc|Pipeline_top:u_cpu|decode_cycle:decode|Control_Unit_Top:control|csr_imm~0                             ; 1                 ; 6       ;
;      - SoC_Top:u_soc|Pipeline_top:u_cpu|decode_cycle:decode|CSR_Unit:u_csr|mtvec[3]                                        ; 1                 ; 6       ;
;      - SoC_Top:u_soc|Pipeline_top:u_cpu|decode_cycle:decode|CSR_Unit:u_csr|mcause[3]                                       ; 1                 ; 6       ;
;      - SoC_Top:u_soc|apb_spi_master:u_spi|spi_state.S_DONE                                                                 ; 1                 ; 6       ;
;      - SoC_Top:u_soc|apb_uart:u_uart|UART_TOP:u_uart|UART_RX:u_rx|rx_valid                                                 ; 1                 ; 6       ;
;      - SoC_Top:u_soc|apb_i2c_master:u_i2c|prev_busy                                                                        ; 1                 ; 6       ;
;      - SoC_Top:u_soc|apb_i2c_master:u_i2c|i2c_busy                                                                         ; 1                 ; 6       ;
;      - SoC_Top:u_soc|apb_gpio:u_gpio|prev_gpio_in[0]                                                                       ; 1                 ; 6       ;
;      - SoC_Top:u_soc|apb_gpio:u_gpio|dir_reg[0]                                                                            ; 1                 ; 6       ;
;      - SoC_Top:u_soc|apb_gpio:u_gpio|prev_gpio_in[1]                                                                       ; 1                 ; 6       ;
;      - SoC_Top:u_soc|apb_gpio:u_gpio|dir_reg[1]                                                                            ; 1                 ; 6       ;
;      - SoC_Top:u_soc|apb_gpio:u_gpio|prev_gpio_in[2]                                                                       ; 1                 ; 6       ;
;      - SoC_Top:u_soc|apb_gpio:u_gpio|dir_reg[2]                                                                            ; 1                 ; 6       ;
;      - SoC_Top:u_soc|apb_gpio:u_gpio|prev_gpio_in[3]                                                                       ; 1                 ; 6       ;
;      - SoC_Top:u_soc|apb_gpio:u_gpio|dir_reg[3]                                                                            ; 1                 ; 6       ;
;      - SoC_Top:u_soc|apb_gpio:u_gpio|prev_gpio_in[4]                                                                       ; 1                 ; 6       ;
;      - SoC_Top:u_soc|apb_gpio:u_gpio|dir_reg[4]                                                                            ; 1                 ; 6       ;
;      - SoC_Top:u_soc|apb_gpio:u_gpio|prev_gpio_in[5]                                                                       ; 1                 ; 6       ;
;      - SoC_Top:u_soc|apb_gpio:u_gpio|dir_reg[5]                                                                            ; 1                 ; 6       ;
;      - SoC_Top:u_soc|apb_gpio:u_gpio|prev_gpio_in[6]                                                                       ; 1                 ; 6       ;
;      - SoC_Top:u_soc|apb_gpio:u_gpio|dir_reg[6]                                                                            ; 1                 ; 6       ;
;      - SoC_Top:u_soc|apb_gpio:u_gpio|prev_gpio_in[7]                                                                       ; 1                 ; 6       ;
;      - SoC_Top:u_soc|apb_gpio:u_gpio|dir_reg[7]                                                                            ; 1                 ; 6       ;
;      - SoC_Top:u_soc|apb_gpio:u_gpio|prev_gpio_in[8]                                                                       ; 1                 ; 6       ;
;      - SoC_Top:u_soc|apb_gpio:u_gpio|dir_reg[8]                                                                            ; 1                 ; 6       ;
;      - SoC_Top:u_soc|apb_gpio:u_gpio|prev_gpio_in[9]                                                                       ; 1                 ; 6       ;
;      - SoC_Top:u_soc|apb_gpio:u_gpio|dir_reg[9]                                                                            ; 1                 ; 6       ;
;      - SoC_Top:u_soc|apb_gpio:u_gpio|prev_gpio_in[10]                                                                      ; 1                 ; 6       ;
;      - SoC_Top:u_soc|apb_gpio:u_gpio|dir_reg[10]                                                                           ; 1                 ; 6       ;
;      - SoC_Top:u_soc|apb_gpio:u_gpio|prev_gpio_in[11]                                                                      ; 1                 ; 6       ;
;      - SoC_Top:u_soc|apb_gpio:u_gpio|dir_reg[11]                                                                           ; 1                 ; 6       ;
;      - SoC_Top:u_soc|apb_gpio:u_gpio|prev_gpio_in[12]                                                                      ; 1                 ; 6       ;
;      - SoC_Top:u_soc|apb_gpio:u_gpio|prev_gpio_in[13]                                                                      ; 1                 ; 6       ;
;      - SoC_Top:u_soc|apb_gpio:u_gpio|dir_reg[13]                                                                           ; 1                 ; 6       ;
;      - SoC_Top:u_soc|apb_gpio:u_gpio|prev_gpio_in[14]                                                                      ; 1                 ; 6       ;
;      - SoC_Top:u_soc|apb_gpio:u_gpio|dir_reg[14]                                                                           ; 1                 ; 6       ;
;      - SoC_Top:u_soc|apb_gpio:u_gpio|prev_gpio_in[15]                                                                      ; 1                 ; 6       ;
;      - SoC_Top:u_soc|apb_gpio:u_gpio|dir_reg[15]                                                                           ; 1                 ; 6       ;
;      - SoC_Top:u_soc|apb_gpio:u_gpio|prev_gpio_in[20]                                                                      ; 1                 ; 6       ;
;      - SoC_Top:u_soc|apb_gpio:u_gpio|dir_reg[20]                                                                           ; 1                 ; 6       ;
;      - SoC_Top:u_soc|apb_gpio:u_gpio|prev_gpio_in[17]                                                                      ; 1                 ; 6       ;
;      - SoC_Top:u_soc|apb_gpio:u_gpio|dir_reg[17]                                                                           ; 1                 ; 6       ;
;      - SoC_Top:u_soc|apb_gpio:u_gpio|dir_reg[16]                                                                           ; 1                 ; 6       ;
;      - SoC_Top:u_soc|apb_gpio:u_gpio|prev_gpio_in[16]                                                                      ; 1                 ; 6       ;
;      - SoC_Top:u_soc|apb_gpio:u_gpio|dir_reg[18]                                                                           ; 1                 ; 6       ;
;      - SoC_Top:u_soc|apb_gpio:u_gpio|prev_gpio_in[18]                                                                      ; 1                 ; 6       ;
;      - SoC_Top:u_soc|apb_gpio:u_gpio|dir_reg[19]                                                                           ; 1                 ; 6       ;
;      - SoC_Top:u_soc|apb_gpio:u_gpio|prev_gpio_in[19]                                                                      ; 1                 ; 6       ;
;      - SoC_Top:u_soc|apb_timer:u_timer|ctrl_reg[2]                                                                         ; 1                 ; 6       ;
;      - SoC_Top:u_soc|apb_timer:u_timer|status_reg                                                                          ; 1                 ; 6       ;
;      - SoC_Top:u_soc|Pipeline_top:u_cpu|decode_cycle:decode|Control_Unit_Top:control|Main_Decoder:Main_Decoder|Equal8~0    ; 1                 ; 6       ;
;      - SoC_Top:u_soc|Pipeline_top:u_cpu|decode_cycle:decode|Control_Unit_Top:control|ALU_Decoder:ALU_Decoder|Mux0~1        ; 1                 ; 6       ;
;      - SoC_Top:u_soc|Pipeline_top:u_cpu|decode_cycle:decode|Control_Unit_Top:control|Main_Decoder:Main_Decoder|ALUOp[1]~1  ; 1                 ; 6       ;
;      - SoC_Top:u_soc|Pipeline_top:u_cpu|decode_cycle:decode|Control_Unit_Top:control|Main_Decoder:Main_Decoder|Equal5~0    ; 1                 ; 6       ;
;      - SoC_Top:u_soc|Pipeline_top:u_cpu|decode_cycle:decode|Control_Unit_Top:control|Main_Decoder:Main_Decoder|Equal5~1    ; 1                 ; 6       ;
;      - SoC_Top:u_soc|Pipeline_top:u_cpu|fetch_cycle:fetch|PCF_reg2[26]                                                     ; 1                 ; 6       ;
;      - SoC_Top:u_soc|Pipeline_top:u_cpu|decode_cycle:decode|PCD_reg~0                                                      ; 1                 ; 6       ;
;      - SoC_Top:u_soc|Pipeline_top:u_cpu|decode_cycle:decode|RS1_D_reg~0                                                    ; 1                 ; 6       ;
;      - SoC_Top:u_soc|Pipeline_top:u_cpu|decode_cycle:decode|RS1_D_reg~1                                                    ; 1                 ; 6       ;
;      - SoC_Top:u_soc|Pipeline_top:u_cpu|decode_cycle:decode|RS1_D_reg~2                                                    ; 1                 ; 6       ;
;      - SoC_Top:u_soc|Pipeline_top:u_cpu|decode_cycle:decode|RS1_D_reg~3                                                    ; 1                 ; 6       ;
;      - SoC_Top:u_soc|Pipeline_top:u_cpu|decode_cycle:decode|RS1_D_reg~4                                                    ; 1                 ; 6       ;
;      - SoC_Top:u_soc|Pipeline_top:u_cpu|memory_cycle:memory|apb_master:u_apb_master|rdata[26]                              ; 1                 ; 6       ;
;      - SoC_Top:u_soc|Pipeline_top:u_cpu|execute_cycle:execute|Funct3E_reg[2]                                               ; 1                 ; 6       ;
;      - SoC_Top:u_soc|Pipeline_top:u_cpu|memory_cycle:memory|ReadDataM[26]~6                                                ; 1                 ; 6       ;
;      - SoC_Top:u_soc|Pipeline_top:u_cpu|execute_cycle:execute|PCPlus4E_reg[26]                                             ; 1                 ; 6       ;
;      - SoC_Top:u_soc|Pipeline_top:u_cpu|execute_cycle:execute|CSRReadDataE_reg[26]                                         ; 1                 ; 6       ;
;      - SoC_Top:u_soc|Pipeline_top:u_cpu|decode_cycle:decode|Control_Unit_Top:control|Equal0~3                              ; 1                 ; 6       ;
;      - SoC_Top:u_soc|Pipeline_top:u_cpu|decode_cycle:decode|Control_Unit_Top:control|Main_Decoder:Main_Decoder|Equal4~0    ; 1                 ; 6       ;
;      - SoC_Top:u_soc|Pipeline_top:u_cpu|decode_cycle:decode|Control_Unit_Top:control|Main_Decoder:Main_Decoder|Equal4~1    ; 1                 ; 6       ;
;      - SoC_Top:u_soc|Pipeline_top:u_cpu|decode_cycle:decode|Control_Unit_Top:control|Main_Decoder:Main_Decoder|Equal3~0    ; 1                 ; 6       ;
;      - SoC_Top:u_soc|Pipeline_top:u_cpu|decode_cycle:decode|Control_Unit_Top:control|Main_Decoder:Main_Decoder|Equal1~0    ; 1                 ; 6       ;
;      - SoC_Top:u_soc|Pipeline_top:u_cpu|decode_cycle:decode|Control_Unit_Top:control|Main_Decoder:Main_Decoder|Equal6~0    ; 1                 ; 6       ;
;      - SoC_Top:u_soc|Pipeline_top:u_cpu|fetch_cycle:fetch|PCF_reg2[27]                                                     ; 1                 ; 6       ;
;      - SoC_Top:u_soc|Pipeline_top:u_cpu|decode_cycle:decode|PCD_reg~1                                                      ; 1                 ; 6       ;
;      - SoC_Top:u_soc|Pipeline_top:u_cpu|execute_cycle:execute|PCPlus4E_reg[27]                                             ; 1                 ; 6       ;
;      - SoC_Top:u_soc|Pipeline_top:u_cpu|memory_cycle:memory|apb_master:u_apb_master|rdata[27]                              ; 1                 ; 6       ;
;      - SoC_Top:u_soc|Pipeline_top:u_cpu|memory_cycle:memory|ReadDataM[27]~8                                                ; 1                 ; 6       ;
;      - SoC_Top:u_soc|Pipeline_top:u_cpu|execute_cycle:execute|CSRReadDataE_reg[27]                                         ; 1                 ; 6       ;
;      - SoC_Top:u_soc|Pipeline_top:u_cpu|decode_cycle:decode|Control_Unit_Top:control|Main_Decoder:Main_Decoder|ImmSrc[0]~0 ; 1                 ; 6       ;
;      - SoC_Top:u_soc|Pipeline_top:u_cpu|decode_cycle:decode|Control_Unit_Top:control|Main_Decoder:Main_Decoder|Equal7~0    ; 1                 ; 6       ;
;      - SoC_Top:u_soc|Pipeline_top:u_cpu|decode_cycle:decode|Imm_Ext_D_reg~3                                                ; 1                 ; 6       ;
;      - SoC_Top:u_soc|Pipeline_top:u_cpu|memory_cycle:memory|apb_master:u_apb_master|rdata[1]                               ; 1                 ; 6       ;
;      - SoC_Top:u_soc|Pipeline_top:u_cpu|memory_cycle:memory|ReadDataM[1]~12                                                ; 1                 ; 6       ;
;      - SoC_Top:u_soc|Pipeline_top:u_cpu|execute_cycle:execute|PCPlus4E_reg[1]                                              ; 1                 ; 6       ;
;      - SoC_Top:u_soc|Pipeline_top:u_cpu|execute_cycle:execute|CSRReadDataE_reg[1]                                          ; 1                 ; 6       ;
;      - SoC_Top:u_soc|Pipeline_top:u_cpu|fetch_cycle:fetch|PCF_reg2[24]                                                     ; 1                 ; 6       ;
;      - SoC_Top:u_soc|Pipeline_top:u_cpu|decode_cycle:decode|PCD_reg~2                                                      ; 1                 ; 6       ;
;      - SoC_Top:u_soc|Pipeline_top:u_cpu|memory_cycle:memory|apb_master:u_apb_master|rdata[24]                              ; 1                 ; 6       ;
;      - SoC_Top:u_soc|Pipeline_top:u_cpu|memory_cycle:memory|ReadDataM[24]~14                                               ; 1                 ; 6       ;
;      - SoC_Top:u_soc|Pipeline_top:u_cpu|execute_cycle:execute|PCPlus4E_reg[24]                                             ; 1                 ; 6       ;
;      - SoC_Top:u_soc|Pipeline_top:u_cpu|execute_cycle:execute|CSRReadDataE_reg[24]                                         ; 1                 ; 6       ;
;      - SoC_Top:u_soc|Pipeline_top:u_cpu|fetch_cycle:fetch|PCF_reg2[25]                                                     ; 1                 ; 6       ;
;      - SoC_Top:u_soc|Pipeline_top:u_cpu|decode_cycle:decode|PCD_reg~3                                                      ; 1                 ; 6       ;
;      - SoC_Top:u_soc|Pipeline_top:u_cpu|execute_cycle:execute|PCPlus4E_reg[25]                                             ; 1                 ; 6       ;
;      - SoC_Top:u_soc|Pipeline_top:u_cpu|memory_cycle:memory|apb_master:u_apb_master|rdata[25]                              ; 1                 ; 6       ;
;      - SoC_Top:u_soc|Pipeline_top:u_cpu|memory_cycle:memory|ReadDataM[25]~16                                               ; 1                 ; 6       ;
;      - SoC_Top:u_soc|Pipeline_top:u_cpu|execute_cycle:execute|CSRReadDataE_reg[25]                                         ; 1                 ; 6       ;
;      - SoC_Top:u_soc|Pipeline_top:u_cpu|fetch_cycle:fetch|PCF_reg2[30]                                                     ; 1                 ; 6       ;
;      - SoC_Top:u_soc|Pipeline_top:u_cpu|decode_cycle:decode|PCD_reg~4                                                      ; 1                 ; 6       ;
;      - SoC_Top:u_soc|Pipeline_top:u_cpu|memory_cycle:memory|apb_master:u_apb_master|rdata[30]                              ; 1                 ; 6       ;
;      - SoC_Top:u_soc|Pipeline_top:u_cpu|memory_cycle:memory|ReadDataM[30]~18                                               ; 1                 ; 6       ;
;      - SoC_Top:u_soc|Pipeline_top:u_cpu|execute_cycle:execute|PCPlus4E_reg[30]                                             ; 1                 ; 6       ;
;      - SoC_Top:u_soc|Pipeline_top:u_cpu|execute_cycle:execute|CSRReadDataE_reg[30]                                         ; 1                 ; 6       ;
;      - SoC_Top:u_soc|Pipeline_top:u_cpu|fetch_cycle:fetch|PCF_reg2[31]                                                     ; 1                 ; 6       ;
;      - SoC_Top:u_soc|Pipeline_top:u_cpu|decode_cycle:decode|PCD_reg~5                                                      ; 1                 ; 6       ;
;      - SoC_Top:u_soc|Pipeline_top:u_cpu|execute_cycle:execute|PCPlus4E_reg[31]                                             ; 1                 ; 6       ;
;      - SoC_Top:u_soc|Pipeline_top:u_cpu|memory_cycle:memory|apb_master:u_apb_master|rdata[31]                              ; 1                 ; 6       ;
;      - SoC_Top:u_soc|Pipeline_top:u_cpu|memory_cycle:memory|ReadDataM[31]~20                                               ; 1                 ; 6       ;
;      - SoC_Top:u_soc|Pipeline_top:u_cpu|execute_cycle:execute|CSRReadDataE_reg[31]                                         ; 1                 ; 6       ;
;      - SoC_Top:u_soc|Pipeline_top:u_cpu|memory_cycle:memory|apb_master:u_apb_master|rdata[28]                              ; 1                 ; 6       ;
;      - SoC_Top:u_soc|Pipeline_top:u_cpu|memory_cycle:memory|ReadDataM[28]~22                                               ; 1                 ; 6       ;
;      - SoC_Top:u_soc|Pipeline_top:u_cpu|execute_cycle:execute|PCPlus4E_reg[28]                                             ; 1                 ; 6       ;
;      - SoC_Top:u_soc|Pipeline_top:u_cpu|execute_cycle:execute|CSRReadDataE_reg[28]                                         ; 1                 ; 6       ;
;      - SoC_Top:u_soc|Pipeline_top:u_cpu|fetch_cycle:fetch|PCF_reg2[28]                                                     ; 1                 ; 6       ;
;      - SoC_Top:u_soc|Pipeline_top:u_cpu|decode_cycle:decode|PCD_reg~6                                                      ; 1                 ; 6       ;
;      - SoC_Top:u_soc|Pipeline_top:u_cpu|fetch_cycle:fetch|PCF_reg2[29]                                                     ; 1                 ; 6       ;
;      - SoC_Top:u_soc|Pipeline_top:u_cpu|decode_cycle:decode|PCD_reg~7                                                      ; 1                 ; 6       ;
;      - SoC_Top:u_soc|Pipeline_top:u_cpu|execute_cycle:execute|PCPlus4E_reg[29]                                             ; 1                 ; 6       ;
;      - SoC_Top:u_soc|Pipeline_top:u_cpu|memory_cycle:memory|apb_master:u_apb_master|rdata[29]                              ; 1                 ; 6       ;
;      - SoC_Top:u_soc|Pipeline_top:u_cpu|memory_cycle:memory|ReadDataM[29]~24                                               ; 1                 ; 6       ;
;      - SoC_Top:u_soc|Pipeline_top:u_cpu|execute_cycle:execute|CSRReadDataE_reg[29]                                         ; 1                 ; 6       ;
;      - SoC_Top:u_soc|Pipeline_top:u_cpu|execute_cycle:execute|PCPlus4E_reg[2]                                              ; 1                 ; 6       ;
;      - SoC_Top:u_soc|Pipeline_top:u_cpu|memory_cycle:memory|apb_master:u_apb_master|rdata[2]                               ; 1                 ; 6       ;
;      - SoC_Top:u_soc|Pipeline_top:u_cpu|memory_cycle:memory|ReadDataM[2]~28                                                ; 1                 ; 6       ;
;      - SoC_Top:u_soc|Pipeline_top:u_cpu|execute_cycle:execute|CSRReadDataE_reg[2]                                          ; 1                 ; 6       ;
;      - SoC_Top:u_soc|Pipeline_top:u_cpu|memory_cycle:memory|apb_master:u_apb_master|rdata[3]                               ; 1                 ; 6       ;
;      - SoC_Top:u_soc|Pipeline_top:u_cpu|memory_cycle:memory|ReadDataM[3]~32                                                ; 1                 ; 6       ;
;      - SoC_Top:u_soc|Pipeline_top:u_cpu|execute_cycle:execute|PCPlus4E_reg[3]                                              ; 1                 ; 6       ;
;      - SoC_Top:u_soc|Pipeline_top:u_cpu|execute_cycle:execute|CSRReadDataE_reg[3]                                          ; 1                 ; 6       ;
;      - SoC_Top:u_soc|Pipeline_top:u_cpu|fetch_cycle:fetch|PCF_reg2[16]                                                     ; 1                 ; 6       ;
;      - SoC_Top:u_soc|Pipeline_top:u_cpu|decode_cycle:decode|PCD_reg~8                                                      ; 1                 ; 6       ;
;      - SoC_Top:u_soc|Pipeline_top:u_cpu|memory_cycle:memory|apb_master:u_apb_master|rdata[16]                              ; 1                 ; 6       ;
;      - SoC_Top:u_soc|Pipeline_top:u_cpu|memory_cycle:memory|ReadDataM[16]~34                                               ; 1                 ; 6       ;
;      - SoC_Top:u_soc|Pipeline_top:u_cpu|execute_cycle:execute|PCPlus4E_reg[16]                                             ; 1                 ; 6       ;
;      - SoC_Top:u_soc|Pipeline_top:u_cpu|execute_cycle:execute|CSRReadDataE_reg[16]                                         ; 1                 ; 6       ;
;      - SoC_Top:u_soc|Pipeline_top:u_cpu|fetch_cycle:fetch|PCF_reg2[17]                                                     ; 1                 ; 6       ;
;      - SoC_Top:u_soc|Pipeline_top:u_cpu|decode_cycle:decode|PCD_reg~9                                                      ; 1                 ; 6       ;
;      - SoC_Top:u_soc|Pipeline_top:u_cpu|execute_cycle:execute|PCPlus4E_reg[17]                                             ; 1                 ; 6       ;
;      - SoC_Top:u_soc|Pipeline_top:u_cpu|memory_cycle:memory|apb_master:u_apb_master|rdata[17]                              ; 1                 ; 6       ;
;      - SoC_Top:u_soc|Pipeline_top:u_cpu|memory_cycle:memory|ReadDataM[17]~36                                               ; 1                 ; 6       ;
;      - SoC_Top:u_soc|Pipeline_top:u_cpu|execute_cycle:execute|CSRReadDataE_reg[17]                                         ; 1                 ; 6       ;
;      - SoC_Top:u_soc|Pipeline_top:u_cpu|memory_cycle:memory|apb_master:u_apb_master|rdata[18]                              ; 1                 ; 6       ;
;      - SoC_Top:u_soc|Pipeline_top:u_cpu|memory_cycle:memory|ReadDataM[18]~38                                               ; 1                 ; 6       ;
;      - SoC_Top:u_soc|Pipeline_top:u_cpu|execute_cycle:execute|PCPlus4E_reg[18]                                             ; 1                 ; 6       ;
;      - SoC_Top:u_soc|Pipeline_top:u_cpu|execute_cycle:execute|CSRReadDataE_reg[18]                                         ; 1                 ; 6       ;
;      - SoC_Top:u_soc|Pipeline_top:u_cpu|fetch_cycle:fetch|PCF_reg2[18]                                                     ; 1                 ; 6       ;
;      - SoC_Top:u_soc|Pipeline_top:u_cpu|decode_cycle:decode|PCD_reg~10                                                     ; 1                 ; 6       ;
;      - SoC_Top:u_soc|Pipeline_top:u_cpu|execute_cycle:execute|PCPlus4E_reg[19]                                             ; 1                 ; 6       ;
;      - SoC_Top:u_soc|Pipeline_top:u_cpu|memory_cycle:memory|apb_master:u_apb_master|rdata[19]                              ; 1                 ; 6       ;
;      - SoC_Top:u_soc|Pipeline_top:u_cpu|memory_cycle:memory|ReadDataM[19]~40                                               ; 1                 ; 6       ;
;      - SoC_Top:u_soc|Pipeline_top:u_cpu|execute_cycle:execute|CSRReadDataE_reg[19]                                         ; 1                 ; 6       ;
;      - SoC_Top:u_soc|Pipeline_top:u_cpu|fetch_cycle:fetch|PCF_reg2[19]                                                     ; 1                 ; 6       ;
;      - SoC_Top:u_soc|Pipeline_top:u_cpu|decode_cycle:decode|PCD_reg~11                                                     ; 1                 ; 6       ;
;      - SoC_Top:u_soc|Pipeline_top:u_cpu|memory_cycle:memory|apb_master:u_apb_master|rdata[20]                              ; 1                 ; 6       ;
;      - SoC_Top:u_soc|Pipeline_top:u_cpu|memory_cycle:memory|ReadDataM[20]~42                                               ; 1                 ; 6       ;
;      - SoC_Top:u_soc|Pipeline_top:u_cpu|execute_cycle:execute|PCPlus4E_reg[20]                                             ; 1                 ; 6       ;
;      - SoC_Top:u_soc|Pipeline_top:u_cpu|execute_cycle:execute|CSRReadDataE_reg[20]                                         ; 1                 ; 6       ;
;      - SoC_Top:u_soc|Pipeline_top:u_cpu|fetch_cycle:fetch|PCF_reg2[20]                                                     ; 1                 ; 6       ;
;      - SoC_Top:u_soc|Pipeline_top:u_cpu|decode_cycle:decode|PCD_reg~12                                                     ; 1                 ; 6       ;
;      - SoC_Top:u_soc|Pipeline_top:u_cpu|fetch_cycle:fetch|PCF_reg2[21]                                                     ; 1                 ; 6       ;
;      - SoC_Top:u_soc|Pipeline_top:u_cpu|decode_cycle:decode|PCD_reg~13                                                     ; 1                 ; 6       ;
;      - SoC_Top:u_soc|Pipeline_top:u_cpu|execute_cycle:execute|PCPlus4E_reg[21]                                             ; 1                 ; 6       ;
;      - SoC_Top:u_soc|Pipeline_top:u_cpu|memory_cycle:memory|apb_master:u_apb_master|rdata[21]                              ; 1                 ; 6       ;
;      - SoC_Top:u_soc|Pipeline_top:u_cpu|memory_cycle:memory|ReadDataM[21]~44                                               ; 1                 ; 6       ;
;      - SoC_Top:u_soc|Pipeline_top:u_cpu|execute_cycle:execute|CSRReadDataE_reg[21]                                         ; 1                 ; 6       ;
;      - SoC_Top:u_soc|Pipeline_top:u_cpu|fetch_cycle:fetch|PCF_reg2[22]                                                     ; 1                 ; 6       ;
;      - SoC_Top:u_soc|Pipeline_top:u_cpu|decode_cycle:decode|PCD_reg~14                                                     ; 1                 ; 6       ;
;      - SoC_Top:u_soc|Pipeline_top:u_cpu|memory_cycle:memory|apb_master:u_apb_master|rdata[22]                              ; 1                 ; 6       ;
;      - SoC_Top:u_soc|Pipeline_top:u_cpu|memory_cycle:memory|ReadDataM[22]~46                                               ; 1                 ; 6       ;
;      - SoC_Top:u_soc|Pipeline_top:u_cpu|execute_cycle:execute|PCPlus4E_reg[22]                                             ; 1                 ; 6       ;
;      - SoC_Top:u_soc|Pipeline_top:u_cpu|execute_cycle:execute|CSRReadDataE_reg[22]                                         ; 1                 ; 6       ;
;      - SoC_Top:u_soc|Pipeline_top:u_cpu|fetch_cycle:fetch|PCF_reg2[23]                                                     ; 1                 ; 6       ;
;      - SoC_Top:u_soc|Pipeline_top:u_cpu|decode_cycle:decode|PCD_reg~15                                                     ; 1                 ; 6       ;
;      - SoC_Top:u_soc|Pipeline_top:u_cpu|execute_cycle:execute|PCPlus4E_reg[23]                                             ; 1                 ; 6       ;
;      - SoC_Top:u_soc|Pipeline_top:u_cpu|memory_cycle:memory|ReadDataM[23]~48                                               ; 1                 ; 6       ;
;      - SoC_Top:u_soc|Pipeline_top:u_cpu|memory_cycle:memory|apb_master:u_apb_master|rdata[23]                              ; 1                 ; 6       ;
;      - SoC_Top:u_soc|Pipeline_top:u_cpu|execute_cycle:execute|CSRReadDataE_reg[23]                                         ; 1                 ; 6       ;
;      - SoC_Top:u_soc|Pipeline_top:u_cpu|memory_cycle:memory|apb_master:u_apb_master|rdata[4]                               ; 1                 ; 6       ;
;      - SoC_Top:u_soc|Pipeline_top:u_cpu|memory_cycle:memory|ReadDataM[4]~53                                                ; 1                 ; 6       ;
;      - SoC_Top:u_soc|Pipeline_top:u_cpu|execute_cycle:execute|PCPlus4E_reg[4]                                              ; 1                 ; 6       ;
;      - SoC_Top:u_soc|Pipeline_top:u_cpu|execute_cycle:execute|CSRReadDataE_reg[4]                                          ; 1                 ; 6       ;
;      - SoC_Top:u_soc|Pipeline_top:u_cpu|fetch_cycle:fetch|PCF_reg2[0]                                                      ; 1                 ; 6       ;
;      - SoC_Top:u_soc|Pipeline_top:u_cpu|decode_cycle:decode|PCD_reg~16                                                     ; 1                 ; 6       ;
;      - SoC_Top:u_soc|Pipeline_top:u_cpu|fetch_cycle:fetch|PCF_reg2[1]                                                      ; 1                 ; 6       ;
;      - SoC_Top:u_soc|Pipeline_top:u_cpu|decode_cycle:decode|PCD_reg~17                                                     ; 1                 ; 6       ;
;      - SoC_Top:u_soc|Pipeline_top:u_cpu|fetch_cycle:fetch|PCF_reg2[2]                                                      ; 1                 ; 6       ;
;      - SoC_Top:u_soc|Pipeline_top:u_cpu|decode_cycle:decode|PCD_reg~18                                                     ; 1                 ; 6       ;
;      - SoC_Top:u_soc|Pipeline_top:u_cpu|fetch_cycle:fetch|PCF_reg2[3]                                                      ; 1                 ; 6       ;
;      - SoC_Top:u_soc|Pipeline_top:u_cpu|decode_cycle:decode|PCD_reg~19                                                     ; 1                 ; 6       ;
;      - SoC_Top:u_soc|Pipeline_top:u_cpu|fetch_cycle:fetch|PCF_reg2[4]                                                      ; 1                 ; 6       ;
;      - SoC_Top:u_soc|Pipeline_top:u_cpu|decode_cycle:decode|PCD_reg~20                                                     ; 1                 ; 6       ;
;      - SoC_Top:u_soc|Pipeline_top:u_cpu|execute_cycle:execute|PCPlus4E_reg[5]                                              ; 1                 ; 6       ;
;      - SoC_Top:u_soc|Pipeline_top:u_cpu|memory_cycle:memory|apb_master:u_apb_master|rdata[5]                               ; 1                 ; 6       ;
;      - SoC_Top:u_soc|Pipeline_top:u_cpu|memory_cycle:memory|ReadDataM[5]~57                                                ; 1                 ; 6       ;
;      - SoC_Top:u_soc|Pipeline_top:u_cpu|execute_cycle:execute|CSRReadDataE_reg[5]                                          ; 1                 ; 6       ;
;      - SoC_Top:u_soc|Pipeline_top:u_cpu|fetch_cycle:fetch|PCF_reg2[5]                                                      ; 1                 ; 6       ;
;      - SoC_Top:u_soc|Pipeline_top:u_cpu|decode_cycle:decode|PCD_reg~21                                                     ; 1                 ; 6       ;
;      - SoC_Top:u_soc|Pipeline_top:u_cpu|memory_cycle:memory|apb_master:u_apb_master|rdata[6]                               ; 1                 ; 6       ;
;      - SoC_Top:u_soc|Pipeline_top:u_cpu|memory_cycle:memory|ReadDataM[6]~61                                                ; 1                 ; 6       ;
;      - SoC_Top:u_soc|Pipeline_top:u_cpu|execute_cycle:execute|PCPlus4E_reg[6]                                              ; 1                 ; 6       ;
;      - SoC_Top:u_soc|Pipeline_top:u_cpu|execute_cycle:execute|CSRReadDataE_reg[6]                                          ; 1                 ; 6       ;
;      - SoC_Top:u_soc|Pipeline_top:u_cpu|fetch_cycle:fetch|PCF_reg2[6]                                                      ; 1                 ; 6       ;
;      - SoC_Top:u_soc|Pipeline_top:u_cpu|decode_cycle:decode|PCD_reg~22                                                     ; 1                 ; 6       ;
;      - SoC_Top:u_soc|Pipeline_top:u_cpu|execute_cycle:execute|PCPlus4E_reg[7]                                              ; 1                 ; 6       ;
;      - SoC_Top:u_soc|Pipeline_top:u_cpu|memory_cycle:memory|apb_master:u_apb_master|rdata[7]                               ; 1                 ; 6       ;
;      - SoC_Top:u_soc|Pipeline_top:u_cpu|execute_cycle:execute|CSRReadDataE_reg[7]                                          ; 1                 ; 6       ;
;      - SoC_Top:u_soc|Pipeline_top:u_cpu|fetch_cycle:fetch|PCF_reg2[7]                                                      ; 1                 ; 6       ;
;      - SoC_Top:u_soc|Pipeline_top:u_cpu|decode_cycle:decode|PCD_reg~23                                                     ; 1                 ; 6       ;
;      - SoC_Top:u_soc|Pipeline_top:u_cpu|memory_cycle:memory|ReadDataM_reg[14]~4                                            ; 1                 ; 6       ;
;      - SoC_Top:u_soc|Pipeline_top:u_cpu|memory_cycle:memory|ReadDataM_reg[14]~5                                            ; 1                 ; 6       ;
;      - SoC_Top:u_soc|Pipeline_top:u_cpu|memory_cycle:memory|apb_master:u_apb_master|rdata[8]                               ; 1                 ; 6       ;
;      - SoC_Top:u_soc|Pipeline_top:u_cpu|execute_cycle:execute|PCPlus4E_reg[8]                                              ; 1                 ; 6       ;
;      - SoC_Top:u_soc|Pipeline_top:u_cpu|execute_cycle:execute|CSRReadDataE_reg[8]                                          ; 1                 ; 6       ;
;      - SoC_Top:u_soc|Pipeline_top:u_cpu|fetch_cycle:fetch|PCF_reg2[8]                                                      ; 1                 ; 6       ;
;      - SoC_Top:u_soc|Pipeline_top:u_cpu|decode_cycle:decode|PCD_reg~24                                                     ; 1                 ; 6       ;
;      - SoC_Top:u_soc|Pipeline_top:u_cpu|execute_cycle:execute|PCPlus4E_reg[9]                                              ; 1                 ; 6       ;
;      - SoC_Top:u_soc|Pipeline_top:u_cpu|memory_cycle:memory|apb_master:u_apb_master|rdata[9]                               ; 1                 ; 6       ;
;      - SoC_Top:u_soc|Pipeline_top:u_cpu|execute_cycle:execute|CSRReadDataE_reg[9]                                          ; 1                 ; 6       ;
;      - SoC_Top:u_soc|Pipeline_top:u_cpu|fetch_cycle:fetch|PCF_reg2[9]                                                      ; 1                 ; 6       ;
;      - SoC_Top:u_soc|Pipeline_top:u_cpu|decode_cycle:decode|PCD_reg~25                                                     ; 1                 ; 6       ;
;      - SoC_Top:u_soc|Pipeline_top:u_cpu|fetch_cycle:fetch|PCF_reg2[10]                                                     ; 1                 ; 6       ;
;      - SoC_Top:u_soc|Pipeline_top:u_cpu|decode_cycle:decode|PCD_reg~26                                                     ; 1                 ; 6       ;
;      - SoC_Top:u_soc|Pipeline_top:u_cpu|memory_cycle:memory|apb_master:u_apb_master|rdata[10]                              ; 1                 ; 6       ;
;      - SoC_Top:u_soc|Pipeline_top:u_cpu|execute_cycle:execute|PCPlus4E_reg[10]                                             ; 1                 ; 6       ;
;      - SoC_Top:u_soc|Pipeline_top:u_cpu|execute_cycle:execute|CSRReadDataE_reg[10]                                         ; 1                 ; 6       ;
;      - SoC_Top:u_soc|Pipeline_top:u_cpu|execute_cycle:execute|PCPlus4E_reg[11]                                             ; 1                 ; 6       ;
;      - SoC_Top:u_soc|Pipeline_top:u_cpu|memory_cycle:memory|apb_master:u_apb_master|rdata[11]                              ; 1                 ; 6       ;
;      - SoC_Top:u_soc|Pipeline_top:u_cpu|execute_cycle:execute|CSRReadDataE_reg[11]                                         ; 1                 ; 6       ;
;      - SoC_Top:u_soc|Pipeline_top:u_cpu|fetch_cycle:fetch|PCF_reg2[11]                                                     ; 1                 ; 6       ;
;      - SoC_Top:u_soc|Pipeline_top:u_cpu|decode_cycle:decode|PCD_reg~27                                                     ; 1                 ; 6       ;
;      - SoC_Top:u_soc|Pipeline_top:u_cpu|fetch_cycle:fetch|PCF_reg2[12]                                                     ; 1                 ; 6       ;
;      - SoC_Top:u_soc|Pipeline_top:u_cpu|decode_cycle:decode|PCD_reg~28                                                     ; 1                 ; 6       ;
;      - SoC_Top:u_soc|Pipeline_top:u_cpu|memory_cycle:memory|apb_master:u_apb_master|rdata[12]                              ; 1                 ; 6       ;
;      - SoC_Top:u_soc|Pipeline_top:u_cpu|execute_cycle:execute|PCPlus4E_reg[12]                                             ; 1                 ; 6       ;
;      - SoC_Top:u_soc|Pipeline_top:u_cpu|execute_cycle:execute|CSRReadDataE_reg[12]                                         ; 1                 ; 6       ;
;      - SoC_Top:u_soc|Pipeline_top:u_cpu|execute_cycle:execute|PCPlus4E_reg[13]                                             ; 1                 ; 6       ;
;      - SoC_Top:u_soc|Pipeline_top:u_cpu|memory_cycle:memory|apb_master:u_apb_master|rdata[13]                              ; 1                 ; 6       ;
;      - SoC_Top:u_soc|Pipeline_top:u_cpu|execute_cycle:execute|CSRReadDataE_reg[13]                                         ; 1                 ; 6       ;
;      - SoC_Top:u_soc|Pipeline_top:u_cpu|fetch_cycle:fetch|PCF_reg2[13]                                                     ; 1                 ; 6       ;
;      - SoC_Top:u_soc|Pipeline_top:u_cpu|decode_cycle:decode|PCD_reg~29                                                     ; 1                 ; 6       ;
;      - SoC_Top:u_soc|Pipeline_top:u_cpu|fetch_cycle:fetch|PCF_reg2[14]                                                     ; 1                 ; 6       ;
;      - SoC_Top:u_soc|Pipeline_top:u_cpu|decode_cycle:decode|PCD_reg~30                                                     ; 1                 ; 6       ;
;      - SoC_Top:u_soc|Pipeline_top:u_cpu|memory_cycle:memory|apb_master:u_apb_master|rdata[14]                              ; 1                 ; 6       ;
;      - SoC_Top:u_soc|Pipeline_top:u_cpu|execute_cycle:execute|PCPlus4E_reg[14]                                             ; 1                 ; 6       ;
;      - SoC_Top:u_soc|Pipeline_top:u_cpu|execute_cycle:execute|CSRReadDataE_reg[14]                                         ; 1                 ; 6       ;
;      - SoC_Top:u_soc|Pipeline_top:u_cpu|execute_cycle:execute|PCPlus4E_reg[15]                                             ; 1                 ; 6       ;
;      - SoC_Top:u_soc|Pipeline_top:u_cpu|memory_cycle:memory|apb_master:u_apb_master|rdata[15]                              ; 1                 ; 6       ;
;      - SoC_Top:u_soc|Pipeline_top:u_cpu|execute_cycle:execute|CSRReadDataE_reg[15]                                         ; 1                 ; 6       ;
;      - SoC_Top:u_soc|Pipeline_top:u_cpu|fetch_cycle:fetch|PCF_reg2[15]                                                     ; 1                 ; 6       ;
;      - SoC_Top:u_soc|Pipeline_top:u_cpu|decode_cycle:decode|PCD_reg~31                                                     ; 1                 ; 6       ;
;      - SoC_Top:u_soc|Pipeline_top:u_cpu|decode_cycle:decode|ALUControlD_reg~3                                              ; 1                 ; 6       ;
;      - SoC_Top:u_soc|Pipeline_top:u_cpu|decode_cycle:decode|ALUControlD_reg~4                                              ; 1                 ; 6       ;
;      - SoC_Top:u_soc|Pipeline_top:u_cpu|decode_cycle:decode|ALUControlD_reg~5                                              ; 1                 ; 6       ;
;      - SoC_Top:u_soc|Pipeline_top:u_cpu|decode_cycle:decode|Imm_Ext_D_reg~10                                               ; 1                 ; 6       ;
;      - SoC_Top:u_soc|Pipeline_top:u_cpu|fetch_cycle:fetch|InstrD[30]~15                                                    ; 1                 ; 6       ;
;      - SoC_Top:u_soc|Pipeline_top:u_cpu|fetch_cycle:fetch|InstrD[29]~16                                                    ; 1                 ; 6       ;
;      - SoC_Top:u_soc|Pipeline_top:u_cpu|decode_cycle:decode|Imm_Ext_D_reg~35                                               ; 1                 ; 6       ;
;      - SoC_Top:u_soc|Pipeline_top:u_cpu|decode_cycle:decode|Imm_Ext_D_reg~36                                               ; 1                 ; 6       ;
;      - SoC_Top:u_soc|Pipeline_top:u_cpu|decode_cycle:decode|Imm_Ext_D_reg~37                                               ; 1                 ; 6       ;
;      - SoC_Top:u_soc|Pipeline_top:u_cpu|decode_cycle:decode|Imm_Ext_D_reg~38                                               ; 1                 ; 6       ;
;      - SoC_Top:u_soc|Pipeline_top:u_cpu|decode_cycle:decode|Imm_Ext_D_reg~39                                               ; 1                 ; 6       ;
;      - SoC_Top:u_soc|Pipeline_top:u_cpu|decode_cycle:decode|Imm_Ext_D_reg~40                                               ; 1                 ; 6       ;
;      - SoC_Top:u_soc|Pipeline_top:u_cpu|decode_cycle:decode|ALUControlD_reg~6                                              ; 1                 ; 6       ;
;      - SoC_Top:u_soc|Pipeline_top:u_cpu|decode_cycle:decode|Control_Unit_Top:control|Main_Decoder:Main_Decoder|Equal2~0    ; 1                 ; 6       ;
;      - SoC_Top:u_soc|apb_spi_master:u_spi|bit_cnt[2]                                                                       ; 1                 ; 6       ;
;      - SoC_Top:u_soc|apb_spi_master:u_spi|shift_edge                                                                       ; 1                 ; 6       ;
;      - SoC_Top:u_soc|apb_spi_master:u_spi|bit_cnt[1]                                                                       ; 1                 ; 6       ;
;      - SoC_Top:u_soc|apb_spi_master:u_spi|bit_cnt[0]                                                                       ; 1                 ; 6       ;
;      - SoC_Top:u_soc|apb_spi_master:u_spi|shift_reg[5]                                                                     ; 1                 ; 6       ;
;      - SoC_Top:u_soc|apb_spi_master:u_spi|tx_data_reg[6]                                                                   ; 1                 ; 6       ;
;      - SoC_Top:u_soc|apb_spi_master:u_spi|cpha                                                                             ; 1                 ; 6       ;
;      - SoC_Top:u_soc|apb_spi_master:u_spi|sclk_edge                                                                        ; 1                 ; 6       ;
;      - SoC_Top:u_soc|apb_i2c_master:u_i2c|state.ST_STOP_1                                                                  ; 1                 ; 6       ;
;      - SoC_Top:u_soc|apb_i2c_master:u_i2c|cmd_start_ack                                                                    ; 1                 ; 6       ;
;      - SoC_Top:u_soc|apb_i2c_master:u_i2c|cmd_read_ack                                                                     ; 1                 ; 6       ;
;      - SoC_Top:u_soc|apb_i2c_master:u_i2c|cmd_stop_ack                                                                     ; 1                 ; 6       ;
;      - SoC_Top:u_soc|apb_i2c_master:u_i2c|tx_data_reg[2]                                                                   ; 1                 ; 6       ;
;      - SoC_Top:u_soc|apb_i2c_master:u_i2c|tx_data_reg[1]                                                                   ; 1                 ; 6       ;
;      - SoC_Top:u_soc|apb_i2c_master:u_i2c|tx_data_reg[0]                                                                   ; 1                 ; 6       ;
;      - SoC_Top:u_soc|apb_i2c_master:u_i2c|tx_data_reg[3]                                                                   ; 1                 ; 6       ;
;      - SoC_Top:u_soc|apb_i2c_master:u_i2c|tx_data_reg[5]                                                                   ; 1                 ; 6       ;
;      - SoC_Top:u_soc|apb_i2c_master:u_i2c|tx_data_reg[6]                                                                   ; 1                 ; 6       ;
;      - SoC_Top:u_soc|apb_i2c_master:u_i2c|tx_data_reg[4]                                                                   ; 1                 ; 6       ;
;      - SoC_Top:u_soc|apb_i2c_master:u_i2c|tx_data_reg[7]                                                                   ; 1                 ; 6       ;
;      - SoC_Top:u_soc|apb_pwm:u_pwm|period_reg[31]                                                                          ; 1                 ; 6       ;
;      - SoC_Top:u_soc|apb_pwm:u_pwm|period_reg[30]                                                                          ; 1                 ; 6       ;
;      - SoC_Top:u_soc|apb_pwm:u_pwm|period_reg[29]                                                                          ; 1                 ; 6       ;
;      - SoC_Top:u_soc|apb_pwm:u_pwm|period_reg[28]                                                                          ; 1                 ; 6       ;
;      - SoC_Top:u_soc|apb_pwm:u_pwm|period_reg[27]                                                                          ; 1                 ; 6       ;
;      - SoC_Top:u_soc|apb_pwm:u_pwm|period_reg[26]                                                                          ; 1                 ; 6       ;
;      - SoC_Top:u_soc|apb_pwm:u_pwm|period_reg[25]                                                                          ; 1                 ; 6       ;
;      - SoC_Top:u_soc|apb_pwm:u_pwm|period_reg[24]                                                                          ; 1                 ; 6       ;
;      - SoC_Top:u_soc|apb_pwm:u_pwm|period_reg[23]                                                                          ; 1                 ; 6       ;
;      - SoC_Top:u_soc|apb_pwm:u_pwm|period_reg[22]                                                                          ; 1                 ; 6       ;
;      - SoC_Top:u_soc|apb_pwm:u_pwm|period_reg[21]                                                                          ; 1                 ; 6       ;
;      - SoC_Top:u_soc|apb_pwm:u_pwm|period_reg[20]                                                                          ; 1                 ; 6       ;
;      - SoC_Top:u_soc|apb_pwm:u_pwm|period_reg[19]                                                                          ; 1                 ; 6       ;
;      - SoC_Top:u_soc|apb_pwm:u_pwm|period_reg[18]                                                                          ; 1                 ; 6       ;
;      - SoC_Top:u_soc|apb_pwm:u_pwm|period_reg[17]                                                                          ; 1                 ; 6       ;
;      - SoC_Top:u_soc|apb_pwm:u_pwm|period_reg[16]                                                                          ; 1                 ; 6       ;
;      - SoC_Top:u_soc|apb_pwm:u_pwm|period_reg[15]                                                                          ; 1                 ; 6       ;
;      - SoC_Top:u_soc|apb_pwm:u_pwm|period_reg[14]                                                                          ; 1                 ; 6       ;
;      - SoC_Top:u_soc|apb_pwm:u_pwm|period_reg[13]                                                                          ; 1                 ; 6       ;
;      - SoC_Top:u_soc|apb_pwm:u_pwm|period_reg[12]                                                                          ; 1                 ; 6       ;
;      - SoC_Top:u_soc|apb_pwm:u_pwm|period_reg[11]                                                                          ; 1                 ; 6       ;
;      - SoC_Top:u_soc|apb_pwm:u_pwm|period_reg[10]                                                                          ; 1                 ; 6       ;
;      - SoC_Top:u_soc|apb_pwm:u_pwm|period_reg[9]                                                                           ; 1                 ; 6       ;
;      - SoC_Top:u_soc|apb_pwm:u_pwm|period_reg[8]                                                                           ; 1                 ; 6       ;
;      - SoC_Top:u_soc|apb_pwm:u_pwm|period_reg[7]                                                                           ; 1                 ; 6       ;
;      - SoC_Top:u_soc|apb_pwm:u_pwm|period_reg[6]                                                                           ; 1                 ; 6       ;
;      - SoC_Top:u_soc|apb_pwm:u_pwm|period_reg[5]                                                                           ; 1                 ; 6       ;
;      - SoC_Top:u_soc|apb_pwm:u_pwm|period_reg[4]                                                                           ; 1                 ; 6       ;
;      - SoC_Top:u_soc|apb_pwm:u_pwm|period_reg[3]                                                                           ; 1                 ; 6       ;
;      - SoC_Top:u_soc|apb_pwm:u_pwm|period_reg[2]                                                                           ; 1                 ; 6       ;
;      - SoC_Top:u_soc|apb_pwm:u_pwm|period_reg[1]                                                                           ; 1                 ; 6       ;
;      - SoC_Top:u_soc|apb_pwm:u_pwm|period_reg[0]                                                                           ; 1                 ; 6       ;
;      - SoC_Top:u_soc|Pipeline_top:u_cpu|memory_cycle:memory|apb_master:u_apb_master|PWDATA[31]                             ; 1                 ; 6       ;
;      - SoC_Top:u_soc|Pipeline_top:u_cpu|memory_cycle:memory|apb_master:u_apb_master|PWDATA[30]                             ; 1                 ; 6       ;
;      - SoC_Top:u_soc|Pipeline_top:u_cpu|memory_cycle:memory|apb_master:u_apb_master|PWDATA[29]                             ; 1                 ; 6       ;
;      - SoC_Top:u_soc|Pipeline_top:u_cpu|memory_cycle:memory|apb_master:u_apb_master|PWDATA[28]                             ; 1                 ; 6       ;
;      - SoC_Top:u_soc|Pipeline_top:u_cpu|memory_cycle:memory|apb_master:u_apb_master|PWDATA[27]                             ; 1                 ; 6       ;
;      - SoC_Top:u_soc|Pipeline_top:u_cpu|memory_cycle:memory|apb_master:u_apb_master|PWDATA[26]                             ; 1                 ; 6       ;
;      - SoC_Top:u_soc|Pipeline_top:u_cpu|memory_cycle:memory|apb_master:u_apb_master|PWDATA[25]                             ; 1                 ; 6       ;
;      - SoC_Top:u_soc|Pipeline_top:u_cpu|memory_cycle:memory|apb_master:u_apb_master|PWDATA[24]                             ; 1                 ; 6       ;
;      - SoC_Top:u_soc|Pipeline_top:u_cpu|memory_cycle:memory|apb_master:u_apb_master|PWDATA[23]                             ; 1                 ; 6       ;
;      - SoC_Top:u_soc|Pipeline_top:u_cpu|memory_cycle:memory|apb_master:u_apb_master|PWDATA[22]                             ; 1                 ; 6       ;
;      - SoC_Top:u_soc|Pipeline_top:u_cpu|memory_cycle:memory|apb_master:u_apb_master|PWDATA[21]                             ; 1                 ; 6       ;
;      - SoC_Top:u_soc|Pipeline_top:u_cpu|memory_cycle:memory|apb_master:u_apb_master|PWDATA[20]                             ; 1                 ; 6       ;
;      - SoC_Top:u_soc|Pipeline_top:u_cpu|memory_cycle:memory|apb_master:u_apb_master|PWDATA[19]                             ; 1                 ; 6       ;
;      - SoC_Top:u_soc|Pipeline_top:u_cpu|memory_cycle:memory|apb_master:u_apb_master|PWDATA[18]                             ; 1                 ; 6       ;
;      - SoC_Top:u_soc|Pipeline_top:u_cpu|memory_cycle:memory|apb_master:u_apb_master|PWDATA[17]                             ; 1                 ; 6       ;
;      - SoC_Top:u_soc|Pipeline_top:u_cpu|memory_cycle:memory|apb_master:u_apb_master|PWDATA[16]                             ; 1                 ; 6       ;
;      - SoC_Top:u_soc|Pipeline_top:u_cpu|decode_cycle:decode|RD_D_reg~0                                                     ; 1                 ; 6       ;
;      - SoC_Top:u_soc|Pipeline_top:u_cpu|decode_cycle:decode|RD_D_reg~1                                                     ; 1                 ; 6       ;
;      - SoC_Top:u_soc|Pipeline_top:u_cpu|fetch_cycle:fetch|Instruction_Memory:I_Memory|mem~0                                ; 1                 ; 6       ;
;      - SoC_Top:u_soc|Pipeline_top:u_cpu|fetch_cycle:fetch|flush_next_cycle                                                 ; 1                 ; 6       ;
;      - SoC_Top:u_soc|Pipeline_top:u_cpu|fetch_cycle:fetch|InstrF_reg[0]~29                                                 ; 1                 ; 6       ;
;      - SoC_Top:u_soc|Pipeline_top:u_cpu|fetch_cycle:fetch|PC_Module:Program_Counter|PC[2]                                  ; 1                 ; 6       ;
;      - SoC_Top:u_soc|Pipeline_top:u_cpu|fetch_cycle:fetch|PC_Module:Program_Counter|PC[3]                                  ; 1                 ; 6       ;
;      - SoC_Top:u_soc|Pipeline_top:u_cpu|fetch_cycle:fetch|PC_Module:Program_Counter|PC[4]                                  ; 1                 ; 6       ;
;      - SoC_Top:u_soc|Pipeline_top:u_cpu|fetch_cycle:fetch|PC_Module:Program_Counter|PC[5]                                  ; 1                 ; 6       ;
;      - SoC_Top:u_soc|Pipeline_top:u_cpu|fetch_cycle:fetch|PC_Module:Program_Counter|PC[6]                                  ; 1                 ; 6       ;
;      - SoC_Top:u_soc|Pipeline_top:u_cpu|fetch_cycle:fetch|PC_Module:Program_Counter|PC[7]                                  ; 1                 ; 6       ;
;      - SoC_Top:u_soc|Pipeline_top:u_cpu|fetch_cycle:fetch|PC_Module:Program_Counter|PC[8]                                  ; 1                 ; 6       ;
;      - SoC_Top:u_soc|Pipeline_top:u_cpu|fetch_cycle:fetch|PC_Module:Program_Counter|PC[9]                                  ; 1                 ; 6       ;
;      - SoC_Top:u_soc|Pipeline_top:u_cpu|fetch_cycle:fetch|PC_Module:Program_Counter|PC[10]                                 ; 1                 ; 6       ;
;      - SoC_Top:u_soc|Pipeline_top:u_cpu|fetch_cycle:fetch|PC_Module:Program_Counter|PC[11]                                 ; 1                 ; 6       ;
;      - SoC_Top:u_soc|Pipeline_top:u_cpu|decode_cycle:decode|Funct3D_reg~0                                                  ; 1                 ; 6       ;
;      - SoC_Top:u_soc|Pipeline_top:u_cpu|decode_cycle:decode|Funct3D_reg~1                                                  ; 1                 ; 6       ;
;      - SoC_Top:u_soc|Pipeline_top:u_cpu|decode_cycle:decode|Funct3D_reg~2                                                  ; 1                 ; 6       ;
;      - SoC_Top:u_soc|Pipeline_top:u_cpu|decode_cycle:decode|RD_D_reg~2                                                     ; 1                 ; 6       ;
;      - SoC_Top:u_soc|Pipeline_top:u_cpu|decode_cycle:decode|RD_D_reg~3                                                     ; 1                 ; 6       ;
;      - SoC_Top:u_soc|Pipeline_top:u_cpu|decode_cycle:decode|RD_D_reg~4                                                     ; 1                 ; 6       ;
;      - SoC_Top:u_soc|apb_i2c_master:u_i2c|rx_data_reg[0]                                                                   ; 1                 ; 6       ;
;      - SoC_Top:u_soc|apb_spi_master:u_spi|spi_busy                                                                         ; 1                 ; 6       ;
;      - SoC_Top:u_soc|apb_spi_master:u_spi|rx_data_reg[0]                                                                   ; 1                 ; 6       ;
;      - SoC_Top:u_soc|apb_spi_master:u_spi|tx_data_reg[0]                                                                   ; 1                 ; 6       ;
;      - SoC_Top:u_soc|apb_timer:u_timer|prescale_reg[0]                                                                     ; 1                 ; 6       ;
;      - SoC_Top:u_soc|apb_timer:u_timer|value_reg[0]                                                                        ; 1                 ; 6       ;
;      - SoC_Top:u_soc|apb_timer:u_timer|load_reg[0]                                                                         ; 1                 ; 6       ;
;      - SoC_Top:u_soc|apb_timer:u_timer|ctrl_reg[0]                                                                         ; 1                 ; 6       ;
;      - SoC_Top:u_soc|apb_uart:u_uart|UART_TOP:u_uart|UART_TX:u_tx|tx_busy                                                  ; 1                 ; 6       ;
;      - SoC_Top:u_soc|apb_uart:u_uart|rx_data_latched[0]                                                                    ; 1                 ; 6       ;
;      - SoC_Top:u_soc|Pipeline_top:u_cpu|memory_cycle:memory|Data_Memory:data_memory|always0~0                              ; 1                 ; 6       ;
;      - SoC_Top:u_soc|Pipeline_top:u_cpu|execute_cycle:execute|WriteDataE_reg[16]                                           ; 1                 ; 6       ;
;      - SoC_Top:u_soc|Pipeline_top:u_cpu|execute_cycle:execute|WriteDataE_reg[24]                                           ; 1                 ; 6       ;
;      - SoC_Top:u_soc|Pipeline_top:u_cpu|decode_cycle:decode|CSRReadDataD_reg[0]                                            ; 1                 ; 6       ;
;      - SoC_Top:u_soc|Pipeline_top:u_cpu|fetch_cycle:fetch|PCD[11]~0                                                        ; 1                 ; 6       ;
;      - SoC_Top:u_soc|Pipeline_top:u_cpu|decode_cycle:decode|CSR_Unit:u_csr|mtvec[7]                                        ; 1                 ; 6       ;
;      - SoC_Top:u_soc|Pipeline_top:u_cpu|decode_cycle:decode|CSR_Unit:u_csr|mcause[7]                                       ; 1                 ; 6       ;
;      - SoC_Top:u_soc|Pipeline_top:u_cpu|fetch_cycle:fetch|PCD[3]~1                                                         ; 1                 ; 6       ;
;      - SoC_Top:u_soc|apb_uart:u_uart|UART_TOP:u_uart|UART_RX:u_rx|state.S_STOP                                             ; 1                 ; 6       ;
;      - SoC_Top:u_soc|apb_uart:u_uart|UART_TOP:u_uart|UART_RX:u_rx|clk_cnt[7]                                               ; 1                 ; 6       ;
;      - SoC_Top:u_soc|apb_uart:u_uart|UART_TOP:u_uart|UART_RX:u_rx|clk_cnt[4]                                               ; 1                 ; 6       ;
;      - SoC_Top:u_soc|apb_uart:u_uart|UART_TOP:u_uart|UART_RX:u_rx|clk_cnt[9]                                               ; 1                 ; 6       ;
;      - SoC_Top:u_soc|apb_uart:u_uart|UART_TOP:u_uart|UART_RX:u_rx|clk_cnt[2]                                               ; 1                 ; 6       ;
;      - SoC_Top:u_soc|apb_uart:u_uart|UART_TOP:u_uart|UART_RX:u_rx|clk_cnt[0]                                               ; 1                 ; 6       ;
;      - SoC_Top:u_soc|apb_uart:u_uart|UART_TOP:u_uart|UART_RX:u_rx|clk_cnt[8]                                               ; 1                 ; 6       ;
;      - SoC_Top:u_soc|apb_uart:u_uart|UART_TOP:u_uart|UART_RX:u_rx|clk_cnt[5]                                               ; 1                 ; 6       ;
;      - SoC_Top:u_soc|apb_uart:u_uart|UART_TOP:u_uart|UART_RX:u_rx|clk_cnt[6]                                               ; 1                 ; 6       ;
;      - SoC_Top:u_soc|apb_uart:u_uart|UART_TOP:u_uart|UART_RX:u_rx|clk_cnt[3]                                               ; 1                 ; 6       ;
;      - SoC_Top:u_soc|apb_uart:u_uart|UART_TOP:u_uart|UART_RX:u_rx|clk_cnt[1]                                               ; 1                 ; 6       ;
;      - SoC_Top:u_soc|Pipeline_top:u_cpu|fetch_cycle:fetch|PCF_reg[26]                                                      ; 1                 ; 6       ;
;      - SoC_Top:u_soc|apb_gpio:u_gpio|dir_reg[26]                                                                           ; 1                 ; 6       ;
;      - SoC_Top:u_soc|apb_timer:u_timer|load_reg[26]                                                                        ; 1                 ; 6       ;
;      - SoC_Top:u_soc|apb_pwm:u_pwm|ctrl_reg[26]                                                                            ; 1                 ; 6       ;
;      - SoC_Top:u_soc|apb_gpio:u_gpio|data_out_reg[26]                                                                      ; 1                 ; 6       ;
;      - SoC_Top:u_soc|apb_timer:u_timer|value_reg[26]                                                                       ; 1                 ; 6       ;
;      - SoC_Top:u_soc|Pipeline_top:u_cpu|execute_cycle:execute|WriteDataE_reg[31]                                           ; 1                 ; 6       ;
;      - SoC_Top:u_soc|Pipeline_top:u_cpu|execute_cycle:execute|WriteDataE_reg[23]                                           ; 1                 ; 6       ;
;      - SoC_Top:u_soc|Pipeline_top:u_cpu|execute_cycle:execute|WriteDataE_reg[26]                                           ; 1                 ; 6       ;
;      - SoC_Top:u_soc|Pipeline_top:u_cpu|decode_cycle:decode|PCPlus4D_reg[26]                                               ; 1                 ; 6       ;
;      - SoC_Top:u_soc|Pipeline_top:u_cpu|decode_cycle:decode|CSRReadDataD_reg[26]                                           ; 1                 ; 6       ;
;      - SoC_Top:u_soc|Pipeline_top:u_cpu|fetch_cycle:fetch|PCF_reg[27]                                                      ; 1                 ; 6       ;
;      - SoC_Top:u_soc|Pipeline_top:u_cpu|decode_cycle:decode|PCPlus4D_reg[27]                                               ; 1                 ; 6       ;
;      - SoC_Top:u_soc|apb_gpio:u_gpio|dir_reg[27]                                                                           ; 1                 ; 6       ;
;      - SoC_Top:u_soc|apb_timer:u_timer|load_reg[27]                                                                        ; 1                 ; 6       ;
;      - SoC_Top:u_soc|apb_pwm:u_pwm|ctrl_reg[27]                                                                            ; 1                 ; 6       ;
;      - SoC_Top:u_soc|apb_gpio:u_gpio|data_out_reg[27]                                                                      ; 1                 ; 6       ;
;      - SoC_Top:u_soc|apb_timer:u_timer|value_reg[27]                                                                       ; 1                 ; 6       ;
;      - SoC_Top:u_soc|Pipeline_top:u_cpu|execute_cycle:execute|WriteDataE_reg[27]                                           ; 1                 ; 6       ;
;      - SoC_Top:u_soc|Pipeline_top:u_cpu|decode_cycle:decode|CSRReadDataD_reg[27]                                           ; 1                 ; 6       ;
;      - SoC_Top:u_soc|apb_i2c_master:u_i2c|ack_fail                                                                         ; 1                 ; 6       ;
;      - SoC_Top:u_soc|apb_i2c_master:u_i2c|rx_data_reg[1]                                                                   ; 1                 ; 6       ;
;      - SoC_Top:u_soc|apb_spi_master:u_spi|rx_data_reg[1]                                                                   ; 1                 ; 6       ;
;      - SoC_Top:u_soc|apb_spi_master:u_spi|tx_data_reg[1]                                                                   ; 1                 ; 6       ;
;      - SoC_Top:u_soc|apb_timer:u_timer|prescale_reg[1]                                                                     ; 1                 ; 6       ;
;      - SoC_Top:u_soc|apb_timer:u_timer|load_reg[1]                                                                         ; 1                 ; 6       ;
;      - SoC_Top:u_soc|apb_timer:u_timer|ctrl_reg[1]                                                                         ; 1                 ; 6       ;
;      - SoC_Top:u_soc|apb_timer:u_timer|value_reg[1]                                                                        ; 1                 ; 6       ;
;      - SoC_Top:u_soc|apb_uart:u_uart|rx_data_latched[1]                                                                    ; 1                 ; 6       ;
;      - SoC_Top:u_soc|Pipeline_top:u_cpu|execute_cycle:execute|WriteDataE_reg[17]                                           ; 1                 ; 6       ;
;      - SoC_Top:u_soc|Pipeline_top:u_cpu|execute_cycle:execute|WriteDataE_reg[25]                                           ; 1                 ; 6       ;
;      - SoC_Top:u_soc|Pipeline_top:u_cpu|decode_cycle:decode|CSRReadDataD_reg[1]                                            ; 1                 ; 6       ;
;      - SoC_Top:u_soc|Pipeline_top:u_cpu|fetch_cycle:fetch|PCF_reg[24]                                                      ; 1                 ; 6       ;
;      - SoC_Top:u_soc|apb_gpio:u_gpio|dir_reg[24]                                                                           ; 1                 ; 6       ;
;      - SoC_Top:u_soc|apb_timer:u_timer|load_reg[24]                                                                        ; 1                 ; 6       ;
;      - SoC_Top:u_soc|apb_pwm:u_pwm|ctrl_reg[24]                                                                            ; 1                 ; 6       ;
;      - SoC_Top:u_soc|apb_gpio:u_gpio|data_out_reg[24]                                                                      ; 1                 ; 6       ;
;      - SoC_Top:u_soc|apb_timer:u_timer|value_reg[24]                                                                       ; 1                 ; 6       ;
;      - SoC_Top:u_soc|Pipeline_top:u_cpu|decode_cycle:decode|PCPlus4D_reg[24]                                               ; 1                 ; 6       ;
;      - SoC_Top:u_soc|Pipeline_top:u_cpu|decode_cycle:decode|CSRReadDataD_reg[24]                                           ; 1                 ; 6       ;
;      - SoC_Top:u_soc|Pipeline_top:u_cpu|fetch_cycle:fetch|PCF_reg[25]                                                      ; 1                 ; 6       ;
;      - SoC_Top:u_soc|Pipeline_top:u_cpu|decode_cycle:decode|PCPlus4D_reg[25]                                               ; 1                 ; 6       ;
;      - SoC_Top:u_soc|apb_gpio:u_gpio|dir_reg[25]                                                                           ; 1                 ; 6       ;
;      - SoC_Top:u_soc|apb_timer:u_timer|load_reg[25]                                                                        ; 1                 ; 6       ;
;      - SoC_Top:u_soc|apb_pwm:u_pwm|ctrl_reg[25]                                                                            ; 1                 ; 6       ;
;      - SoC_Top:u_soc|apb_gpio:u_gpio|data_out_reg[25]                                                                      ; 1                 ; 6       ;
;      - SoC_Top:u_soc|apb_timer:u_timer|value_reg[25]                                                                       ; 1                 ; 6       ;
;      - SoC_Top:u_soc|Pipeline_top:u_cpu|decode_cycle:decode|CSRReadDataD_reg[25]                                           ; 1                 ; 6       ;
;      - SoC_Top:u_soc|Pipeline_top:u_cpu|fetch_cycle:fetch|PCF_reg[30]                                                      ; 1                 ; 6       ;
;      - SoC_Top:u_soc|apb_gpio:u_gpio|dir_reg[30]                                                                           ; 1                 ; 6       ;
;      - SoC_Top:u_soc|apb_timer:u_timer|load_reg[30]                                                                        ; 1                 ; 6       ;
;      - SoC_Top:u_soc|apb_pwm:u_pwm|ctrl_reg[30]                                                                            ; 1                 ; 6       ;
;      - SoC_Top:u_soc|apb_gpio:u_gpio|data_out_reg[30]                                                                      ; 1                 ; 6       ;
;      - SoC_Top:u_soc|apb_timer:u_timer|value_reg[30]                                                                       ; 1                 ; 6       ;
;      - SoC_Top:u_soc|Pipeline_top:u_cpu|execute_cycle:execute|WriteDataE_reg[30]                                           ; 1                 ; 6       ;
;      - SoC_Top:u_soc|Pipeline_top:u_cpu|decode_cycle:decode|PCPlus4D_reg[30]                                               ; 1                 ; 6       ;
;      - SoC_Top:u_soc|Pipeline_top:u_cpu|decode_cycle:decode|CSRReadDataD_reg[30]                                           ; 1                 ; 6       ;
;      - SoC_Top:u_soc|Pipeline_top:u_cpu|fetch_cycle:fetch|PCF_reg[31]                                                      ; 1                 ; 6       ;
;      - SoC_Top:u_soc|Pipeline_top:u_cpu|decode_cycle:decode|PCPlus4D_reg[31]                                               ; 1                 ; 6       ;
;      - SoC_Top:u_soc|apb_gpio:u_gpio|dir_reg[31]                                                                           ; 1                 ; 6       ;
;      - SoC_Top:u_soc|apb_timer:u_timer|load_reg[31]                                                                        ; 1                 ; 6       ;
;      - SoC_Top:u_soc|apb_pwm:u_pwm|ctrl_reg[31]                                                                            ; 1                 ; 6       ;
;      - SoC_Top:u_soc|apb_gpio:u_gpio|data_out_reg[31]                                                                      ; 1                 ; 6       ;
;      - SoC_Top:u_soc|apb_timer:u_timer|value_reg[31]                                                                       ; 1                 ; 6       ;
;      - SoC_Top:u_soc|Pipeline_top:u_cpu|decode_cycle:decode|CSRReadDataD_reg[31]                                           ; 1                 ; 6       ;
;      - SoC_Top:u_soc|apb_gpio:u_gpio|dir_reg[28]                                                                           ; 1                 ; 6       ;
;      - SoC_Top:u_soc|apb_timer:u_timer|load_reg[28]                                                                        ; 1                 ; 6       ;
;      - SoC_Top:u_soc|apb_pwm:u_pwm|ctrl_reg[28]                                                                            ; 1                 ; 6       ;
;      - SoC_Top:u_soc|apb_gpio:u_gpio|data_out_reg[28]                                                                      ; 1                 ; 6       ;
;      - SoC_Top:u_soc|apb_timer:u_timer|value_reg[28]                                                                       ; 1                 ; 6       ;
;      - SoC_Top:u_soc|Pipeline_top:u_cpu|execute_cycle:execute|WriteDataE_reg[28]                                           ; 1                 ; 6       ;
;      - SoC_Top:u_soc|Pipeline_top:u_cpu|decode_cycle:decode|PCPlus4D_reg[28]                                               ; 1                 ; 6       ;
;      - SoC_Top:u_soc|Pipeline_top:u_cpu|decode_cycle:decode|CSRReadDataD_reg[28]                                           ; 1                 ; 6       ;
;      - SoC_Top:u_soc|Pipeline_top:u_cpu|fetch_cycle:fetch|PCF_reg[28]                                                      ; 1                 ; 6       ;
;      - SoC_Top:u_soc|Pipeline_top:u_cpu|fetch_cycle:fetch|PCF_reg[29]                                                      ; 1                 ; 6       ;
;      - SoC_Top:u_soc|Pipeline_top:u_cpu|decode_cycle:decode|PCPlus4D_reg[29]                                               ; 1                 ; 6       ;
;      - SoC_Top:u_soc|apb_gpio:u_gpio|dir_reg[29]                                                                           ; 1                 ; 6       ;
;      - SoC_Top:u_soc|apb_timer:u_timer|load_reg[29]                                                                        ; 1                 ; 6       ;
;      - SoC_Top:u_soc|apb_pwm:u_pwm|ctrl_reg[29]                                                                            ; 1                 ; 6       ;
;      - SoC_Top:u_soc|apb_gpio:u_gpio|data_out_reg[29]                                                                      ; 1                 ; 6       ;
;      - SoC_Top:u_soc|apb_timer:u_timer|value_reg[29]                                                                       ; 1                 ; 6       ;
;      - SoC_Top:u_soc|Pipeline_top:u_cpu|execute_cycle:execute|WriteDataE_reg[29]                                           ; 1                 ; 6       ;
;      - SoC_Top:u_soc|Pipeline_top:u_cpu|decode_cycle:decode|CSRReadDataD_reg[29]                                           ; 1                 ; 6       ;
;      - SoC_Top:u_soc|Pipeline_top:u_cpu|decode_cycle:decode|PCPlus4D_reg[2]                                                ; 1                 ; 6       ;
;      - SoC_Top:u_soc|apb_i2c_master:u_i2c|rx_data_reg[2]                                                                   ; 1                 ; 6       ;
;      - SoC_Top:u_soc|apb_spi_master:u_spi|rx_data_reg[2]                                                                   ; 1                 ; 6       ;
;      - SoC_Top:u_soc|apb_spi_master:u_spi|tx_data_reg[2]                                                                   ; 1                 ; 6       ;
;      - SoC_Top:u_soc|apb_timer:u_timer|prescale_reg[2]                                                                     ; 1                 ; 6       ;
;      - SoC_Top:u_soc|apb_timer:u_timer|load_reg[2]                                                                         ; 1                 ; 6       ;
;      - SoC_Top:u_soc|apb_timer:u_timer|value_reg[2]                                                                        ; 1                 ; 6       ;
;      - SoC_Top:u_soc|apb_uart:u_uart|rx_data_latched[2]                                                                    ; 1                 ; 6       ;
;      - SoC_Top:u_soc|Pipeline_top:u_cpu|execute_cycle:execute|WriteDataE_reg[18]                                           ; 1                 ; 6       ;
;      - SoC_Top:u_soc|Pipeline_top:u_cpu|decode_cycle:decode|CSRReadDataD_reg[2]                                            ; 1                 ; 6       ;
;      - SoC_Top:u_soc|apb_i2c_master:u_i2c|rx_data_reg[3]                                                                   ; 1                 ; 6       ;
;      - SoC_Top:u_soc|apb_spi_master:u_spi|rx_data_reg[3]                                                                   ; 1                 ; 6       ;
;      - SoC_Top:u_soc|apb_spi_master:u_spi|tx_data_reg[3]                                                                   ; 1                 ; 6       ;
;      - SoC_Top:u_soc|apb_timer:u_timer|prescale_reg[3]                                                                     ; 1                 ; 6       ;
;      - SoC_Top:u_soc|apb_timer:u_timer|load_reg[3]                                                                         ; 1                 ; 6       ;
;      - SoC_Top:u_soc|apb_timer:u_timer|value_reg[3]                                                                        ; 1                 ; 6       ;
;      - SoC_Top:u_soc|apb_uart:u_uart|rx_data_latched[3]                                                                    ; 1                 ; 6       ;
;      - SoC_Top:u_soc|Pipeline_top:u_cpu|execute_cycle:execute|WriteDataE_reg[19]                                           ; 1                 ; 6       ;
;      - SoC_Top:u_soc|Pipeline_top:u_cpu|decode_cycle:decode|PCPlus4D_reg[3]                                                ; 1                 ; 6       ;
;      - SoC_Top:u_soc|Pipeline_top:u_cpu|decode_cycle:decode|CSRReadDataD_reg[3]                                            ; 1                 ; 6       ;
;      - SoC_Top:u_soc|Pipeline_top:u_cpu|fetch_cycle:fetch|PCF_reg[16]                                                      ; 1                 ; 6       ;
;      - SoC_Top:u_soc|apb_timer:u_timer|value_reg[16]                                                                       ; 1                 ; 6       ;
;      - SoC_Top:u_soc|apb_gpio:u_gpio|data_out_reg[16]                                                                      ; 1                 ; 6       ;
;      - SoC_Top:u_soc|apb_timer:u_timer|load_reg[16]                                                                        ; 1                 ; 6       ;
;      - SoC_Top:u_soc|apb_pwm:u_pwm|ctrl_reg[16]                                                                            ; 1                 ; 6       ;
;      - SoC_Top:u_soc|Pipeline_top:u_cpu|decode_cycle:decode|PCPlus4D_reg[16]                                               ; 1                 ; 6       ;
;      - SoC_Top:u_soc|Pipeline_top:u_cpu|decode_cycle:decode|CSRReadDataD_reg[16]                                           ; 1                 ; 6       ;
;      - SoC_Top:u_soc|Pipeline_top:u_cpu|fetch_cycle:fetch|PCF_reg[17]                                                      ; 1                 ; 6       ;
;      - SoC_Top:u_soc|Pipeline_top:u_cpu|decode_cycle:decode|PCPlus4D_reg[17]                                               ; 1                 ; 6       ;
;      - SoC_Top:u_soc|apb_timer:u_timer|value_reg[17]                                                                       ; 1                 ; 6       ;
;      - SoC_Top:u_soc|apb_gpio:u_gpio|data_out_reg[17]                                                                      ; 1                 ; 6       ;
;      - SoC_Top:u_soc|apb_timer:u_timer|load_reg[17]                                                                        ; 1                 ; 6       ;
;      - SoC_Top:u_soc|apb_pwm:u_pwm|ctrl_reg[17]                                                                            ; 1                 ; 6       ;
;      - SoC_Top:u_soc|Pipeline_top:u_cpu|decode_cycle:decode|CSRReadDataD_reg[17]                                           ; 1                 ; 6       ;
;      - SoC_Top:u_soc|apb_timer:u_timer|value_reg[18]                                                                       ; 1                 ; 6       ;
;      - SoC_Top:u_soc|apb_gpio:u_gpio|data_out_reg[18]                                                                      ; 1                 ; 6       ;
;      - SoC_Top:u_soc|apb_timer:u_timer|load_reg[18]                                                                        ; 1                 ; 6       ;
;      - SoC_Top:u_soc|apb_pwm:u_pwm|ctrl_reg[18]                                                                            ; 1                 ; 6       ;
;      - SoC_Top:u_soc|Pipeline_top:u_cpu|decode_cycle:decode|PCPlus4D_reg[18]                                               ; 1                 ; 6       ;
;      - SoC_Top:u_soc|Pipeline_top:u_cpu|decode_cycle:decode|CSRReadDataD_reg[18]                                           ; 1                 ; 6       ;
;      - SoC_Top:u_soc|Pipeline_top:u_cpu|fetch_cycle:fetch|PCF_reg[18]                                                      ; 1                 ; 6       ;
;      - SoC_Top:u_soc|Pipeline_top:u_cpu|decode_cycle:decode|PCPlus4D_reg[19]                                               ; 1                 ; 6       ;
;      - SoC_Top:u_soc|apb_timer:u_timer|value_reg[19]                                                                       ; 1                 ; 6       ;
;      - SoC_Top:u_soc|apb_gpio:u_gpio|data_out_reg[19]                                                                      ; 1                 ; 6       ;
;      - SoC_Top:u_soc|apb_timer:u_timer|load_reg[19]                                                                        ; 1                 ; 6       ;
;      - SoC_Top:u_soc|apb_pwm:u_pwm|ctrl_reg[19]                                                                            ; 1                 ; 6       ;
;      - SoC_Top:u_soc|Pipeline_top:u_cpu|decode_cycle:decode|CSRReadDataD_reg[19]                                           ; 1                 ; 6       ;
;      - SoC_Top:u_soc|Pipeline_top:u_cpu|fetch_cycle:fetch|PCF_reg[19]                                                      ; 1                 ; 6       ;
;      - SoC_Top:u_soc|apb_timer:u_timer|value_reg[20]                                                                       ; 1                 ; 6       ;
;      - SoC_Top:u_soc|apb_gpio:u_gpio|data_out_reg[20]                                                                      ; 1                 ; 6       ;
;      - SoC_Top:u_soc|apb_timer:u_timer|load_reg[20]                                                                        ; 1                 ; 6       ;
;      - SoC_Top:u_soc|apb_pwm:u_pwm|ctrl_reg[20]                                                                            ; 1                 ; 6       ;
;      - SoC_Top:u_soc|Pipeline_top:u_cpu|execute_cycle:execute|WriteDataE_reg[20]                                           ; 1                 ; 6       ;
;      - SoC_Top:u_soc|Pipeline_top:u_cpu|decode_cycle:decode|PCPlus4D_reg[20]                                               ; 1                 ; 6       ;
;      - SoC_Top:u_soc|Pipeline_top:u_cpu|decode_cycle:decode|CSRReadDataD_reg[20]                                           ; 1                 ; 6       ;
;      - SoC_Top:u_soc|Pipeline_top:u_cpu|fetch_cycle:fetch|PCF_reg[20]                                                      ; 1                 ; 6       ;
;      - SoC_Top:u_soc|Pipeline_top:u_cpu|fetch_cycle:fetch|PCF_reg[21]                                                      ; 1                 ; 6       ;
;      - SoC_Top:u_soc|Pipeline_top:u_cpu|decode_cycle:decode|PCPlus4D_reg[21]                                               ; 1                 ; 6       ;
;      - SoC_Top:u_soc|apb_gpio:u_gpio|dir_reg[21]                                                                           ; 1                 ; 6       ;
;      - SoC_Top:u_soc|apb_timer:u_timer|load_reg[21]                                                                        ; 1                 ; 6       ;
;      - SoC_Top:u_soc|apb_pwm:u_pwm|ctrl_reg[21]                                                                            ; 1                 ; 6       ;
;      - SoC_Top:u_soc|apb_gpio:u_gpio|data_out_reg[21]                                                                      ; 1                 ; 6       ;
;      - SoC_Top:u_soc|apb_timer:u_timer|value_reg[21]                                                                       ; 1                 ; 6       ;
;      - SoC_Top:u_soc|Pipeline_top:u_cpu|execute_cycle:execute|WriteDataE_reg[21]                                           ; 1                 ; 6       ;
;      - SoC_Top:u_soc|Pipeline_top:u_cpu|decode_cycle:decode|CSRReadDataD_reg[21]                                           ; 1                 ; 6       ;
;      - SoC_Top:u_soc|Pipeline_top:u_cpu|fetch_cycle:fetch|PCF_reg[22]                                                      ; 1                 ; 6       ;
;      - SoC_Top:u_soc|apb_gpio:u_gpio|dir_reg[22]                                                                           ; 1                 ; 6       ;
;      - SoC_Top:u_soc|apb_timer:u_timer|load_reg[22]                                                                        ; 1                 ; 6       ;
;      - SoC_Top:u_soc|apb_pwm:u_pwm|ctrl_reg[22]                                                                            ; 1                 ; 6       ;
;      - SoC_Top:u_soc|apb_gpio:u_gpio|data_out_reg[22]                                                                      ; 1                 ; 6       ;
;      - SoC_Top:u_soc|apb_timer:u_timer|value_reg[22]                                                                       ; 1                 ; 6       ;
;      - SoC_Top:u_soc|Pipeline_top:u_cpu|execute_cycle:execute|WriteDataE_reg[22]                                           ; 1                 ; 6       ;
;      - SoC_Top:u_soc|Pipeline_top:u_cpu|decode_cycle:decode|PCPlus4D_reg[22]                                               ; 1                 ; 6       ;
;      - SoC_Top:u_soc|Pipeline_top:u_cpu|decode_cycle:decode|CSRReadDataD_reg[22]                                           ; 1                 ; 6       ;
;      - SoC_Top:u_soc|Pipeline_top:u_cpu|fetch_cycle:fetch|PCF_reg[23]                                                      ; 1                 ; 6       ;
;      - SoC_Top:u_soc|Pipeline_top:u_cpu|decode_cycle:decode|PCPlus4D_reg[23]                                               ; 1                 ; 6       ;
;      - SoC_Top:u_soc|apb_gpio:u_gpio|dir_reg[23]                                                                           ; 1                 ; 6       ;
;      - SoC_Top:u_soc|apb_timer:u_timer|load_reg[23]                                                                        ; 1                 ; 6       ;
;      - SoC_Top:u_soc|apb_pwm:u_pwm|ctrl_reg[23]                                                                            ; 1                 ; 6       ;
;      - SoC_Top:u_soc|apb_gpio:u_gpio|data_out_reg[23]                                                                      ; 1                 ; 6       ;
;      - SoC_Top:u_soc|apb_timer:u_timer|value_reg[23]                                                                       ; 1                 ; 6       ;
;      - SoC_Top:u_soc|Pipeline_top:u_cpu|decode_cycle:decode|CSRReadDataD_reg[23]                                           ; 1                 ; 6       ;
;      - SoC_Top:u_soc|apb_i2c_master:u_i2c|rx_data_reg[4]                                                                   ; 1                 ; 6       ;
;      - SoC_Top:u_soc|apb_uart:u_uart|rx_data_latched[4]                                                                    ; 1                 ; 6       ;
;      - SoC_Top:u_soc|apb_spi_master:u_spi|tx_data_reg[4]                                                                   ; 1                 ; 6       ;
;      - SoC_Top:u_soc|apb_timer:u_timer|value_reg[4]                                                                        ; 1                 ; 6       ;
;      - SoC_Top:u_soc|apb_timer:u_timer|load_reg[4]                                                                         ; 1                 ; 6       ;
;      - SoC_Top:u_soc|apb_timer:u_timer|prescale_reg[4]                                                                     ; 1                 ; 6       ;
;      - SoC_Top:u_soc|apb_spi_master:u_spi|rx_data_reg[4]                                                                   ; 1                 ; 6       ;
;      - SoC_Top:u_soc|Pipeline_top:u_cpu|decode_cycle:decode|PCPlus4D_reg[4]                                                ; 1                 ; 6       ;
;      - SoC_Top:u_soc|Pipeline_top:u_cpu|decode_cycle:decode|CSRReadDataD_reg[4]                                            ; 1                 ; 6       ;
;      - SoC_Top:u_soc|Pipeline_top:u_cpu|fetch_cycle:fetch|PCF_reg[0]                                                       ; 1                 ; 6       ;
;      - SoC_Top:u_soc|Pipeline_top:u_cpu|fetch_cycle:fetch|PCF_reg[1]                                                       ; 1                 ; 6       ;
;      - SoC_Top:u_soc|Pipeline_top:u_cpu|fetch_cycle:fetch|PCF_reg[2]                                                       ; 1                 ; 6       ;
;      - SoC_Top:u_soc|Pipeline_top:u_cpu|fetch_cycle:fetch|PCF_reg[3]                                                       ; 1                 ; 6       ;
;      - SoC_Top:u_soc|Pipeline_top:u_cpu|fetch_cycle:fetch|PCF_reg[4]                                                       ; 1                 ; 6       ;
;      - SoC_Top:u_soc|Pipeline_top:u_cpu|decode_cycle:decode|PCPlus4D_reg[5]                                                ; 1                 ; 6       ;
;      - SoC_Top:u_soc|apb_i2c_master:u_i2c|rx_data_reg[5]                                                                   ; 1                 ; 6       ;
;      - SoC_Top:u_soc|apb_uart:u_uart|rx_data_latched[5]                                                                    ; 1                 ; 6       ;
;      - SoC_Top:u_soc|apb_spi_master:u_spi|tx_data_reg[5]                                                                   ; 1                 ; 6       ;
;      - SoC_Top:u_soc|apb_pwm:u_pwm|ctrl_reg[5]                                                                             ; 1                 ; 6       ;
;      - SoC_Top:u_soc|apb_timer:u_timer|value_reg[5]                                                                        ; 1                 ; 6       ;
;      - SoC_Top:u_soc|apb_timer:u_timer|load_reg[5]                                                                         ; 1                 ; 6       ;
;      - SoC_Top:u_soc|apb_timer:u_timer|prescale_reg[5]                                                                     ; 1                 ; 6       ;
;      - SoC_Top:u_soc|apb_spi_master:u_spi|rx_data_reg[5]                                                                   ; 1                 ; 6       ;
;      - SoC_Top:u_soc|Pipeline_top:u_cpu|decode_cycle:decode|CSRReadDataD_reg[5]                                            ; 1                 ; 6       ;
;      - SoC_Top:u_soc|Pipeline_top:u_cpu|fetch_cycle:fetch|PCF_reg[5]                                                       ; 1                 ; 6       ;
;      - SoC_Top:u_soc|apb_i2c_master:u_i2c|rx_data_reg[6]                                                                   ; 1                 ; 6       ;
;      - SoC_Top:u_soc|apb_uart:u_uart|rx_data_latched[6]                                                                    ; 1                 ; 6       ;
;      - SoC_Top:u_soc|apb_pwm:u_pwm|ctrl_reg[6]                                                                             ; 1                 ; 6       ;
;      - SoC_Top:u_soc|apb_timer:u_timer|value_reg[6]                                                                        ; 1                 ; 6       ;
;      - SoC_Top:u_soc|apb_timer:u_timer|load_reg[6]                                                                         ; 1                 ; 6       ;
;      - SoC_Top:u_soc|apb_timer:u_timer|prescale_reg[6]                                                                     ; 1                 ; 6       ;
;      - SoC_Top:u_soc|apb_spi_master:u_spi|rx_data_reg[6]                                                                   ; 1                 ; 6       ;
;      - SoC_Top:u_soc|Pipeline_top:u_cpu|decode_cycle:decode|PCPlus4D_reg[6]                                                ; 1                 ; 6       ;
;      - SoC_Top:u_soc|Pipeline_top:u_cpu|decode_cycle:decode|CSRReadDataD_reg[6]                                            ; 1                 ; 6       ;
;      - SoC_Top:u_soc|Pipeline_top:u_cpu|fetch_cycle:fetch|PCF_reg[6]                                                       ; 1                 ; 6       ;
;      - SoC_Top:u_soc|Pipeline_top:u_cpu|decode_cycle:decode|PCPlus4D_reg[7]                                                ; 1                 ; 6       ;
;      - SoC_Top:u_soc|apb_i2c_master:u_i2c|rx_data_reg[7]                                                                   ; 1                 ; 6       ;
;      - SoC_Top:u_soc|apb_uart:u_uart|rx_data_latched[7]                                                                    ; 1                 ; 6       ;
;      - SoC_Top:u_soc|apb_pwm:u_pwm|ctrl_reg[7]                                                                             ; 1                 ; 6       ;
;      - SoC_Top:u_soc|apb_timer:u_timer|value_reg[7]                                                                        ; 1                 ; 6       ;
;      - SoC_Top:u_soc|apb_timer:u_timer|load_reg[7]                                                                         ; 1                 ; 6       ;
;      - SoC_Top:u_soc|apb_timer:u_timer|prescale_reg[7]                                                                     ; 1                 ; 6       ;
;      - SoC_Top:u_soc|apb_spi_master:u_spi|rx_data_reg[7]                                                                   ; 1                 ; 6       ;
;      - SoC_Top:u_soc|Pipeline_top:u_cpu|decode_cycle:decode|CSRReadDataD_reg[7]                                            ; 1                 ; 6       ;
;      - SoC_Top:u_soc|Pipeline_top:u_cpu|fetch_cycle:fetch|PCF_reg[7]                                                       ; 1                 ; 6       ;
;      - SoC_Top:u_soc|apb_timer:u_timer|value_reg[8]                                                                        ; 1                 ; 6       ;
;      - SoC_Top:u_soc|apb_timer:u_timer|prescale_reg[8]                                                                     ; 1                 ; 6       ;
;      - SoC_Top:u_soc|apb_timer:u_timer|load_reg[8]                                                                         ; 1                 ; 6       ;
;      - SoC_Top:u_soc|apb_pwm:u_pwm|ctrl_reg[8]                                                                             ; 1                 ; 6       ;
;      - SoC_Top:u_soc|Pipeline_top:u_cpu|decode_cycle:decode|PCPlus4D_reg[8]                                                ; 1                 ; 6       ;
;      - SoC_Top:u_soc|Pipeline_top:u_cpu|decode_cycle:decode|CSRReadDataD_reg[8]                                            ; 1                 ; 6       ;
;      - SoC_Top:u_soc|Pipeline_top:u_cpu|fetch_cycle:fetch|PCF_reg[8]                                                       ; 1                 ; 6       ;
;      - SoC_Top:u_soc|Pipeline_top:u_cpu|decode_cycle:decode|PCPlus4D_reg[9]                                                ; 1                 ; 6       ;
;      - SoC_Top:u_soc|apb_timer:u_timer|prescale_reg[9]                                                                     ; 1                 ; 6       ;
;      - SoC_Top:u_soc|apb_timer:u_timer|value_reg[9]                                                                        ; 1                 ; 6       ;
;      - SoC_Top:u_soc|apb_timer:u_timer|load_reg[9]                                                                         ; 1                 ; 6       ;
;      - SoC_Top:u_soc|apb_pwm:u_pwm|ctrl_reg[9]                                                                             ; 1                 ; 6       ;
;      - SoC_Top:u_soc|Pipeline_top:u_cpu|decode_cycle:decode|CSRReadDataD_reg[9]                                            ; 1                 ; 6       ;
;      - SoC_Top:u_soc|Pipeline_top:u_cpu|fetch_cycle:fetch|PCF_reg[9]                                                       ; 1                 ; 6       ;
;      - SoC_Top:u_soc|Pipeline_top:u_cpu|fetch_cycle:fetch|PCF_reg[10]                                                      ; 1                 ; 6       ;
;      - SoC_Top:u_soc|apb_timer:u_timer|value_reg[10]                                                                       ; 1                 ; 6       ;
;      - SoC_Top:u_soc|apb_timer:u_timer|prescale_reg[10]                                                                    ; 1                 ; 6       ;
;      - SoC_Top:u_soc|apb_timer:u_timer|load_reg[10]                                                                        ; 1                 ; 6       ;
;      - SoC_Top:u_soc|apb_pwm:u_pwm|ctrl_reg[10]                                                                            ; 1                 ; 6       ;
;      - SoC_Top:u_soc|Pipeline_top:u_cpu|decode_cycle:decode|PCPlus4D_reg[10]                                               ; 1                 ; 6       ;
;      - SoC_Top:u_soc|Pipeline_top:u_cpu|decode_cycle:decode|CSRReadDataD_reg[10]                                           ; 1                 ; 6       ;
;      - SoC_Top:u_soc|Pipeline_top:u_cpu|decode_cycle:decode|PCPlus4D_reg[11]                                               ; 1                 ; 6       ;
;      - SoC_Top:u_soc|apb_timer:u_timer|prescale_reg[11]                                                                    ; 1                 ; 6       ;
;      - SoC_Top:u_soc|apb_timer:u_timer|value_reg[11]                                                                       ; 1                 ; 6       ;
;      - SoC_Top:u_soc|apb_timer:u_timer|load_reg[11]                                                                        ; 1                 ; 6       ;
;      - SoC_Top:u_soc|apb_pwm:u_pwm|ctrl_reg[11]                                                                            ; 1                 ; 6       ;
;      - SoC_Top:u_soc|Pipeline_top:u_cpu|decode_cycle:decode|CSRReadDataD_reg[11]                                           ; 1                 ; 6       ;
;      - SoC_Top:u_soc|Pipeline_top:u_cpu|fetch_cycle:fetch|PCF_reg[11]                                                      ; 1                 ; 6       ;
;      - SoC_Top:u_soc|Pipeline_top:u_cpu|fetch_cycle:fetch|PCF_reg[12]                                                      ; 1                 ; 6       ;
;      - SoC_Top:u_soc|apb_timer:u_timer|value_reg[12]                                                                       ; 1                 ; 6       ;
;      - SoC_Top:u_soc|apb_timer:u_timer|prescale_reg[12]                                                                    ; 1                 ; 6       ;
;      - SoC_Top:u_soc|apb_timer:u_timer|load_reg[12]                                                                        ; 1                 ; 6       ;
;      - SoC_Top:u_soc|apb_pwm:u_pwm|ctrl_reg[12]                                                                            ; 1                 ; 6       ;
;      - SoC_Top:u_soc|Pipeline_top:u_cpu|decode_cycle:decode|PCPlus4D_reg[12]                                               ; 1                 ; 6       ;
;      - SoC_Top:u_soc|Pipeline_top:u_cpu|decode_cycle:decode|CSRReadDataD_reg[12]                                           ; 1                 ; 6       ;
;      - SoC_Top:u_soc|Pipeline_top:u_cpu|decode_cycle:decode|PCPlus4D_reg[13]                                               ; 1                 ; 6       ;
;      - SoC_Top:u_soc|apb_timer:u_timer|prescale_reg[13]                                                                    ; 1                 ; 6       ;
;      - SoC_Top:u_soc|apb_timer:u_timer|value_reg[13]                                                                       ; 1                 ; 6       ;
;      - SoC_Top:u_soc|apb_timer:u_timer|load_reg[13]                                                                        ; 1                 ; 6       ;
;      - SoC_Top:u_soc|apb_pwm:u_pwm|ctrl_reg[13]                                                                            ; 1                 ; 6       ;
;      - SoC_Top:u_soc|Pipeline_top:u_cpu|decode_cycle:decode|CSRReadDataD_reg[13]                                           ; 1                 ; 6       ;
;      - SoC_Top:u_soc|Pipeline_top:u_cpu|fetch_cycle:fetch|PCF_reg[13]                                                      ; 1                 ; 6       ;
;      - SoC_Top:u_soc|Pipeline_top:u_cpu|fetch_cycle:fetch|PCF_reg[14]                                                      ; 1                 ; 6       ;
;      - SoC_Top:u_soc|apb_timer:u_timer|value_reg[14]                                                                       ; 1                 ; 6       ;
;      - SoC_Top:u_soc|apb_timer:u_timer|prescale_reg[14]                                                                    ; 1                 ; 6       ;
;      - SoC_Top:u_soc|apb_timer:u_timer|load_reg[14]                                                                        ; 1                 ; 6       ;
;      - SoC_Top:u_soc|apb_pwm:u_pwm|ctrl_reg[14]                                                                            ; 1                 ; 6       ;
;      - SoC_Top:u_soc|Pipeline_top:u_cpu|decode_cycle:decode|PCPlus4D_reg[14]                                               ; 1                 ; 6       ;
;      - SoC_Top:u_soc|Pipeline_top:u_cpu|decode_cycle:decode|CSRReadDataD_reg[14]                                           ; 1                 ; 6       ;
;      - SoC_Top:u_soc|Pipeline_top:u_cpu|decode_cycle:decode|PCPlus4D_reg[15]                                               ; 1                 ; 6       ;
;      - SoC_Top:u_soc|apb_timer:u_timer|prescale_reg[15]                                                                    ; 1                 ; 6       ;
;      - SoC_Top:u_soc|apb_timer:u_timer|value_reg[15]                                                                       ; 1                 ; 6       ;
;      - SoC_Top:u_soc|apb_timer:u_timer|load_reg[15]                                                                        ; 1                 ; 6       ;
;      - SoC_Top:u_soc|apb_pwm:u_pwm|ctrl_reg[15]                                                                            ; 1                 ; 6       ;
;      - SoC_Top:u_soc|Pipeline_top:u_cpu|decode_cycle:decode|CSRReadDataD_reg[15]                                           ; 1                 ; 6       ;
;      - SoC_Top:u_soc|Pipeline_top:u_cpu|fetch_cycle:fetch|PCF_reg[15]                                                      ; 1                 ; 6       ;
;      - SoC_Top:u_soc|apb_spi_master:u_spi|shift_reg[4]                                                                     ; 1                 ; 6       ;
;      - SoC_Top:u_soc|Pipeline_top:u_cpu|decode_cycle:decode|CSR_Unit:u_csr|mtvec[2]                                        ; 1                 ; 6       ;
;      - SoC_Top:u_soc|Pipeline_top:u_cpu|decode_cycle:decode|CSR_Unit:u_csr|mtvec[4]                                        ; 1                 ; 6       ;
;      - SoC_Top:u_soc|Pipeline_top:u_cpu|decode_cycle:decode|CSR_Unit:u_csr|mtvec[5]                                        ; 1                 ; 6       ;
;      - SoC_Top:u_soc|Pipeline_top:u_cpu|decode_cycle:decode|CSR_Unit:u_csr|mtvec[6]                                        ; 1                 ; 6       ;
;      - SoC_Top:u_soc|Pipeline_top:u_cpu|decode_cycle:decode|CSR_Unit:u_csr|mtvec[8]                                        ; 1                 ; 6       ;
;      - SoC_Top:u_soc|Pipeline_top:u_cpu|decode_cycle:decode|CSR_Unit:u_csr|mtvec[9]                                        ; 1                 ; 6       ;
;      - SoC_Top:u_soc|Pipeline_top:u_cpu|decode_cycle:decode|CSR_Unit:u_csr|mtvec[10]                                       ; 1                 ; 6       ;
;      - SoC_Top:u_soc|apb_spi_master:u_spi|shift_reg[0]                                                                     ; 1                 ; 6       ;
;      - SoC_Top:u_soc|apb_uart:u_uart|UART_TOP:u_uart|UART_RX:u_rx|rx_data[0]                                               ; 1                 ; 6       ;
;      - SoC_Top:u_soc|Pipeline_top:u_cpu|decode_cycle:decode|CSR_Unit:u_csr|mtvec[0]                                        ; 1                 ; 6       ;
;      - SoC_Top:u_soc|Pipeline_top:u_cpu|decode_cycle:decode|CSR_Unit:u_csr|mepc[0]                                         ; 1                 ; 6       ;
;      - SoC_Top:u_soc|Pipeline_top:u_cpu|decode_cycle:decode|CSR_Unit:u_csr|mcause[0]                                       ; 1                 ; 6       ;
;      - SoC_Top:u_soc|Pipeline_top:u_cpu|fetch_cycle:fetch|PCD[7]~2                                                         ; 1                 ; 6       ;
;      - SoC_Top:u_soc|apb_uart:u_uart|UART_TOP:u_uart|UART_RX:u_rx|state.S_DATA                                             ; 1                 ; 6       ;
;      - SoC_Top:u_soc|apb_uart:u_uart|UART_TOP:u_uart|UART_RX:u_rx|bit_idx[2]                                               ; 1                 ; 6       ;
;      - SoC_Top:u_soc|apb_uart:u_uart|UART_TOP:u_uart|UART_RX:u_rx|bit_idx[1]                                               ; 1                 ; 6       ;
;      - SoC_Top:u_soc|apb_uart:u_uart|UART_TOP:u_uart|UART_RX:u_rx|bit_idx[0]                                               ; 1                 ; 6       ;
;      - SoC_Top:u_soc|apb_uart:u_uart|UART_TOP:u_uart|UART_RX:u_rx|state.S_START                                            ; 1                 ; 6       ;
;      - SoC_Top:u_soc|apb_uart:u_uart|UART_TOP:u_uart|UART_RX:u_rx|rx_ff2                                                   ; 1                 ; 6       ;
;      - SoC_Top:u_soc|apb_uart:u_uart|UART_TOP:u_uart|UART_RX:u_rx|state.S_IDLE                                             ; 1                 ; 6       ;
;      - SoC_Top:u_soc|Pipeline_top:u_cpu|fetch_cycle:fetch|PC_Module:Program_Counter|PC[26]                                 ; 1                 ; 6       ;
;      - SoC_Top:u_soc|Pipeline_top:u_cpu|fetch_cycle:fetch|PC_Module:Program_Counter|PC[25]                                 ; 1                 ; 6       ;
;      - SoC_Top:u_soc|Pipeline_top:u_cpu|fetch_cycle:fetch|PC_Module:Program_Counter|PC[24]                                 ; 1                 ; 6       ;
;      - SoC_Top:u_soc|Pipeline_top:u_cpu|fetch_cycle:fetch|PC_Module:Program_Counter|PC[23]                                 ; 1                 ; 6       ;
;      - SoC_Top:u_soc|Pipeline_top:u_cpu|fetch_cycle:fetch|PC_Module:Program_Counter|PC[22]                                 ; 1                 ; 6       ;
;      - SoC_Top:u_soc|Pipeline_top:u_cpu|fetch_cycle:fetch|PC_Module:Program_Counter|PC[21]                                 ; 1                 ; 6       ;
;      - SoC_Top:u_soc|Pipeline_top:u_cpu|fetch_cycle:fetch|PC_Module:Program_Counter|PC[20]                                 ; 1                 ; 6       ;
;      - SoC_Top:u_soc|Pipeline_top:u_cpu|fetch_cycle:fetch|PC_Module:Program_Counter|PC[19]                                 ; 1                 ; 6       ;
;      - SoC_Top:u_soc|Pipeline_top:u_cpu|fetch_cycle:fetch|PC_Module:Program_Counter|PC[18]                                 ; 1                 ; 6       ;
;      - SoC_Top:u_soc|Pipeline_top:u_cpu|fetch_cycle:fetch|PC_Module:Program_Counter|PC[17]                                 ; 1                 ; 6       ;
;      - SoC_Top:u_soc|Pipeline_top:u_cpu|fetch_cycle:fetch|PC_Module:Program_Counter|PC[16]                                 ; 1                 ; 6       ;
;      - SoC_Top:u_soc|Pipeline_top:u_cpu|fetch_cycle:fetch|PC_Module:Program_Counter|PC[15]                                 ; 1                 ; 6       ;
;      - SoC_Top:u_soc|Pipeline_top:u_cpu|fetch_cycle:fetch|PC_Module:Program_Counter|PC[14]                                 ; 1                 ; 6       ;
;      - SoC_Top:u_soc|Pipeline_top:u_cpu|fetch_cycle:fetch|PC_Module:Program_Counter|PC[13]                                 ; 1                 ; 6       ;
;      - SoC_Top:u_soc|Pipeline_top:u_cpu|fetch_cycle:fetch|PC_Module:Program_Counter|PC[12]                                 ; 1                 ; 6       ;
;      - SoC_Top:u_soc|Pipeline_top:u_cpu|decode_cycle:decode|CSR_Unit:u_csr|mtvec[26]                                       ; 1                 ; 6       ;
;      - SoC_Top:u_soc|Pipeline_top:u_cpu|fetch_cycle:fetch|PCPlus4F_reg2[26]                                                ; 1                 ; 6       ;
;      - SoC_Top:u_soc|Pipeline_top:u_cpu|decode_cycle:decode|PCPlus4D_reg~0                                                 ; 1                 ; 6       ;
;      - SoC_Top:u_soc|Pipeline_top:u_cpu|decode_cycle:decode|CSR_Unit:u_csr|mcause[26]                                      ; 1                 ; 6       ;
;      - SoC_Top:u_soc|Pipeline_top:u_cpu|fetch_cycle:fetch|PC_Module:Program_Counter|PC[27]                                 ; 1                 ; 6       ;
;      - SoC_Top:u_soc|Pipeline_top:u_cpu|decode_cycle:decode|CSR_Unit:u_csr|mtvec[27]                                       ; 1                 ; 6       ;
;      - SoC_Top:u_soc|Pipeline_top:u_cpu|fetch_cycle:fetch|PCPlus4F_reg2[27]                                                ; 1                 ; 6       ;
;      - SoC_Top:u_soc|Pipeline_top:u_cpu|decode_cycle:decode|PCPlus4D_reg~1                                                 ; 1                 ; 6       ;
;      - SoC_Top:u_soc|Pipeline_top:u_cpu|decode_cycle:decode|CSR_Unit:u_csr|mcause[27]                                      ; 1                 ; 6       ;
;      - SoC_Top:u_soc|apb_spi_master:u_spi|shift_reg[1]                                                                     ; 1                 ; 6       ;
;      - SoC_Top:u_soc|apb_uart:u_uart|UART_TOP:u_uart|UART_RX:u_rx|rx_data[1]                                               ; 1                 ; 6       ;
;      - SoC_Top:u_soc|Pipeline_top:u_cpu|decode_cycle:decode|CSR_Unit:u_csr|mtvec[1]                                        ; 1                 ; 6       ;
;      - SoC_Top:u_soc|Pipeline_top:u_cpu|decode_cycle:decode|CSR_Unit:u_csr|mcause[1]                                       ; 1                 ; 6       ;
;      - SoC_Top:u_soc|Pipeline_top:u_cpu|decode_cycle:decode|CSR_Unit:u_csr|mtvec[24]                                       ; 1                 ; 6       ;
;      - SoC_Top:u_soc|Pipeline_top:u_cpu|fetch_cycle:fetch|PCPlus4F_reg2[24]                                                ; 1                 ; 6       ;
;      - SoC_Top:u_soc|Pipeline_top:u_cpu|decode_cycle:decode|PCPlus4D_reg~2                                                 ; 1                 ; 6       ;
;      - SoC_Top:u_soc|Pipeline_top:u_cpu|decode_cycle:decode|CSR_Unit:u_csr|mcause[24]                                      ; 1                 ; 6       ;
;      - SoC_Top:u_soc|Pipeline_top:u_cpu|decode_cycle:decode|CSR_Unit:u_csr|mtvec[25]                                       ; 1                 ; 6       ;
;      - SoC_Top:u_soc|Pipeline_top:u_cpu|fetch_cycle:fetch|PCPlus4F_reg2[25]                                                ; 1                 ; 6       ;
;      - SoC_Top:u_soc|Pipeline_top:u_cpu|decode_cycle:decode|PCPlus4D_reg~3                                                 ; 1                 ; 6       ;
;      - SoC_Top:u_soc|Pipeline_top:u_cpu|decode_cycle:decode|CSR_Unit:u_csr|mcause[25]                                      ; 1                 ; 6       ;
;      - SoC_Top:u_soc|Pipeline_top:u_cpu|fetch_cycle:fetch|PC_Module:Program_Counter|PC[30]                                 ; 1                 ; 6       ;
;      - SoC_Top:u_soc|Pipeline_top:u_cpu|fetch_cycle:fetch|PC_Module:Program_Counter|PC[29]                                 ; 1                 ; 6       ;
;      - SoC_Top:u_soc|Pipeline_top:u_cpu|fetch_cycle:fetch|PC_Module:Program_Counter|PC[28]                                 ; 1                 ; 6       ;
;      - SoC_Top:u_soc|Pipeline_top:u_cpu|decode_cycle:decode|CSR_Unit:u_csr|mtvec[30]                                       ; 1                 ; 6       ;
;      - SoC_Top:u_soc|Pipeline_top:u_cpu|fetch_cycle:fetch|PCPlus4F_reg2[30]                                                ; 1                 ; 6       ;
;      - SoC_Top:u_soc|Pipeline_top:u_cpu|decode_cycle:decode|PCPlus4D_reg~4                                                 ; 1                 ; 6       ;
;      - SoC_Top:u_soc|Pipeline_top:u_cpu|decode_cycle:decode|CSR_Unit:u_csr|mcause[30]                                      ; 1                 ; 6       ;
;      - SoC_Top:u_soc|Pipeline_top:u_cpu|fetch_cycle:fetch|PC_Module:Program_Counter|PC[31]                                 ; 1                 ; 6       ;
;      - SoC_Top:u_soc|Pipeline_top:u_cpu|decode_cycle:decode|CSR_Unit:u_csr|mtvec[31]                                       ; 1                 ; 6       ;
;      - SoC_Top:u_soc|Pipeline_top:u_cpu|fetch_cycle:fetch|PCPlus4F_reg2[31]                                                ; 1                 ; 6       ;
;      - SoC_Top:u_soc|Pipeline_top:u_cpu|decode_cycle:decode|PCPlus4D_reg~5                                                 ; 1                 ; 6       ;
;      - SoC_Top:u_soc|Pipeline_top:u_cpu|decode_cycle:decode|CSR_Unit:u_csr|mcause[31]                                      ; 1                 ; 6       ;
;      - SoC_Top:u_soc|Pipeline_top:u_cpu|fetch_cycle:fetch|PCPlus4F_reg2[28]                                                ; 1                 ; 6       ;
;      - SoC_Top:u_soc|Pipeline_top:u_cpu|decode_cycle:decode|PCPlus4D_reg~6                                                 ; 1                 ; 6       ;
;      - SoC_Top:u_soc|Pipeline_top:u_cpu|decode_cycle:decode|CSR_Unit:u_csr|mtvec[28]                                       ; 1                 ; 6       ;
;      - SoC_Top:u_soc|Pipeline_top:u_cpu|decode_cycle:decode|CSR_Unit:u_csr|mcause[28]                                      ; 1                 ; 6       ;
;      - SoC_Top:u_soc|Pipeline_top:u_cpu|decode_cycle:decode|CSR_Unit:u_csr|mtvec[29]                                       ; 1                 ; 6       ;
;      - SoC_Top:u_soc|Pipeline_top:u_cpu|fetch_cycle:fetch|PCPlus4F_reg2[29]                                                ; 1                 ; 6       ;
;      - SoC_Top:u_soc|Pipeline_top:u_cpu|decode_cycle:decode|PCPlus4D_reg~7                                                 ; 1                 ; 6       ;
;      - SoC_Top:u_soc|Pipeline_top:u_cpu|decode_cycle:decode|CSR_Unit:u_csr|mcause[29]                                      ; 1                 ; 6       ;
;      - SoC_Top:u_soc|Pipeline_top:u_cpu|fetch_cycle:fetch|PCPlus4F_reg2[2]                                                 ; 1                 ; 6       ;
;      - SoC_Top:u_soc|Pipeline_top:u_cpu|decode_cycle:decode|PCPlus4D_reg~8                                                 ; 1                 ; 6       ;
;      - SoC_Top:u_soc|apb_spi_master:u_spi|shift_reg[2]                                                                     ; 1                 ; 6       ;
;      - SoC_Top:u_soc|apb_uart:u_uart|UART_TOP:u_uart|UART_RX:u_rx|rx_data[2]                                               ; 1                 ; 6       ;
;      - SoC_Top:u_soc|Pipeline_top:u_cpu|decode_cycle:decode|CSR_Unit:u_csr|mcause[2]                                       ; 1                 ; 6       ;
;      - SoC_Top:u_soc|apb_spi_master:u_spi|shift_reg[3]                                                                     ; 1                 ; 6       ;
;      - SoC_Top:u_soc|apb_uart:u_uart|UART_TOP:u_uart|UART_RX:u_rx|rx_data[3]                                               ; 1                 ; 6       ;
;      - SoC_Top:u_soc|Pipeline_top:u_cpu|fetch_cycle:fetch|PCPlus4F_reg2[3]                                                 ; 1                 ; 6       ;
;      - SoC_Top:u_soc|Pipeline_top:u_cpu|decode_cycle:decode|PCPlus4D_reg~9                                                 ; 1                 ; 6       ;
;      - SoC_Top:u_soc|Pipeline_top:u_cpu|decode_cycle:decode|CSR_Unit:u_csr|mtvec[16]                                       ; 1                 ; 6       ;
;      - SoC_Top:u_soc|Pipeline_top:u_cpu|fetch_cycle:fetch|PCPlus4F_reg2[16]                                                ; 1                 ; 6       ;
;      - SoC_Top:u_soc|Pipeline_top:u_cpu|decode_cycle:decode|PCPlus4D_reg~10                                                ; 1                 ; 6       ;
;      - SoC_Top:u_soc|Pipeline_top:u_cpu|decode_cycle:decode|CSR_Unit:u_csr|mcause[16]                                      ; 1                 ; 6       ;
;      - SoC_Top:u_soc|Pipeline_top:u_cpu|decode_cycle:decode|CSR_Unit:u_csr|mtvec[17]                                       ; 1                 ; 6       ;
;      - SoC_Top:u_soc|Pipeline_top:u_cpu|fetch_cycle:fetch|PCPlus4F_reg2[17]                                                ; 1                 ; 6       ;
;      - SoC_Top:u_soc|Pipeline_top:u_cpu|decode_cycle:decode|PCPlus4D_reg~11                                                ; 1                 ; 6       ;
;      - SoC_Top:u_soc|Pipeline_top:u_cpu|decode_cycle:decode|CSR_Unit:u_csr|mcause[17]                                      ; 1                 ; 6       ;
;      - SoC_Top:u_soc|Pipeline_top:u_cpu|fetch_cycle:fetch|PCPlus4F_reg2[18]                                                ; 1                 ; 6       ;
;      - SoC_Top:u_soc|Pipeline_top:u_cpu|decode_cycle:decode|PCPlus4D_reg~12                                                ; 1                 ; 6       ;
;      - SoC_Top:u_soc|Pipeline_top:u_cpu|decode_cycle:decode|CSR_Unit:u_csr|mtvec[18]                                       ; 1                 ; 6       ;
;      - SoC_Top:u_soc|Pipeline_top:u_cpu|decode_cycle:decode|CSR_Unit:u_csr|mcause[18]                                      ; 1                 ; 6       ;
;      - SoC_Top:u_soc|Pipeline_top:u_cpu|fetch_cycle:fetch|PCPlus4F_reg2[19]                                                ; 1                 ; 6       ;
;      - SoC_Top:u_soc|Pipeline_top:u_cpu|decode_cycle:decode|PCPlus4D_reg~13                                                ; 1                 ; 6       ;
;      - SoC_Top:u_soc|Pipeline_top:u_cpu|decode_cycle:decode|CSR_Unit:u_csr|mtvec[19]                                       ; 1                 ; 6       ;
;      - SoC_Top:u_soc|Pipeline_top:u_cpu|decode_cycle:decode|CSR_Unit:u_csr|mcause[19]                                      ; 1                 ; 6       ;
;      - SoC_Top:u_soc|Pipeline_top:u_cpu|fetch_cycle:fetch|PCPlus4F_reg2[20]                                                ; 1                 ; 6       ;
;      - SoC_Top:u_soc|Pipeline_top:u_cpu|decode_cycle:decode|PCPlus4D_reg~14                                                ; 1                 ; 6       ;
;      - SoC_Top:u_soc|Pipeline_top:u_cpu|decode_cycle:decode|CSR_Unit:u_csr|mtvec[20]                                       ; 1                 ; 6       ;
;      - SoC_Top:u_soc|Pipeline_top:u_cpu|decode_cycle:decode|CSR_Unit:u_csr|mcause[20]                                      ; 1                 ; 6       ;
;      - SoC_Top:u_soc|Pipeline_top:u_cpu|decode_cycle:decode|CSR_Unit:u_csr|mtvec[21]                                       ; 1                 ; 6       ;
;      - SoC_Top:u_soc|Pipeline_top:u_cpu|fetch_cycle:fetch|PCPlus4F_reg2[21]                                                ; 1                 ; 6       ;
;      - SoC_Top:u_soc|Pipeline_top:u_cpu|decode_cycle:decode|PCPlus4D_reg~15                                                ; 1                 ; 6       ;
;      - SoC_Top:u_soc|Pipeline_top:u_cpu|decode_cycle:decode|CSR_Unit:u_csr|mcause[21]                                      ; 1                 ; 6       ;
;      - SoC_Top:u_soc|Pipeline_top:u_cpu|decode_cycle:decode|CSR_Unit:u_csr|mtvec[22]                                       ; 1                 ; 6       ;
;      - SoC_Top:u_soc|Pipeline_top:u_cpu|fetch_cycle:fetch|PCPlus4F_reg2[22]                                                ; 1                 ; 6       ;
;      - SoC_Top:u_soc|Pipeline_top:u_cpu|decode_cycle:decode|PCPlus4D_reg~16                                                ; 1                 ; 6       ;
;      - SoC_Top:u_soc|Pipeline_top:u_cpu|decode_cycle:decode|CSR_Unit:u_csr|mcause[22]                                      ; 1                 ; 6       ;
;      - SoC_Top:u_soc|Pipeline_top:u_cpu|decode_cycle:decode|CSR_Unit:u_csr|mtvec[23]                                       ; 1                 ; 6       ;
;      - SoC_Top:u_soc|Pipeline_top:u_cpu|fetch_cycle:fetch|PCPlus4F_reg2[23]                                                ; 1                 ; 6       ;
;      - SoC_Top:u_soc|Pipeline_top:u_cpu|decode_cycle:decode|PCPlus4D_reg~17                                                ; 1                 ; 6       ;
;      - SoC_Top:u_soc|Pipeline_top:u_cpu|decode_cycle:decode|CSR_Unit:u_csr|mcause[23]                                      ; 1                 ; 6       ;
;      - SoC_Top:u_soc|apb_uart:u_uart|UART_TOP:u_uart|UART_RX:u_rx|rx_data[4]                                               ; 1                 ; 6       ;
;      - SoC_Top:u_soc|Pipeline_top:u_cpu|fetch_cycle:fetch|PCPlus4F_reg2[4]                                                 ; 1                 ; 6       ;
;      - SoC_Top:u_soc|Pipeline_top:u_cpu|decode_cycle:decode|PCPlus4D_reg~18                                                ; 1                 ; 6       ;
;      - SoC_Top:u_soc|Pipeline_top:u_cpu|decode_cycle:decode|CSR_Unit:u_csr|mcause[4]                                       ; 1                 ; 6       ;
;      - SoC_Top:u_soc|Pipeline_top:u_cpu|fetch_cycle:fetch|PC_Module:Program_Counter|PC[0]                                  ; 1                 ; 6       ;
;      - SoC_Top:u_soc|Pipeline_top:u_cpu|fetch_cycle:fetch|PC_Module:Program_Counter|PC[1]                                  ; 1                 ; 6       ;
;      - SoC_Top:u_soc|Pipeline_top:u_cpu|fetch_cycle:fetch|PCPlus4F_reg2[5]                                                 ; 1                 ; 6       ;
;      - SoC_Top:u_soc|Pipeline_top:u_cpu|decode_cycle:decode|PCPlus4D_reg~19                                                ; 1                 ; 6       ;
;      - SoC_Top:u_soc|apb_uart:u_uart|UART_TOP:u_uart|UART_RX:u_rx|rx_data[5]                                               ; 1                 ; 6       ;
;      - SoC_Top:u_soc|Pipeline_top:u_cpu|decode_cycle:decode|CSR_Unit:u_csr|mcause[5]                                       ; 1                 ; 6       ;
;      - SoC_Top:u_soc|apb_uart:u_uart|UART_TOP:u_uart|UART_RX:u_rx|rx_data[6]                                               ; 1                 ; 6       ;
;      - SoC_Top:u_soc|Pipeline_top:u_cpu|fetch_cycle:fetch|PCPlus4F_reg2[6]                                                 ; 1                 ; 6       ;
;      - SoC_Top:u_soc|Pipeline_top:u_cpu|decode_cycle:decode|PCPlus4D_reg~20                                                ; 1                 ; 6       ;
;      - SoC_Top:u_soc|Pipeline_top:u_cpu|decode_cycle:decode|CSR_Unit:u_csr|mcause[6]                                       ; 1                 ; 6       ;
;      - SoC_Top:u_soc|Pipeline_top:u_cpu|fetch_cycle:fetch|PCPlus4F_reg2[7]                                                 ; 1                 ; 6       ;
;      - SoC_Top:u_soc|Pipeline_top:u_cpu|decode_cycle:decode|PCPlus4D_reg~21                                                ; 1                 ; 6       ;
;      - SoC_Top:u_soc|apb_uart:u_uart|UART_TOP:u_uart|UART_RX:u_rx|rx_data[7]                                               ; 1                 ; 6       ;
;      - SoC_Top:u_soc|Pipeline_top:u_cpu|fetch_cycle:fetch|PCPlus4F_reg2[8]                                                 ; 1                 ; 6       ;
;      - SoC_Top:u_soc|Pipeline_top:u_cpu|decode_cycle:decode|PCPlus4D_reg~22                                                ; 1                 ; 6       ;
;      - SoC_Top:u_soc|Pipeline_top:u_cpu|decode_cycle:decode|CSR_Unit:u_csr|mcause[8]                                       ; 1                 ; 6       ;
;      - SoC_Top:u_soc|Pipeline_top:u_cpu|fetch_cycle:fetch|PCPlus4F_reg2[9]                                                 ; 1                 ; 6       ;
;      - SoC_Top:u_soc|Pipeline_top:u_cpu|decode_cycle:decode|PCPlus4D_reg~23                                                ; 1                 ; 6       ;
;      - SoC_Top:u_soc|Pipeline_top:u_cpu|decode_cycle:decode|CSR_Unit:u_csr|mcause[9]                                       ; 1                 ; 6       ;
;      - SoC_Top:u_soc|Pipeline_top:u_cpu|fetch_cycle:fetch|PCPlus4F_reg2[10]                                                ; 1                 ; 6       ;
;      - SoC_Top:u_soc|Pipeline_top:u_cpu|decode_cycle:decode|PCPlus4D_reg~24                                                ; 1                 ; 6       ;
;      - SoC_Top:u_soc|Pipeline_top:u_cpu|decode_cycle:decode|CSR_Unit:u_csr|mcause[10]                                      ; 1                 ; 6       ;
;      - SoC_Top:u_soc|Pipeline_top:u_cpu|fetch_cycle:fetch|PCPlus4F_reg2[11]                                                ; 1                 ; 6       ;
;      - SoC_Top:u_soc|Pipeline_top:u_cpu|decode_cycle:decode|PCPlus4D_reg~25                                                ; 1                 ; 6       ;
;      - SoC_Top:u_soc|Pipeline_top:u_cpu|decode_cycle:decode|CSR_Unit:u_csr|mtvec[12]                                       ; 1                 ; 6       ;
;      - SoC_Top:u_soc|Pipeline_top:u_cpu|fetch_cycle:fetch|PCPlus4F_reg2[12]                                                ; 1                 ; 6       ;
;      - SoC_Top:u_soc|Pipeline_top:u_cpu|decode_cycle:decode|PCPlus4D_reg~26                                                ; 1                 ; 6       ;
;      - SoC_Top:u_soc|Pipeline_top:u_cpu|decode_cycle:decode|CSR_Unit:u_csr|mcause[12]                                      ; 1                 ; 6       ;
;      - SoC_Top:u_soc|Pipeline_top:u_cpu|fetch_cycle:fetch|PCPlus4F_reg2[13]                                                ; 1                 ; 6       ;
;      - SoC_Top:u_soc|Pipeline_top:u_cpu|decode_cycle:decode|PCPlus4D_reg~27                                                ; 1                 ; 6       ;
;      - SoC_Top:u_soc|Pipeline_top:u_cpu|decode_cycle:decode|CSR_Unit:u_csr|mtvec[13]                                       ; 1                 ; 6       ;
;      - SoC_Top:u_soc|Pipeline_top:u_cpu|decode_cycle:decode|CSR_Unit:u_csr|mcause[13]                                      ; 1                 ; 6       ;
;      - SoC_Top:u_soc|Pipeline_top:u_cpu|decode_cycle:decode|CSR_Unit:u_csr|mtvec[14]                                       ; 1                 ; 6       ;
;      - SoC_Top:u_soc|Pipeline_top:u_cpu|fetch_cycle:fetch|PCPlus4F_reg2[14]                                                ; 1                 ; 6       ;
;      - SoC_Top:u_soc|Pipeline_top:u_cpu|decode_cycle:decode|PCPlus4D_reg~28                                                ; 1                 ; 6       ;
;      - SoC_Top:u_soc|Pipeline_top:u_cpu|decode_cycle:decode|CSR_Unit:u_csr|mcause[14]                                      ; 1                 ; 6       ;
;      - SoC_Top:u_soc|Pipeline_top:u_cpu|fetch_cycle:fetch|PCPlus4F_reg2[15]                                                ; 1                 ; 6       ;
;      - SoC_Top:u_soc|Pipeline_top:u_cpu|decode_cycle:decode|PCPlus4D_reg~29                                                ; 1                 ; 6       ;
;      - SoC_Top:u_soc|Pipeline_top:u_cpu|decode_cycle:decode|CSR_Unit:u_csr|mtvec[15]                                       ; 1                 ; 6       ;
;      - SoC_Top:u_soc|Pipeline_top:u_cpu|decode_cycle:decode|CSR_Unit:u_csr|mcause[15]                                      ; 1                 ; 6       ;
;      - SoC_Top:u_soc|Pipeline_top:u_cpu|fetch_cycle:fetch|PCD[2]~3                                                         ; 1                 ; 6       ;
;      - SoC_Top:u_soc|Pipeline_top:u_cpu|fetch_cycle:fetch|PCD[4]~4                                                         ; 1                 ; 6       ;
;      - SoC_Top:u_soc|Pipeline_top:u_cpu|fetch_cycle:fetch|PCD[5]~5                                                         ; 1                 ; 6       ;
;      - SoC_Top:u_soc|Pipeline_top:u_cpu|fetch_cycle:fetch|PCD[6]~6                                                         ; 1                 ; 6       ;
;      - SoC_Top:u_soc|Pipeline_top:u_cpu|fetch_cycle:fetch|PCD[8]~7                                                         ; 1                 ; 6       ;
;      - SoC_Top:u_soc|Pipeline_top:u_cpu|fetch_cycle:fetch|PCD[9]~8                                                         ; 1                 ; 6       ;
;      - SoC_Top:u_soc|Pipeline_top:u_cpu|fetch_cycle:fetch|PCD[10]~9                                                        ; 1                 ; 6       ;
;      - SoC_Top:u_soc|apb_uart:u_uart|UART_TOP:u_uart|UART_RX:u_rx|rx_shift[0]                                              ; 1                 ; 6       ;
;      - SoC_Top:u_soc|apb_uart:u_uart|UART_TOP:u_uart|UART_RX:u_rx|rx_ff1                                                   ; 1                 ; 6       ;
;      - SoC_Top:u_soc|Pipeline_top:u_cpu|fetch_cycle:fetch|PCD[26]~10                                                       ; 1                 ; 6       ;
;      - SoC_Top:u_soc|Pipeline_top:u_cpu|fetch_cycle:fetch|PCD[27]~11                                                       ; 1                 ; 6       ;
;      - SoC_Top:u_soc|apb_uart:u_uart|UART_TOP:u_uart|UART_RX:u_rx|rx_shift[1]                                              ; 1                 ; 6       ;
;      - SoC_Top:u_soc|Pipeline_top:u_cpu|fetch_cycle:fetch|PCD[1]~12                                                        ; 1                 ; 6       ;
;      - SoC_Top:u_soc|Pipeline_top:u_cpu|fetch_cycle:fetch|PCD[24]~13                                                       ; 1                 ; 6       ;
;      - SoC_Top:u_soc|Pipeline_top:u_cpu|fetch_cycle:fetch|PCD[25]~14                                                       ; 1                 ; 6       ;
;      - SoC_Top:u_soc|Pipeline_top:u_cpu|fetch_cycle:fetch|PCD[30]~15                                                       ; 1                 ; 6       ;
;      - SoC_Top:u_soc|Pipeline_top:u_cpu|fetch_cycle:fetch|PCD[31]~16                                                       ; 1                 ; 6       ;
;      - SoC_Top:u_soc|Pipeline_top:u_cpu|fetch_cycle:fetch|PCD[28]~17                                                       ; 1                 ; 6       ;
;      - SoC_Top:u_soc|Pipeline_top:u_cpu|fetch_cycle:fetch|PCD[29]~18                                                       ; 1                 ; 6       ;
;      - SoC_Top:u_soc|apb_uart:u_uart|UART_TOP:u_uart|UART_RX:u_rx|rx_shift[2]                                              ; 1                 ; 6       ;
;      - SoC_Top:u_soc|apb_uart:u_uart|UART_TOP:u_uart|UART_RX:u_rx|rx_shift[3]                                              ; 1                 ; 6       ;
;      - SoC_Top:u_soc|Pipeline_top:u_cpu|fetch_cycle:fetch|PCD[16]~19                                                       ; 1                 ; 6       ;
;      - SoC_Top:u_soc|Pipeline_top:u_cpu|fetch_cycle:fetch|PCD[17]~20                                                       ; 1                 ; 6       ;
;      - SoC_Top:u_soc|Pipeline_top:u_cpu|fetch_cycle:fetch|PCD[18]~21                                                       ; 1                 ; 6       ;
;      - SoC_Top:u_soc|Pipeline_top:u_cpu|fetch_cycle:fetch|PCD[19]~22                                                       ; 1                 ; 6       ;
;      - SoC_Top:u_soc|Pipeline_top:u_cpu|fetch_cycle:fetch|PCD[20]~23                                                       ; 1                 ; 6       ;
;      - SoC_Top:u_soc|Pipeline_top:u_cpu|fetch_cycle:fetch|PCD[21]~24                                                       ; 1                 ; 6       ;
;      - SoC_Top:u_soc|Pipeline_top:u_cpu|fetch_cycle:fetch|PCD[22]~25                                                       ; 1                 ; 6       ;
;      - SoC_Top:u_soc|Pipeline_top:u_cpu|fetch_cycle:fetch|PCD[23]~26                                                       ; 1                 ; 6       ;
;      - SoC_Top:u_soc|apb_uart:u_uart|UART_TOP:u_uart|UART_RX:u_rx|rx_shift[4]                                              ; 1                 ; 6       ;
;      - SoC_Top:u_soc|apb_uart:u_uart|UART_TOP:u_uart|UART_RX:u_rx|rx_shift[5]                                              ; 1                 ; 6       ;
;      - SoC_Top:u_soc|apb_uart:u_uart|UART_TOP:u_uart|UART_RX:u_rx|rx_shift[6]                                              ; 1                 ; 6       ;
;      - SoC_Top:u_soc|apb_uart:u_uart|UART_TOP:u_uart|UART_RX:u_rx|rx_shift[7]                                              ; 1                 ; 6       ;
;      - SoC_Top:u_soc|Pipeline_top:u_cpu|fetch_cycle:fetch|PCD[12]~27                                                       ; 1                 ; 6       ;
;      - SoC_Top:u_soc|Pipeline_top:u_cpu|fetch_cycle:fetch|PCD[13]~28                                                       ; 1                 ; 6       ;
;      - SoC_Top:u_soc|Pipeline_top:u_cpu|fetch_cycle:fetch|PCD[14]~29                                                       ; 1                 ; 6       ;
;      - SoC_Top:u_soc|Pipeline_top:u_cpu|fetch_cycle:fetch|PCD[15]~30                                                       ; 1                 ; 6       ;
;      - SoC_Top:u_soc|Pipeline_top:u_cpu|decode_cycle:decode|CSR_Unit:u_csr|Equal0~3                                        ; 1                 ; 6       ;
;      - SoC_Top:u_soc|Pipeline_top:u_cpu|decode_cycle:decode|CSR_Unit:u_csr|calculated_wdata[0]~73                          ; 1                 ; 6       ;
;      - SoC_Top:u_soc|Pipeline_top:u_cpu|decode_cycle:decode|CSR_Unit:u_csr|calculated_wdata[1]~74                          ; 1                 ; 6       ;
;      - SoC_Top:u_soc|Pipeline_top:u_cpu|decode_cycle:decode|CSR_Unit:u_csr|calculated_wdata[2]~75                          ; 1                 ; 6       ;
;      - SoC_Top:u_soc|Pipeline_top:u_cpu|decode_cycle:decode|CSR_Unit:u_csr|calculated_wdata[4]~76                          ; 1                 ; 6       ;
;      - SoC_Top:u_soc|Pipeline_top:u_cpu|decode_cycle:decode|JumpD_reg~5                                                    ; 1                 ; 6       ;
;      - SoC_Top:u_soc|Pipeline_top:u_cpu|decode_cycle:decode|Register_File:Reg_file|RD1[1]~9                                ; 1                 ; 6       ;
;      - SoC_Top:u_soc|Pipeline_top:u_cpu|decode_cycle:decode|CSR_Unit:u_csr|Equal5~8                                        ; 1                 ; 6       ;
;      - SoC_Top:u_soc|Pipeline_top:u_cpu|decode_cycle:decode|CSR_Unit:u_csr|Equal4~9                                        ; 1                 ; 6       ;
;      - SoC_Top:u_soc|Pipeline_top:u_cpu|decode_cycle:decode|CSR_Unit:u_csr|Selector28~13                                   ; 1                 ; 6       ;
;      - LEDG[2]                                                                                                             ; 1                 ; 6       ;
; SW[0]                                                                                                                      ;                   ;         ;
; SW[1]                                                                                                                      ;                   ;         ;
; SW[2]                                                                                                                      ;                   ;         ;
; SW[3]                                                                                                                      ;                   ;         ;
; SW[4]                                                                                                                      ;                   ;         ;
; SW[5]                                                                                                                      ;                   ;         ;
; SW[6]                                                                                                                      ;                   ;         ;
; SW[7]                                                                                                                      ;                   ;         ;
; SW[8]                                                                                                                      ;                   ;         ;
; SW[9]                                                                                                                      ;                   ;         ;
; SW[10]                                                                                                                     ;                   ;         ;
; SW[11]                                                                                                                     ;                   ;         ;
; SW[12]                                                                                                                     ;                   ;         ;
; SW[13]                                                                                                                     ;                   ;         ;
;      - seven_seg:u_hex7|WideOr6~0                                                                                          ; 0                 ; 6       ;
;      - seven_seg:u_hex7|WideOr5~0                                                                                          ; 0                 ; 6       ;
;      - seven_seg:u_hex7|WideOr4~0                                                                                          ; 0                 ; 6       ;
;      - seven_seg:u_hex7|WideOr3~0                                                                                          ; 0                 ; 6       ;
;      - seven_seg:u_hex7|WideOr2~0                                                                                          ; 0                 ; 6       ;
;      - seven_seg:u_hex7|WideOr1~0                                                                                          ; 0                 ; 6       ;
;      - seven_seg:u_hex7|WideOr0~0                                                                                          ; 0                 ; 6       ;
;      - SoC_Top:u_soc|apb_gpio:u_gpio|prev_gpio_in[13]                                                                      ; 0                 ; 6       ;
;      - SoC_Top:u_soc|apb_gpio:u_gpio|gpio_irq_flag~9                                                                       ; 0                 ; 6       ;
;      - SoC_Top:u_soc|apb_interconnect:u_apb_ic|PRDATA[13]~283                                                              ; 0                 ; 6       ;
; SW[14]                                                                                                                     ;                   ;         ;
;      - seven_seg:u_hex7|WideOr6~0                                                                                          ; 0                 ; 6       ;
;      - seven_seg:u_hex7|WideOr5~0                                                                                          ; 0                 ; 6       ;
;      - seven_seg:u_hex7|WideOr4~0                                                                                          ; 0                 ; 6       ;
;      - seven_seg:u_hex7|WideOr3~0                                                                                          ; 0                 ; 6       ;
;      - seven_seg:u_hex7|WideOr2~0                                                                                          ; 0                 ; 6       ;
;      - seven_seg:u_hex7|WideOr1~0                                                                                          ; 0                 ; 6       ;
;      - seven_seg:u_hex7|WideOr0~0                                                                                          ; 0                 ; 6       ;
;      - SoC_Top:u_soc|apb_gpio:u_gpio|prev_gpio_in[14]                                                                      ; 0                 ; 6       ;
;      - SoC_Top:u_soc|apb_gpio:u_gpio|Equal3~7                                                                              ; 0                 ; 6       ;
;      - SoC_Top:u_soc|apb_interconnect:u_apb_ic|PRDATA[14]~286                                                              ; 0                 ; 6       ;
; SW[15]                                                                                                                     ;                   ;         ;
;      - seven_seg:u_hex7|WideOr6~0                                                                                          ; 1                 ; 6       ;
;      - seven_seg:u_hex7|WideOr5~0                                                                                          ; 1                 ; 6       ;
;      - seven_seg:u_hex7|WideOr4~0                                                                                          ; 1                 ; 6       ;
;      - seven_seg:u_hex7|WideOr3~0                                                                                          ; 1                 ; 6       ;
;      - seven_seg:u_hex7|WideOr2~0                                                                                          ; 1                 ; 6       ;
;      - seven_seg:u_hex7|WideOr1~0                                                                                          ; 1                 ; 6       ;
;      - seven_seg:u_hex7|WideOr0~0                                                                                          ; 1                 ; 6       ;
;      - SoC_Top:u_soc|apb_gpio:u_gpio|prev_gpio_in[15]                                                                      ; 1                 ; 6       ;
;      - SoC_Top:u_soc|apb_gpio:u_gpio|gpio_irq_flag~10                                                                      ; 1                 ; 6       ;
;      - SoC_Top:u_soc|apb_interconnect:u_apb_ic|PRDATA[15]~302                                                              ; 1                 ; 6       ;
; CLOCK_50                                                                                                                   ;                   ;         ;
; KEY[1]                                                                                                                     ;                   ;         ;
;      - SoC_Top:u_soc|apb_gpio:u_gpio|gpio_irq_flag~11                                                                      ; 0                 ; 6       ;
;      - SoC_Top:u_soc|apb_interconnect:u_apb_ic|PRDATA[17]~115                                                              ; 0                 ; 6       ;
;      - SoC_Top:u_soc|apb_gpio:u_gpio|prev_gpio_in[17]~0                                                                    ; 0                 ; 6       ;
; KEY[0]                                                                                                                     ;                   ;         ;
;      - SoC_Top:u_soc|apb_gpio:u_gpio|Equal3~9                                                                              ; 1                 ; 6       ;
;      - SoC_Top:u_soc|apb_interconnect:u_apb_ic|PRDATA[16]~109                                                              ; 1                 ; 6       ;
;      - SoC_Top:u_soc|apb_gpio:u_gpio|prev_gpio_in[16]~1                                                                    ; 1                 ; 6       ;
; KEY[2]                                                                                                                     ;                   ;         ;
;      - SoC_Top:u_soc|apb_gpio:u_gpio|Equal3~10                                                                             ; 0                 ; 6       ;
;      - SoC_Top:u_soc|apb_interconnect:u_apb_ic|PRDATA[18]~129                                                              ; 0                 ; 6       ;
;      - SoC_Top:u_soc|apb_gpio:u_gpio|prev_gpio_in[18]~2                                                                    ; 0                 ; 6       ;
; KEY[3]                                                                                                                     ;                   ;         ;
;      - SoC_Top:u_soc|apb_gpio:u_gpio|Equal3~11                                                                             ; 0                 ; 6       ;
;      - SoC_Top:u_soc|apb_interconnect:u_apb_ic|PRDATA[19]~132                                                              ; 0                 ; 6       ;
;      - SoC_Top:u_soc|apb_gpio:u_gpio|prev_gpio_in[19]~3                                                                    ; 0                 ; 6       ;
; UART_RXD                                                                                                                   ;                   ;         ;
;      - uart_rx_soc                                                                                                         ; 0                 ; 6       ;
+----------------------------------------------------------------------------------------------------------------------------+-------------------+---------+


+------------------------------------------------------------------------------------------------------------------------------------------------------------------------------------------------------------------------------------+
; Control Signals                                                                                                                                                                                                                    ;
+-------------------------------------------------------------------------------------------+--------------------+---------+--------------------------+--------+----------------------+------------------+---------------------------+
; Name                                                                                      ; Location           ; Fan-Out ; Usage                    ; Global ; Global Resource Used ; Global Line Name ; Enable Signal Source Name ;
+-------------------------------------------------------------------------------------------+--------------------+---------+--------------------------+--------+----------------------+------------------+---------------------------+
; CLOCK_50                                                                                  ; PIN_N2             ; 2826    ; Clock                    ; yes    ; Global Clock         ; GCLK2            ; --                        ;
; SW[17]                                                                                    ; PIN_V2             ; 1732    ; Async. clear             ; no     ; --                   ; --               ; --                        ;
; SoC_Top:u_soc|Pipeline_top:u_cpu|decode_cycle:decode|ALUControlD_reg[1]~1                 ; LCCOMB_X33_Y21_N14 ; 213     ; Clock enable             ; no     ; --                   ; --               ; --                        ;
; SoC_Top:u_soc|Pipeline_top:u_cpu|decode_cycle:decode|CSR_Unit:u_csr|mcause[28]~1          ; LCCOMB_X29_Y21_N16 ; 32      ; Clock enable             ; no     ; --                   ; --               ; --                        ;
; SoC_Top:u_soc|Pipeline_top:u_cpu|decode_cycle:decode|CSR_Unit:u_csr|mepc[17]~31           ; LCCOMB_X28_Y21_N30 ; 32      ; Clock enable             ; no     ; --                   ; --               ; --                        ;
; SoC_Top:u_soc|Pipeline_top:u_cpu|decode_cycle:decode|CSR_Unit:u_csr|mtvec[2]~0            ; LCCOMB_X33_Y23_N6  ; 32      ; Clock enable             ; no     ; --                   ; --               ; --                        ;
; SoC_Top:u_soc|Pipeline_top:u_cpu|decode_cycle:decode|Register_File:Reg_file|Register~2305 ; LCCOMB_X46_Y19_N20 ; 32      ; Clock enable             ; no     ; --                   ; --               ; --                        ;
; SoC_Top:u_soc|Pipeline_top:u_cpu|decode_cycle:decode|Register_File:Reg_file|Register~2307 ; LCCOMB_X44_Y19_N20 ; 32      ; Clock enable             ; no     ; --                   ; --               ; --                        ;
; SoC_Top:u_soc|Pipeline_top:u_cpu|decode_cycle:decode|Register_File:Reg_file|Register~2309 ; LCCOMB_X46_Y19_N0  ; 32      ; Clock enable             ; no     ; --                   ; --               ; --                        ;
; SoC_Top:u_soc|Pipeline_top:u_cpu|decode_cycle:decode|Register_File:Reg_file|Register~2311 ; LCCOMB_X47_Y19_N28 ; 32      ; Clock enable             ; no     ; --                   ; --               ; --                        ;
; SoC_Top:u_soc|Pipeline_top:u_cpu|decode_cycle:decode|Register_File:Reg_file|Register~2313 ; LCCOMB_X47_Y19_N8  ; 32      ; Clock enable             ; no     ; --                   ; --               ; --                        ;
; SoC_Top:u_soc|Pipeline_top:u_cpu|decode_cycle:decode|Register_File:Reg_file|Register~2315 ; LCCOMB_X47_Y19_N18 ; 32      ; Clock enable             ; no     ; --                   ; --               ; --                        ;
; SoC_Top:u_soc|Pipeline_top:u_cpu|decode_cycle:decode|Register_File:Reg_file|Register~2317 ; LCCOMB_X47_Y19_N30 ; 32      ; Clock enable             ; no     ; --                   ; --               ; --                        ;
; SoC_Top:u_soc|Pipeline_top:u_cpu|decode_cycle:decode|Register_File:Reg_file|Register~2319 ; LCCOMB_X47_Y19_N10 ; 32      ; Clock enable             ; no     ; --                   ; --               ; --                        ;
; SoC_Top:u_soc|Pipeline_top:u_cpu|decode_cycle:decode|Register_File:Reg_file|Register~2321 ; LCCOMB_X46_Y19_N22 ; 32      ; Clock enable             ; no     ; --                   ; --               ; --                        ;
; SoC_Top:u_soc|Pipeline_top:u_cpu|decode_cycle:decode|Register_File:Reg_file|Register~2323 ; LCCOMB_X46_Y19_N18 ; 32      ; Clock enable             ; no     ; --                   ; --               ; --                        ;
; SoC_Top:u_soc|Pipeline_top:u_cpu|decode_cycle:decode|Register_File:Reg_file|Register~2325 ; LCCOMB_X46_Y19_N30 ; 32      ; Clock enable             ; no     ; --                   ; --               ; --                        ;
; SoC_Top:u_soc|Pipeline_top:u_cpu|decode_cycle:decode|Register_File:Reg_file|Register~2327 ; LCCOMB_X46_Y19_N2  ; 32      ; Clock enable             ; no     ; --                   ; --               ; --                        ;
; SoC_Top:u_soc|Pipeline_top:u_cpu|decode_cycle:decode|Register_File:Reg_file|Register~2329 ; LCCOMB_X44_Y19_N2  ; 32      ; Clock enable             ; no     ; --                   ; --               ; --                        ;
; SoC_Top:u_soc|Pipeline_top:u_cpu|decode_cycle:decode|Register_File:Reg_file|Register~2331 ; LCCOMB_X42_Y19_N22 ; 32      ; Clock enable             ; no     ; --                   ; --               ; --                        ;
; SoC_Top:u_soc|Pipeline_top:u_cpu|decode_cycle:decode|Register_File:Reg_file|Register~2333 ; LCCOMB_X42_Y19_N16 ; 32      ; Clock enable             ; no     ; --                   ; --               ; --                        ;
; SoC_Top:u_soc|Pipeline_top:u_cpu|decode_cycle:decode|Register_File:Reg_file|Register~2335 ; LCCOMB_X42_Y19_N8  ; 32      ; Clock enable             ; no     ; --                   ; --               ; --                        ;
; SoC_Top:u_soc|Pipeline_top:u_cpu|decode_cycle:decode|Register_File:Reg_file|Register~2337 ; LCCOMB_X46_Y20_N6  ; 32      ; Clock enable             ; no     ; --                   ; --               ; --                        ;
; SoC_Top:u_soc|Pipeline_top:u_cpu|decode_cycle:decode|Register_File:Reg_file|Register~2338 ; LCCOMB_X45_Y21_N0  ; 32      ; Clock enable             ; no     ; --                   ; --               ; --                        ;
; SoC_Top:u_soc|Pipeline_top:u_cpu|decode_cycle:decode|Register_File:Reg_file|Register~2339 ; LCCOMB_X45_Y21_N16 ; 32      ; Clock enable             ; no     ; --                   ; --               ; --                        ;
; SoC_Top:u_soc|Pipeline_top:u_cpu|decode_cycle:decode|Register_File:Reg_file|Register~2340 ; LCCOMB_X45_Y19_N30 ; 32      ; Clock enable             ; no     ; --                   ; --               ; --                        ;
; SoC_Top:u_soc|Pipeline_top:u_cpu|decode_cycle:decode|Register_File:Reg_file|Register~2341 ; LCCOMB_X44_Y25_N22 ; 32      ; Clock enable             ; no     ; --                   ; --               ; --                        ;
; SoC_Top:u_soc|Pipeline_top:u_cpu|decode_cycle:decode|Register_File:Reg_file|Register~2342 ; LCCOMB_X45_Y23_N2  ; 32      ; Clock enable             ; no     ; --                   ; --               ; --                        ;
; SoC_Top:u_soc|Pipeline_top:u_cpu|decode_cycle:decode|Register_File:Reg_file|Register~2343 ; LCCOMB_X46_Y23_N14 ; 32      ; Clock enable             ; no     ; --                   ; --               ; --                        ;
; SoC_Top:u_soc|Pipeline_top:u_cpu|decode_cycle:decode|Register_File:Reg_file|Register~2344 ; LCCOMB_X44_Y22_N16 ; 32      ; Clock enable             ; no     ; --                   ; --               ; --                        ;
; SoC_Top:u_soc|Pipeline_top:u_cpu|decode_cycle:decode|Register_File:Reg_file|Register~2345 ; LCCOMB_X43_Y23_N2  ; 32      ; Clock enable             ; no     ; --                   ; --               ; --                        ;
; SoC_Top:u_soc|Pipeline_top:u_cpu|decode_cycle:decode|Register_File:Reg_file|Register~2346 ; LCCOMB_X43_Y23_N14 ; 32      ; Clock enable             ; no     ; --                   ; --               ; --                        ;
; SoC_Top:u_soc|Pipeline_top:u_cpu|decode_cycle:decode|Register_File:Reg_file|Register~2347 ; LCCOMB_X43_Y23_N30 ; 32      ; Clock enable             ; no     ; --                   ; --               ; --                        ;
; SoC_Top:u_soc|Pipeline_top:u_cpu|decode_cycle:decode|Register_File:Reg_file|Register~2348 ; LCCOMB_X44_Y19_N10 ; 32      ; Clock enable             ; no     ; --                   ; --               ; --                        ;
; SoC_Top:u_soc|Pipeline_top:u_cpu|decode_cycle:decode|Register_File:Reg_file|Register~2349 ; LCCOMB_X47_Y19_N2  ; 32      ; Clock enable             ; no     ; --                   ; --               ; --                        ;
; SoC_Top:u_soc|Pipeline_top:u_cpu|decode_cycle:decode|Register_File:Reg_file|Register~2350 ; LCCOMB_X47_Y19_N12 ; 32      ; Clock enable             ; no     ; --                   ; --               ; --                        ;
; SoC_Top:u_soc|Pipeline_top:u_cpu|decode_cycle:decode|Register_File:Reg_file|Register~2351 ; LCCOMB_X47_Y21_N20 ; 32      ; Clock enable             ; no     ; --                   ; --               ; --                        ;
; SoC_Top:u_soc|Pipeline_top:u_cpu|decode_cycle:decode|Register_File:Reg_file|Register~2352 ; LCCOMB_X47_Y19_N26 ; 32      ; Clock enable             ; no     ; --                   ; --               ; --                        ;
; SoC_Top:u_soc|Pipeline_top:u_cpu|decode_cycle:decode|always0~0                            ; LCCOMB_X32_Y21_N16 ; 157     ; Sync. clear              ; no     ; --                   ; --               ; --                        ;
; SoC_Top:u_soc|Pipeline_top:u_cpu|decode_cycle:decode|trap_taken                           ; LCCOMB_X31_Y12_N6  ; 213     ; Sync. clear, Sync. load  ; no     ; --                   ; --               ; --                        ;
; SoC_Top:u_soc|Pipeline_top:u_cpu|execute_cycle:execute|RD_E_reg[0]~0                      ; LCCOMB_X30_Y14_N20 ; 131     ; Clock enable             ; no     ; --                   ; --               ; --                        ;
; SoC_Top:u_soc|Pipeline_top:u_cpu|fetch_cycle:fetch|InstrF_reg[0]~29                       ; LCCOMB_X23_Y21_N0  ; 32      ; Sync. clear              ; no     ; --                   ; --               ; --                        ;
; SoC_Top:u_soc|Pipeline_top:u_cpu|fetch_cycle:fetch|Instruction_Memory:I_Memory|mem~39     ; LCCOMB_X23_Y23_N4  ; 32      ; Sync. load               ; no     ; --                   ; --               ; --                        ;
; SoC_Top:u_soc|Pipeline_top:u_cpu|fetch_cycle:fetch|Instruction_Memory:I_Memory|mem~43     ; LCCOMB_X23_Y23_N8  ; 32      ; Clock enable             ; no     ; --                   ; --               ; --                        ;
; SoC_Top:u_soc|Pipeline_top:u_cpu|fetch_cycle:fetch|always0~2                              ; LCCOMB_X32_Y23_N20 ; 63      ; Sync. load               ; no     ; --                   ; --               ; --                        ;
; SoC_Top:u_soc|Pipeline_top:u_cpu|hazard_unit:hazard|StallF                                ; LCCOMB_X30_Y14_N10 ; 211     ; Clock enable, Sync. load ; no     ; --                   ; --               ; --                        ;
; SoC_Top:u_soc|Pipeline_top:u_cpu|memory_cycle:memory|Data_Memory:data_memory|always0~0    ; LCCOMB_X30_Y14_N2  ; 6       ; Write enable             ; no     ; --                   ; --               ; --                        ;
; SoC_Top:u_soc|Pipeline_top:u_cpu|memory_cycle:memory|Data_Memory:data_memory|mem~90       ; LCCOMB_X29_Y13_N26 ; 32      ; Clock enable             ; no     ; --                   ; --               ; --                        ;
; SoC_Top:u_soc|Pipeline_top:u_cpu|memory_cycle:memory|apb_master:u_apb_master|Selector3~0  ; LCCOMB_X29_Y14_N14 ; 41      ; Clock enable             ; no     ; --                   ; --               ; --                        ;
; SoC_Top:u_soc|Pipeline_top:u_cpu|memory_cycle:memory|apb_master:u_apb_master|rdata[31]~1  ; LCCOMB_X25_Y14_N18 ; 32      ; Clock enable             ; no     ; --                   ; --               ; --                        ;
; SoC_Top:u_soc|Pipeline_top:u_cpu|memory_cycle:memory|mem_stall~0                          ; LCCOMB_X30_Y14_N26 ; 148     ; Clock enable             ; no     ; --                   ; --               ; --                        ;
; SoC_Top:u_soc|UART_LOADER:u_loader|Selector35~0                                           ; LCCOMB_X20_Y20_N10 ; 9       ; Clock enable             ; no     ; --                   ; --               ; --                        ;
; SoC_Top:u_soc|UART_LOADER:u_loader|instr_buf[0]~0                                         ; LCCOMB_X20_Y20_N0  ; 9       ; Clock enable             ; no     ; --                   ; --               ; --                        ;
; SoC_Top:u_soc|UART_LOADER:u_loader|instr_buf[16]~1                                        ; LCCOMB_X20_Y20_N24 ; 8       ; Clock enable             ; no     ; --                   ; --               ; --                        ;
; SoC_Top:u_soc|UART_LOADER:u_loader|instr_buf[8]~2                                         ; LCCOMB_X19_Y20_N2  ; 8       ; Clock enable             ; no     ; --                   ; --               ; --                        ;
; SoC_Top:u_soc|UART_LOADER:u_loader|state.S_WRITE                                          ; LCFF_X20_Y20_N25   ; 57      ; Clock enable, Sync. load ; no     ; --                   ; --               ; --                        ;
; SoC_Top:u_soc|UART_LOADER:u_loader|we                                                     ; LCFF_X23_Y23_N9    ; 10      ; Write enable             ; no     ; --                   ; --               ; --                        ;
; SoC_Top:u_soc|UART_RX:u_boot_rx|Selector15~0                                              ; LCCOMB_X18_Y22_N16 ; 10      ; Clock enable             ; no     ; --                   ; --               ; --                        ;
; SoC_Top:u_soc|UART_RX:u_boot_rx|rx_valid                                                  ; LCFF_X19_Y20_N23   ; 11      ; Clock enable             ; no     ; --                   ; --               ; --                        ;
; SoC_Top:u_soc|apb_gpio:u_gpio|data_out_reg[0]~3                                           ; LCCOMB_X23_Y13_N8  ; 32      ; Clock enable             ; no     ; --                   ; --               ; --                        ;
; SoC_Top:u_soc|apb_gpio:u_gpio|dir_reg[0]~0                                                ; LCCOMB_X23_Y13_N10 ; 32      ; Clock enable             ; no     ; --                   ; --               ; --                        ;
; SoC_Top:u_soc|apb_gpio:u_gpio|dir_reg[12]                                                 ; LCFF_X22_Y14_N21   ; 3       ; Output enable            ; no     ; --                   ; --               ; --                        ;
; SoC_Top:u_soc|apb_i2c_master:u_i2c|Equal0~10                                              ; LCCOMB_X28_Y9_N10  ; 50      ; Clock enable, Sync. load ; no     ; --                   ; --               ; --                        ;
; SoC_Top:u_soc|apb_i2c_master:u_i2c|WideOr0~0                                              ; LCCOMB_X29_Y10_N16 ; 18      ; Sync. clear              ; no     ; --                   ; --               ; --                        ;
; SoC_Top:u_soc|apb_i2c_master:u_i2c|always2~1                                              ; LCCOMB_X25_Y10_N12 ; 11      ; Clock enable             ; no     ; --                   ; --               ; --                        ;
; SoC_Top:u_soc|apb_i2c_master:u_i2c|prescale_reg[15]~0                                     ; LCCOMB_X23_Y13_N6  ; 16      ; Clock enable             ; no     ; --                   ; --               ; --                        ;
; SoC_Top:u_soc|apb_i2c_master:u_i2c|rx_data_reg[7]~0                                       ; LCCOMB_X31_Y10_N0  ; 8       ; Clock enable             ; no     ; --                   ; --               ; --                        ;
; SoC_Top:u_soc|apb_i2c_master:u_i2c|state.ST_IDLE                                          ; LCFF_X31_Y9_N1     ; 13      ; Clock enable             ; no     ; --                   ; --               ; --                        ;
; SoC_Top:u_soc|apb_pwm:u_pwm|counter[3]~96                                                 ; LCCOMB_X20_Y13_N16 ; 32      ; Sync. clear              ; no     ; --                   ; --               ; --                        ;
; SoC_Top:u_soc|apb_pwm:u_pwm|ctrl_reg[31]~0                                                ; LCCOMB_X23_Y13_N26 ; 32      ; Clock enable             ; no     ; --                   ; --               ; --                        ;
; SoC_Top:u_soc|apb_pwm:u_pwm|duty_reg[0][31]~0                                             ; LCCOMB_X22_Y13_N4  ; 32      ; Clock enable             ; no     ; --                   ; --               ; --                        ;
; SoC_Top:u_soc|apb_pwm:u_pwm|duty_reg[1][31]~1                                             ; LCCOMB_X23_Y13_N24 ; 32      ; Clock enable             ; no     ; --                   ; --               ; --                        ;
; SoC_Top:u_soc|apb_pwm:u_pwm|duty_reg[2][31]~2                                             ; LCCOMB_X22_Y13_N22 ; 32      ; Clock enable             ; no     ; --                   ; --               ; --                        ;
; SoC_Top:u_soc|apb_pwm:u_pwm|duty_reg[3][31]~3                                             ; LCCOMB_X22_Y13_N16 ; 32      ; Clock enable             ; no     ; --                   ; --               ; --                        ;
; SoC_Top:u_soc|apb_pwm:u_pwm|period_reg[31]~0                                              ; LCCOMB_X22_Y13_N30 ; 32      ; Clock enable             ; no     ; --                   ; --               ; --                        ;
; SoC_Top:u_soc|apb_spi_master:u_spi|cpha~2                                                 ; LCCOMB_X24_Y13_N14 ; 10      ; Clock enable             ; no     ; --                   ; --               ; --                        ;
; SoC_Top:u_soc|apb_spi_master:u_spi|shift_reg[2]~0                                         ; LCCOMB_X25_Y11_N0  ; 8       ; Clock enable             ; no     ; --                   ; --               ; --                        ;
; SoC_Top:u_soc|apb_spi_master:u_spi|spi_start~2                                            ; LCCOMB_X24_Y13_N20 ; 9       ; Clock enable             ; no     ; --                   ; --               ; --                        ;
; SoC_Top:u_soc|apb_spi_master:u_spi|spi_state.S_DONE                                       ; LCFF_X25_Y11_N11   ; 21      ; Clock enable, Sync. load ; no     ; --                   ; --               ; --                        ;
; SoC_Top:u_soc|apb_spi_master:u_spi|spi_state.S_TRANSFER                                   ; LCFF_X25_Y11_N23   ; 19      ; Sync. load               ; no     ; --                   ; --               ; --                        ;
; SoC_Top:u_soc|apb_timer:u_timer|ctrl_reg[0]                                               ; LCFF_X21_Y9_N25    ; 38      ; Sync. clear              ; no     ; --                   ; --               ; --                        ;
; SoC_Top:u_soc|apb_timer:u_timer|ctrl_reg[2]~0                                             ; LCCOMB_X22_Y13_N26 ; 3       ; Clock enable             ; no     ; --                   ; --               ; --                        ;
; SoC_Top:u_soc|apb_timer:u_timer|load_reg[31]~1                                            ; LCCOMB_X22_Y13_N10 ; 33      ; Clock enable             ; no     ; --                   ; --               ; --                        ;
; SoC_Top:u_soc|apb_timer:u_timer|prescale_cnt[5]~20                                        ; LCCOMB_X21_Y11_N28 ; 16      ; Sync. clear              ; no     ; --                   ; --               ; --                        ;
; SoC_Top:u_soc|apb_timer:u_timer|prescale_cnt[5]~21                                        ; LCCOMB_X21_Y11_N10 ; 16      ; Clock enable             ; no     ; --                   ; --               ; --                        ;
; SoC_Top:u_soc|apb_timer:u_timer|prescale_reg[15]~0                                        ; LCCOMB_X22_Y13_N20 ; 16      ; Clock enable             ; no     ; --                   ; --               ; --                        ;
; SoC_Top:u_soc|apb_timer:u_timer|value_reg[31]~15                                          ; LCCOMB_X21_Y11_N12 ; 32      ; Clock enable             ; no     ; --                   ; --               ; --                        ;
; SoC_Top:u_soc|apb_uart:u_uart|UART_TOP:u_uart|UART_RX:u_rx|Selector13~0                   ; LCCOMB_X18_Y16_N22 ; 10      ; Clock enable             ; no     ; --                   ; --               ; --                        ;
; SoC_Top:u_soc|apb_uart:u_uart|UART_TOP:u_uart|UART_RX:u_rx|rx_valid                       ; LCFF_X20_Y15_N13   ; 9       ; Clock enable             ; no     ; --                   ; --               ; --                        ;
; SoC_Top:u_soc|apb_uart:u_uart|UART_TOP:u_uart|UART_TX:u_tx|tx_shift[7]~0                  ; LCCOMB_X23_Y15_N16 ; 9       ; Clock enable             ; no     ; --                   ; --               ; --                        ;
; SoC_Top:u_soc|apb_uart:u_uart|tx_start~3                                                  ; LCCOMB_X24_Y12_N26 ; 9       ; Clock enable             ; no     ; --                   ; --               ; --                        ;
; SoC_Top:u_soc|por_n                                                                       ; LCFF_X33_Y1_N17    ; 131     ; Async. clear             ; yes    ; Global Clock         ; GCLK14           ; --                        ;
+-------------------------------------------------------------------------------------------+--------------------+---------+--------------------------+--------+----------------------+------------------+---------------------------+


+-----------------------------------------------------------------------------------------------------------------------+
; Global & Other Fast Signals                                                                                           ;
+---------------------+-----------------+---------+----------------------+------------------+---------------------------+
; Name                ; Location        ; Fan-Out ; Global Resource Used ; Global Line Name ; Enable Signal Source Name ;
+---------------------+-----------------+---------+----------------------+------------------+---------------------------+
; CLOCK_50            ; PIN_N2          ; 2826    ; Global Clock         ; GCLK2            ; --                        ;
; SoC_Top:u_soc|por_n ; LCFF_X33_Y1_N17 ; 131     ; Global Clock         ; GCLK14           ; --                        ;
+---------------------+-----------------+---------+----------------------+------------------+---------------------------+


+-------------------------------------------------------------------------------------------------------------------------------+
; Non-Global High Fan-Out Signals                                                                                               ;
+---------------------------------------------------------------------------------------------------------------------+---------+
; Name                                                                                                                ; Fan-Out ;
+---------------------------------------------------------------------------------------------------------------------+---------+
; SW[17]                                                                                                              ; 1732    ;
; SoC_Top:u_soc|Pipeline_top:u_cpu|fetch_cycle:fetch|InstrD[20]~6                                                     ; 247     ;
; SoC_Top:u_soc|Pipeline_top:u_cpu|fetch_cycle:fetch|InstrD[21]~5                                                     ; 245     ;
; SoC_Top:u_soc|Pipeline_top:u_cpu|fetch_cycle:fetch|InstrD[23]~8                                                     ; 243     ;
; SoC_Top:u_soc|Pipeline_top:u_cpu|fetch_cycle:fetch|InstrD[22]~7                                                     ; 243     ;
; SoC_Top:u_soc|Pipeline_top:u_cpu|fetch_cycle:fetch|InstrD[18]~3                                                     ; 241     ;
; SoC_Top:u_soc|Pipeline_top:u_cpu|fetch_cycle:fetch|InstrD[17]~2                                                     ; 241     ;
; SoC_Top:u_soc|Pipeline_top:u_cpu|fetch_cycle:fetch|InstrD[15]~1                                                     ; 241     ;
; SoC_Top:u_soc|Pipeline_top:u_cpu|fetch_cycle:fetch|InstrD[16]~0                                                     ; 241     ;
; SoC_Top:u_soc|Pipeline_top:u_cpu|decode_cycle:decode|ALUControlD_reg[1]~1                                           ; 213     ;
; SoC_Top:u_soc|Pipeline_top:u_cpu|decode_cycle:decode|trap_taken                                                     ; 213     ;
; SoC_Top:u_soc|Pipeline_top:u_cpu|hazard_unit:hazard|StallF                                                          ; 211     ;
; SoC_Top:u_soc|Pipeline_top:u_cpu|decode_cycle:decode|always0~0                                                      ; 157     ;
; SoC_Top:u_soc|Pipeline_top:u_cpu|memory_cycle:memory|mem_stall~0                                                    ; 148     ;
; SoC_Top:u_soc|Pipeline_top:u_cpu|decode_cycle:decode|ALUSrcAD_reg[0]                                                ; 140     ;
; SoC_Top:u_soc|Pipeline_top:u_cpu|execute_cycle:execute|RD_E_reg[0]~0                                                ; 131     ;
; SoC_Top:u_soc|Pipeline_top:u_cpu|memory_cycle:memory|apb_master:u_apb_master|PADDR[3]                               ; 116     ;
; SoC_Top:u_soc|Pipeline_top:u_cpu|memory_cycle:memory|apb_master:u_apb_master|PADDR[2]                               ; 107     ;
; SoC_Top:u_soc|Pipeline_top:u_cpu|execute_cycle:execute|Mux:alu_src_B_mux|c[2]~2                                     ; 100     ;
; SoC_Top:u_soc|Pipeline_top:u_cpu|hazard_unit:hazard|ForwardBE[1]~8                                                  ; 100     ;
; SoC_Top:u_soc|Pipeline_top:u_cpu|execute_cycle:execute|Mux:alu_src_B_mux|c[1]~1                                     ; 91      ;
; SoC_Top:u_soc|Pipeline_top:u_cpu|execute_cycle:execute|Mux:alu_src_B_mux|c[0]~0                                     ; 82      ;
; SoC_Top:u_soc|Pipeline_top:u_cpu|hazard_unit:hazard|ForwardAE[1]~11                                                 ; 80      ;
; SoC_Top:u_soc|Pipeline_top:u_cpu|execute_cycle:execute|Mux:alu_src_B_mux|c[3]~3                                     ; 78      ;
; SoC_Top:u_soc|Pipeline_top:u_cpu|decode_cycle:decode|ALUSrcAD_reg[1]                                                ; 78      ;
; SoC_Top:u_soc|Pipeline_top:u_cpu|decode_cycle:decode|ALUControlD_reg[1]                                             ; 78      ;
; SoC_Top:u_soc|Pipeline_top:u_cpu|fetch_cycle:fetch|always0~2                                                        ; 63      ;
; SoC_Top:u_soc|Pipeline_top:u_cpu|decode_cycle:decode|CSR_Unit:u_csr|Equal5~8                                        ; 60      ;
; SoC_Top:u_soc|UART_LOADER:u_loader|state.S_WRITE                                                                    ; 57      ;
; SoC_Top:u_soc|Pipeline_top:u_cpu|fetch_cycle:fetch|InstrD[19]~4                                                     ; 55      ;
; SoC_Top:u_soc|Pipeline_top:u_cpu|memory_cycle:memory|apb_master:u_apb_master|PADDR[8]                               ; 52      ;
; SoC_Top:u_soc|Pipeline_top:u_cpu|memory_cycle:memory|apb_master:u_apb_master|PADDR[10]                              ; 51      ;
; SoC_Top:u_soc|Pipeline_top:u_cpu|decode_cycle:decode|ALUControlD_reg[2]                                             ; 51      ;
; SoC_Top:u_soc|Pipeline_top:u_cpu|decode_cycle:decode|TrapTaken                                                      ; 50      ;
; SoC_Top:u_soc|apb_i2c_master:u_i2c|Equal0~10                                                                        ; 50      ;
; SoC_Top:u_soc|Pipeline_top:u_cpu|memory_cycle:memory|ResultSrcM_reg[0]                                              ; 48      ;
; SoC_Top:u_soc|Pipeline_top:u_cpu|memory_cycle:memory|ResultSrcM_reg[1]                                              ; 48      ;
; SoC_Top:u_soc|Pipeline_top:u_cpu|fetch_cycle:fetch|Mux:Trap_PC_MUX|c[27]~0                                          ; 47      ;
; SoC_Top:u_soc|Pipeline_top:u_cpu|execute_cycle:execute|Funct3E_reg[1]                                               ; 47      ;
; SoC_Top:u_soc|Pipeline_top:u_cpu|decode_cycle:decode|ALUControlD_reg[0]                                             ; 47      ;
; SoC_Top:u_soc|Pipeline_top:u_cpu|decode_cycle:decode|ALUSrcD_reg                                                    ; 46      ;
; SoC_Top:u_soc|Pipeline_top:u_cpu|decode_cycle:decode|ALUControlD_reg[3]                                             ; 45      ;
; SoC_Top:u_soc|Pipeline_top:u_cpu|execute_cycle:execute|Mux:alu_src_B_mux|c[4]~4                                     ; 42      ;
; SoC_Top:u_soc|Pipeline_top:u_cpu|memory_cycle:memory|apb_master:u_apb_master|PADDR[4]                               ; 41      ;
; SoC_Top:u_soc|Pipeline_top:u_cpu|memory_cycle:memory|apb_master:u_apb_master|Selector3~0                            ; 41      ;
; SoC_Top:u_soc|apb_timer:u_timer|ctrl_reg[0]                                                                         ; 38      ;
; SoC_Top:u_soc|Pipeline_top:u_cpu|execute_cycle:execute|IsJALR~0                                                     ; 37      ;
; SoC_Top:u_soc|Pipeline_top:u_cpu|decode_cycle:decode|comb~0                                                         ; 37      ;
; SoC_Top:u_soc|Pipeline_top:u_cpu|fetch_cycle:fetch|InstrD[24]~9                                                     ; 35      ;
; SoC_Top:u_soc|Pipeline_top:u_cpu|memory_cycle:memory|apb_master:u_apb_master|PADDR[9]                               ; 35      ;
; SoC_Top:u_soc|Pipeline_top:u_cpu|write_back_cycle:write_back|Mux4x1:WB_mux|e[15]~63                                 ; 34      ;
; SoC_Top:u_soc|Pipeline_top:u_cpu|write_back_cycle:write_back|Mux4x1:WB_mux|e[14]~61                                 ; 34      ;
; SoC_Top:u_soc|Pipeline_top:u_cpu|write_back_cycle:write_back|Mux4x1:WB_mux|e[13]~59                                 ; 34      ;
; SoC_Top:u_soc|Pipeline_top:u_cpu|write_back_cycle:write_back|Mux4x1:WB_mux|e[12]~57                                 ; 34      ;
; SoC_Top:u_soc|Pipeline_top:u_cpu|write_back_cycle:write_back|Mux4x1:WB_mux|e[11]~55                                 ; 34      ;
; SoC_Top:u_soc|Pipeline_top:u_cpu|write_back_cycle:write_back|Mux4x1:WB_mux|e[10]~53                                 ; 34      ;
; SoC_Top:u_soc|Pipeline_top:u_cpu|write_back_cycle:write_back|Mux4x1:WB_mux|e[9]~51                                  ; 34      ;
; SoC_Top:u_soc|Pipeline_top:u_cpu|write_back_cycle:write_back|Mux4x1:WB_mux|e[8]~49                                  ; 34      ;
; SoC_Top:u_soc|Pipeline_top:u_cpu|write_back_cycle:write_back|Mux4x1:WB_mux|e[7]~47                                  ; 34      ;
; SoC_Top:u_soc|Pipeline_top:u_cpu|write_back_cycle:write_back|Mux4x1:WB_mux|e[6]~45                                  ; 34      ;
; SoC_Top:u_soc|Pipeline_top:u_cpu|write_back_cycle:write_back|Mux4x1:WB_mux|e[5]~43                                  ; 34      ;
; SoC_Top:u_soc|Pipeline_top:u_cpu|write_back_cycle:write_back|Mux4x1:WB_mux|e[4]~41                                  ; 34      ;
; SoC_Top:u_soc|Pipeline_top:u_cpu|write_back_cycle:write_back|Mux4x1:WB_mux|e[23]~39                                 ; 34      ;
; SoC_Top:u_soc|Pipeline_top:u_cpu|write_back_cycle:write_back|Mux4x1:WB_mux|e[22]~37                                 ; 34      ;
; SoC_Top:u_soc|Pipeline_top:u_cpu|write_back_cycle:write_back|Mux4x1:WB_mux|e[21]~35                                 ; 34      ;
; SoC_Top:u_soc|Pipeline_top:u_cpu|write_back_cycle:write_back|Mux4x1:WB_mux|e[20]~33                                 ; 34      ;
; SoC_Top:u_soc|Pipeline_top:u_cpu|write_back_cycle:write_back|Mux4x1:WB_mux|e[19]~31                                 ; 34      ;
; SoC_Top:u_soc|Pipeline_top:u_cpu|write_back_cycle:write_back|Mux4x1:WB_mux|e[18]~29                                 ; 34      ;
; SoC_Top:u_soc|Pipeline_top:u_cpu|write_back_cycle:write_back|Mux4x1:WB_mux|e[17]~27                                 ; 34      ;
; SoC_Top:u_soc|Pipeline_top:u_cpu|write_back_cycle:write_back|Mux4x1:WB_mux|e[16]~25                                 ; 34      ;
; SoC_Top:u_soc|Pipeline_top:u_cpu|write_back_cycle:write_back|Mux4x1:WB_mux|e[3]~23                                  ; 34      ;
; SoC_Top:u_soc|Pipeline_top:u_cpu|write_back_cycle:write_back|Mux4x1:WB_mux|e[2]~21                                  ; 34      ;
; SoC_Top:u_soc|Pipeline_top:u_cpu|write_back_cycle:write_back|Mux4x1:WB_mux|e[29]~19                                 ; 34      ;
; SoC_Top:u_soc|Pipeline_top:u_cpu|write_back_cycle:write_back|Mux4x1:WB_mux|e[28]~17                                 ; 34      ;
; SoC_Top:u_soc|Pipeline_top:u_cpu|write_back_cycle:write_back|Mux4x1:WB_mux|e[31]~15                                 ; 34      ;
; SoC_Top:u_soc|Pipeline_top:u_cpu|write_back_cycle:write_back|Mux4x1:WB_mux|e[30]~13                                 ; 34      ;
; SoC_Top:u_soc|Pipeline_top:u_cpu|write_back_cycle:write_back|Mux4x1:WB_mux|e[25]~11                                 ; 34      ;
; SoC_Top:u_soc|Pipeline_top:u_cpu|write_back_cycle:write_back|Mux4x1:WB_mux|e[24]~9                                  ; 34      ;
; SoC_Top:u_soc|Pipeline_top:u_cpu|write_back_cycle:write_back|Mux4x1:WB_mux|e[1]~7                                   ; 34      ;
; SoC_Top:u_soc|Pipeline_top:u_cpu|write_back_cycle:write_back|Mux4x1:WB_mux|e[27]~5                                  ; 34      ;
; SoC_Top:u_soc|Pipeline_top:u_cpu|write_back_cycle:write_back|Mux4x1:WB_mux|e[26]~3                                  ; 34      ;
; SoC_Top:u_soc|Pipeline_top:u_cpu|write_back_cycle:write_back|Mux4x1:WB_mux|e[0]~1                                   ; 34      ;
; SoC_Top:u_soc|apb_timer:u_timer|load_reg[31]~1                                                                      ; 33      ;
; SoC_Top:u_soc|apb_gpio:u_gpio|data_out_reg[0]~3                                                                     ; 32      ;
; SoC_Top:u_soc|apb_timer:u_timer|value_reg[31]~15                                                                    ; 32      ;
; SoC_Top:u_soc|apb_timer:u_timer|value_reg[31]~1                                                                     ; 32      ;
; SoC_Top:u_soc|apb_timer:u_timer|value_reg~0                                                                         ; 32      ;
; SoC_Top:u_soc|Pipeline_top:u_cpu|fetch_cycle:fetch|Instruction_Memory:I_Memory|mem~43                               ; 32      ;
; SoC_Top:u_soc|apb_pwm:u_pwm|period_reg[31]~0                                                                        ; 32      ;
; SoC_Top:u_soc|Pipeline_top:u_cpu|decode_cycle:decode|CSR_Unit:u_csr|mtvec[2]~0                                      ; 32      ;
; SoC_Top:u_soc|Pipeline_top:u_cpu|decode_cycle:decode|CSR_Unit:u_csr|mepc[17]~31                                     ; 32      ;
; SoC_Top:u_soc|Pipeline_top:u_cpu|decode_cycle:decode|CSR_Unit:u_csr|mcause[28]~1                                    ; 32      ;
; SoC_Top:u_soc|Pipeline_top:u_cpu|decode_cycle:decode|Register_File:Reg_file|Register~2352                           ; 32      ;
; SoC_Top:u_soc|Pipeline_top:u_cpu|decode_cycle:decode|Register_File:Reg_file|Register~2351                           ; 32      ;
; SoC_Top:u_soc|Pipeline_top:u_cpu|decode_cycle:decode|Register_File:Reg_file|Register~2350                           ; 32      ;
; SoC_Top:u_soc|Pipeline_top:u_cpu|decode_cycle:decode|Register_File:Reg_file|Register~2349                           ; 32      ;
; SoC_Top:u_soc|Pipeline_top:u_cpu|decode_cycle:decode|Register_File:Reg_file|Register~2348                           ; 32      ;
; SoC_Top:u_soc|Pipeline_top:u_cpu|decode_cycle:decode|Register_File:Reg_file|Register~2347                           ; 32      ;
; SoC_Top:u_soc|Pipeline_top:u_cpu|decode_cycle:decode|Register_File:Reg_file|Register~2346                           ; 32      ;
; SoC_Top:u_soc|Pipeline_top:u_cpu|decode_cycle:decode|Register_File:Reg_file|Register~2345                           ; 32      ;
; SoC_Top:u_soc|Pipeline_top:u_cpu|decode_cycle:decode|Register_File:Reg_file|Register~2344                           ; 32      ;
; SoC_Top:u_soc|Pipeline_top:u_cpu|decode_cycle:decode|Register_File:Reg_file|Register~2343                           ; 32      ;
; SoC_Top:u_soc|Pipeline_top:u_cpu|decode_cycle:decode|Register_File:Reg_file|Register~2342                           ; 32      ;
; SoC_Top:u_soc|Pipeline_top:u_cpu|decode_cycle:decode|Register_File:Reg_file|Register~2341                           ; 32      ;
; SoC_Top:u_soc|Pipeline_top:u_cpu|decode_cycle:decode|Register_File:Reg_file|Register~2340                           ; 32      ;
; SoC_Top:u_soc|Pipeline_top:u_cpu|decode_cycle:decode|Register_File:Reg_file|Register~2339                           ; 32      ;
; SoC_Top:u_soc|Pipeline_top:u_cpu|decode_cycle:decode|Register_File:Reg_file|Register~2338                           ; 32      ;
; SoC_Top:u_soc|Pipeline_top:u_cpu|decode_cycle:decode|Register_File:Reg_file|Register~2337                           ; 32      ;
; SoC_Top:u_soc|Pipeline_top:u_cpu|decode_cycle:decode|Register_File:Reg_file|Register~2335                           ; 32      ;
; SoC_Top:u_soc|Pipeline_top:u_cpu|decode_cycle:decode|Register_File:Reg_file|Register~2333                           ; 32      ;
; SoC_Top:u_soc|Pipeline_top:u_cpu|decode_cycle:decode|Register_File:Reg_file|Register~2331                           ; 32      ;
; SoC_Top:u_soc|Pipeline_top:u_cpu|decode_cycle:decode|Register_File:Reg_file|Register~2329                           ; 32      ;
; SoC_Top:u_soc|Pipeline_top:u_cpu|decode_cycle:decode|Register_File:Reg_file|Register~2327                           ; 32      ;
; SoC_Top:u_soc|Pipeline_top:u_cpu|decode_cycle:decode|Register_File:Reg_file|Register~2325                           ; 32      ;
; SoC_Top:u_soc|Pipeline_top:u_cpu|decode_cycle:decode|Register_File:Reg_file|Register~2323                           ; 32      ;
; SoC_Top:u_soc|Pipeline_top:u_cpu|decode_cycle:decode|Register_File:Reg_file|Register~2321                           ; 32      ;
; SoC_Top:u_soc|Pipeline_top:u_cpu|decode_cycle:decode|Register_File:Reg_file|Register~2319                           ; 32      ;
; SoC_Top:u_soc|Pipeline_top:u_cpu|decode_cycle:decode|Register_File:Reg_file|Register~2317                           ; 32      ;
; SoC_Top:u_soc|Pipeline_top:u_cpu|decode_cycle:decode|Register_File:Reg_file|Register~2315                           ; 32      ;
; SoC_Top:u_soc|Pipeline_top:u_cpu|decode_cycle:decode|Register_File:Reg_file|Register~2313                           ; 32      ;
; SoC_Top:u_soc|Pipeline_top:u_cpu|decode_cycle:decode|Register_File:Reg_file|Register~2311                           ; 32      ;
; SoC_Top:u_soc|Pipeline_top:u_cpu|decode_cycle:decode|Register_File:Reg_file|Register~2309                           ; 32      ;
; SoC_Top:u_soc|Pipeline_top:u_cpu|decode_cycle:decode|Register_File:Reg_file|Register~2307                           ; 32      ;
; SoC_Top:u_soc|Pipeline_top:u_cpu|decode_cycle:decode|Register_File:Reg_file|Register~2305                           ; 32      ;
; SoC_Top:u_soc|Pipeline_top:u_cpu|memory_cycle:memory|Data_Memory:data_memory|mem~90                                 ; 32      ;
; SoC_Top:u_soc|Pipeline_top:u_cpu|memory_cycle:memory|apb_master:u_apb_master|rdata[31]~1                            ; 32      ;
; SoC_Top:u_soc|Pipeline_top:u_cpu|fetch_cycle:fetch|Instruction_Memory:I_Memory|mem~39                               ; 32      ;
; SoC_Top:u_soc|Pipeline_top:u_cpu|fetch_cycle:fetch|InstrF_reg[0]~29                                                 ; 32      ;
; SoC_Top:u_soc|Pipeline_top:u_cpu|execute_cycle:execute|PCSrcE~0                                                     ; 32      ;
; SoC_Top:u_soc|Pipeline_top:u_cpu|fetch_cycle:fetch|Instruction_Memory:I_Memory|mem~0                                ; 32      ;
; SoC_Top:u_soc|apb_pwm:u_pwm|duty_reg[3][31]~3                                                                       ; 32      ;
; SoC_Top:u_soc|apb_pwm:u_pwm|duty_reg[2][31]~2                                                                       ; 32      ;
; SoC_Top:u_soc|apb_pwm:u_pwm|duty_reg[1][31]~1                                                                       ; 32      ;
; SoC_Top:u_soc|apb_pwm:u_pwm|ctrl_reg[31]~0                                                                          ; 32      ;
; SoC_Top:u_soc|apb_pwm:u_pwm|duty_reg[0][31]~0                                                                       ; 32      ;
; SoC_Top:u_soc|apb_pwm:u_pwm|counter[3]~96                                                                           ; 32      ;
; SoC_Top:u_soc|Pipeline_top:u_cpu|fetch_cycle:fetch|InstrD[13]~10                                                    ; 32      ;
; SoC_Top:u_soc|Pipeline_top:u_cpu|decode_cycle:decode|RD2_D_reg[11]~1                                                ; 32      ;
; SoC_Top:u_soc|apb_gpio:u_gpio|dir_reg[0]~0                                                                          ; 32      ;
; SoC_Top:u_soc|Pipeline_top:u_cpu|hazard_unit:hazard|ForwardAE[0]~10                                                 ; 32      ;
; SoC_Top:u_soc|Pipeline_top:u_cpu|hazard_unit:hazard|ForwardBE[0]~7                                                  ; 32      ;
; SoC_Top:u_soc|Pipeline_top:u_cpu|decode_cycle:decode|CSR_Unit:u_csr|Equal4~9                                        ; 31      ;
; SoC_Top:u_soc|Pipeline_top:u_cpu|memory_cycle:memory|apb_master:u_apb_master|rdata[18]~6                            ; 30      ;
; SoC_Top:u_soc|Pipeline_top:u_cpu|decode_cycle:decode|CSR_Unit:u_csr|Selector28~12                                   ; 29      ;
; SoC_Top:u_soc|Pipeline_top:u_cpu|memory_cycle:memory|Data_Memory:data_memory|mem~39                                 ; 29      ;
; SoC_Top:u_soc|Pipeline_top:u_cpu|memory_cycle:memory|Equal0~0                                                       ; 29      ;
; SoC_Top:u_soc|Pipeline_top:u_cpu|decode_cycle:decode|RD1_D_reg~0                                                    ; 27      ;
; SoC_Top:u_soc|Pipeline_top:u_cpu|decode_cycle:decode|csr_wdata_val[11]~0                                            ; 27      ;
; SoC_Top:u_soc|Pipeline_top:u_cpu|execute_cycle:execute|Funct3E_reg[2]                                               ; 26      ;
; SoC_Top:u_soc|Pipeline_top:u_cpu|memory_cycle:memory|Data_Memory:data_memory|mem~0                                  ; 26      ;
; SoC_Top:u_soc|Pipeline_top:u_cpu|execute_cycle:execute|ALU:alu|Result[2]~90                                         ; 26      ;
; SoC_Top:u_soc|Pipeline_top:u_cpu|memory_cycle:memory|apb_master:u_apb_master|rdata[18]~7                            ; 25      ;
; SoC_Top:u_soc|Pipeline_top:u_cpu|execute_cycle:execute|Mux3x1:mux_alu_src_A|d[31]~5                                 ; 25      ;
; SoC_Top:u_soc|Pipeline_top:u_cpu|memory_cycle:memory|apb_master:u_apb_master|rdata[23]~4                            ; 23      ;
; SoC_Top:u_soc|Pipeline_top:u_cpu|memory_cycle:memory|apb_master:u_apb_master|PADDR[11]                              ; 23      ;
; SoC_Top:u_soc|Pipeline_top:u_cpu|memory_cycle:memory|apb_master:u_apb_master|PWDATA[0]                              ; 22      ;
; SoC_Top:u_soc|apb_spi_master:u_spi|spi_state.S_DONE                                                                 ; 21      ;
; SoC_Top:u_soc|Pipeline_top:u_cpu|memory_cycle:memory|RD_M_reg[4]                                                    ; 20      ;
; SoC_Top:u_soc|Pipeline_top:u_cpu|memory_cycle:memory|RD_M_reg[0]                                                    ; 20      ;
; SoC_Top:u_soc|Pipeline_top:u_cpu|memory_cycle:memory|apb_master:u_apb_master|rdata[5]~15                            ; 19      ;
; SoC_Top:u_soc|apb_spi_master:u_spi|spi_state.S_TRANSFER                                                             ; 19      ;
; SoC_Top:u_soc|Pipeline_top:u_cpu|memory_cycle:memory|RD_M_reg[1]                                                    ; 19      ;
; SoC_Top:u_soc|Pipeline_top:u_cpu|memory_cycle:memory|RD_M_reg[2]                                                    ; 19      ;
; SoC_Top:u_soc|Pipeline_top:u_cpu|memory_cycle:memory|RD_M_reg[3]                                                    ; 19      ;
; SoC_Top:u_soc|Pipeline_top:u_cpu|memory_cycle:memory|apb_master:u_apb_master|PWDATA[1]                              ; 19      ;
; SoC_Top:u_soc|Pipeline_top:u_cpu|memory_cycle:memory|apb_master:u_apb_master|rdata[5]~13                            ; 18      ;
; SoC_Top:u_soc|Pipeline_top:u_cpu|memory_cycle:memory|apb_master:u_apb_master|rdata[5]~12                            ; 18      ;
; SoC_Top:u_soc|apb_i2c_master:u_i2c|bit_cnt[0]                                                                       ; 18      ;
; SoC_Top:u_soc|apb_i2c_master:u_i2c|WideOr0~0                                                                        ; 18      ;
; SoC_Top:u_soc|Pipeline_top:u_cpu|memory_cycle:memory|RegWriteM_reg                                                  ; 18      ;
; SoC_Top:u_soc|Pipeline_top:u_cpu|memory_cycle:memory|apb_master:u_apb_master|PWDATA[2]                              ; 18      ;
; SoC_Top:u_soc|Pipeline_top:u_cpu|memory_cycle:memory|apb_master:u_apb_master|rdata[5]~16                            ; 17      ;
; SoC_Top:u_soc|apb_i2c_master:u_i2c|bit_cnt[1]                                                                       ; 17      ;
; SoC_Top:u_soc|Pipeline_top:u_cpu|execute_cycle:execute|Mux3x1:mux_alu_src_A|d[31]~43                                ; 17      ;
; SoC_Top:u_soc|Pipeline_top:u_cpu|execute_cycle:execute|ALUResultE_reg[1]                                            ; 17      ;
; SoC_Top:u_soc|Pipeline_top:u_cpu|memory_cycle:memory|apb_master:u_apb_master|PWDATA[3]                              ; 17      ;
; ~GND                                                                                                                ; 16      ;
; SoC_Top:u_soc|apb_timer:u_timer|prescale_cnt[5]~21                                                                  ; 16      ;
; SoC_Top:u_soc|apb_timer:u_timer|prescale_cnt[5]~20                                                                  ; 16      ;
; SoC_Top:u_soc|apb_timer:u_timer|prescale_reg[15]~0                                                                  ; 16      ;
; SoC_Top:u_soc|Pipeline_top:u_cpu|decode_cycle:decode|Register_File:Reg_file|Register~2336                           ; 16      ;
; SoC_Top:u_soc|apb_i2c_master:u_i2c|prescale_reg[15]~0                                                               ; 16      ;
; SoC_Top:u_soc|Pipeline_top:u_cpu|memory_cycle:memory|ReadDataM[31]~4                                                ; 16      ;
; SoC_Top:u_soc|Pipeline_top:u_cpu|execute_cycle:execute|ALU:alu|Result[13]~113                                       ; 16      ;
; SoC_Top:u_soc|Pipeline_top:u_cpu|execute_cycle:execute|ALU:alu|Result[2]~72                                         ; 16      ;
; SoC_Top:u_soc|Pipeline_top:u_cpu|execute_cycle:execute|ALU:alu|Result[4]~66                                         ; 16      ;
; SoC_Top:u_soc|apb_uart:u_uart|UART_TOP:u_uart|UART_TX:u_tx|Equal1~2                                                 ; 16      ;
; SoC_Top:u_soc|Pipeline_top:u_cpu|execute_cycle:execute|ALUResultE_reg[10]                                           ; 16      ;
; SoC_Top:u_soc|Pipeline_top:u_cpu|execute_cycle:execute|ALUResultE_reg[9]                                            ; 16      ;
; SoC_Top:u_soc|Pipeline_top:u_cpu|execute_cycle:execute|ALUResultE_reg[8]                                            ; 16      ;
; SoC_Top:u_soc|Pipeline_top:u_cpu|memory_cycle:memory|apb_master:u_apb_master|PWDATA[7]                              ; 16      ;
; SoC_Top:u_soc|Pipeline_top:u_cpu|memory_cycle:memory|apb_master:u_apb_master|PWDATA[6]                              ; 16      ;
; SoC_Top:u_soc|Pipeline_top:u_cpu|memory_cycle:memory|apb_master:u_apb_master|PWDATA[5]                              ; 16      ;
; SoC_Top:u_soc|Pipeline_top:u_cpu|memory_cycle:memory|apb_master:u_apb_master|PWDATA[4]                              ; 16      ;
; SoC_Top:u_soc|apb_pwm:u_pwm|apb_write~2                                                                             ; 16      ;
; SoC_Top:u_soc|apb_i2c_master:u_i2c|bit_cnt[2]                                                                       ; 15      ;
; SoC_Top:u_soc|Pipeline_top:u_cpu|execute_cycle:execute|ALU:alu|Result[28]~69                                        ; 15      ;
; SoC_Top:u_soc|Pipeline_top:u_cpu|execute_cycle:execute|ALUResultE_reg[7]                                            ; 15      ;
; SoC_Top:u_soc|Pipeline_top:u_cpu|execute_cycle:execute|ALUResultE_reg[6]                                            ; 15      ;
; SoC_Top:u_soc|Pipeline_top:u_cpu|execute_cycle:execute|ALUResultE_reg[5]                                            ; 15      ;
; SoC_Top:u_soc|Pipeline_top:u_cpu|execute_cycle:execute|ALUResultE_reg[4]                                            ; 15      ;
; SoC_Top:u_soc|Pipeline_top:u_cpu|execute_cycle:execute|ALUResultE_reg[2]                                            ; 15      ;
; SoC_Top:u_soc|Pipeline_top:u_cpu|execute_cycle:execute|ALUResultE_reg[3]                                            ; 15      ;
; SoC_Top:u_soc|apb_uart:u_uart|UART_TOP:u_uart|UART_TX:u_tx|state.S_IDLE                                             ; 15      ;
; SoC_Top:u_soc|Pipeline_top:u_cpu|execute_cycle:execute|Funct3E_reg[0]                                               ; 14      ;
; SoC_Top:u_soc|Pipeline_top:u_cpu|execute_cycle:execute|ALU:alu|Result[28]~68                                        ; 14      ;
; SoC_Top:u_soc|Pipeline_top:u_cpu|hazard_unit:hazard|ForwardAE~6                                                     ; 14      ;
; SoC_Top:u_soc|Pipeline_top:u_cpu|hazard_unit:hazard|ForwardAE~4                                                     ; 14      ;
; SoC_Top:u_soc|apb_uart:u_uart|UART_TOP:u_uart|UART_RX:u_rx|state.S_IDLE                                             ; 13      ;
; SoC_Top:u_soc|apb_uart:u_uart|UART_TOP:u_uart|UART_RX:u_rx|bit_idx[1]                                               ; 13      ;
; SoC_Top:u_soc|UART_LOADER:u_loader|state.S_IDLE                                                                     ; 13      ;
; SoC_Top:u_soc|apb_i2c_master:u_i2c|state.ST_IDLE                                                                    ; 13      ;
; SoC_Top:u_soc|UART_RX:u_boot_rx|state.S_IDLE                                                                        ; 13      ;
; SoC_Top:u_soc|UART_RX:u_boot_rx|bit_idx[1]                                                                          ; 13      ;
; SoC_Top:u_soc|Pipeline_top:u_cpu|execute_cycle:execute|ALU:alu|Result[13]~110                                       ; 13      ;
; SoC_Top:u_soc|Pipeline_top:u_cpu|execute_cycle:execute|ALU:alu|Result[28]~67                                        ; 13      ;
; SoC_Top:u_soc|Pipeline_top:u_cpu|memory_cycle:memory|apb_master:u_apb_master|PWDATA[15]                             ; 13      ;
; SoC_Top:u_soc|Pipeline_top:u_cpu|memory_cycle:memory|apb_master:u_apb_master|PWDATA[14]                             ; 13      ;
; SoC_Top:u_soc|Pipeline_top:u_cpu|memory_cycle:memory|apb_master:u_apb_master|PWDATA[13]                             ; 13      ;
; SoC_Top:u_soc|Pipeline_top:u_cpu|memory_cycle:memory|apb_master:u_apb_master|PWDATA[12]                             ; 13      ;
; SoC_Top:u_soc|Pipeline_top:u_cpu|memory_cycle:memory|apb_master:u_apb_master|PWDATA[11]                             ; 13      ;
; SoC_Top:u_soc|Pipeline_top:u_cpu|memory_cycle:memory|apb_master:u_apb_master|PWDATA[10]                             ; 13      ;
; SoC_Top:u_soc|Pipeline_top:u_cpu|memory_cycle:memory|apb_master:u_apb_master|PWDATA[9]                              ; 13      ;
; SoC_Top:u_soc|Pipeline_top:u_cpu|memory_cycle:memory|apb_master:u_apb_master|PWDATA[8]                              ; 13      ;
; SoC_Top:u_soc|apb_uart:u_uart|UART_TOP:u_uart|UART_RX:u_rx|Selector14~2                                             ; 12      ;
; SoC_Top:u_soc|apb_uart:u_uart|UART_TOP:u_uart|UART_RX:u_rx|rx_ff2                                                   ; 12      ;
; SoC_Top:u_soc|apb_uart:u_uart|UART_TOP:u_uart|UART_RX:u_rx|bit_idx[0]                                               ; 12      ;
; SoC_Top:u_soc|Pipeline_top:u_cpu|memory_cycle:memory|apb_master:u_apb_master|rdata[8]~22                            ; 12      ;
; SoC_Top:u_soc|Pipeline_top:u_cpu|memory_cycle:memory|apb_master:u_apb_master|rdata[8]~21                            ; 12      ;
; SoC_Top:u_soc|Pipeline_top:u_cpu|memory_cycle:memory|apb_master:u_apb_master|rdata[23]~2                            ; 12      ;
; SoC_Top:u_soc|UART_RX:u_boot_rx|Selector16~3                                                                        ; 12      ;
; SoC_Top:u_soc|Pipeline_top:u_cpu|memory_cycle:memory|ReadDataM_reg[14]~5                                            ; 12      ;
; SoC_Top:u_soc|Pipeline_top:u_cpu|memory_cycle:memory|ReadDataM_reg[14]~4                                            ; 12      ;
; SoC_Top:u_soc|Pipeline_top:u_cpu|decode_cycle:decode|Control_Unit_Top:control|Main_Decoder:Main_Decoder|ImmSrc[2]~2 ; 12      ;
; SoC_Top:u_soc|apb_i2c_master:u_i2c|state.ST_RX_SCL_HI                                                               ; 12      ;
; SoC_Top:u_soc|UART_RX:u_boot_rx|rx_ff2                                                                              ; 12      ;
; SoC_Top:u_soc|UART_RX:u_boot_rx|bit_idx[0]                                                                          ; 12      ;
; SoC_Top:u_soc|Pipeline_top:u_cpu|execute_cycle:execute|ALU:alu|ShiftRight1~7                                        ; 12      ;
; SoC_Top:u_soc|Pipeline_top:u_cpu|fetch_cycle:fetch|InstrF_reg[31]                                                   ; 12      ;
; SoC_Top:u_soc|apb_uart:u_uart|UART_TOP:u_uart|UART_RX:u_rx|bit_idx[2]                                               ; 11      ;
; SoC_Top:u_soc|Pipeline_top:u_cpu|fetch_cycle:fetch|Mux:Trap_PC_MUX|c[11]~21                                         ; 11      ;
; SoC_Top:u_soc|Pipeline_top:u_cpu|fetch_cycle:fetch|Mux:Trap_PC_MUX|c[10]~19                                         ; 11      ;
; SoC_Top:u_soc|Pipeline_top:u_cpu|fetch_cycle:fetch|Mux:Trap_PC_MUX|c[9]~17                                          ; 11      ;
; SoC_Top:u_soc|Pipeline_top:u_cpu|fetch_cycle:fetch|Mux:Trap_PC_MUX|c[8]~14                                          ; 11      ;
; SoC_Top:u_soc|Pipeline_top:u_cpu|fetch_cycle:fetch|Mux:Trap_PC_MUX|c[7]~12                                          ; 11      ;
; SoC_Top:u_soc|Pipeline_top:u_cpu|fetch_cycle:fetch|Mux:Trap_PC_MUX|c[6]~10                                          ; 11      ;
; SoC_Top:u_soc|Pipeline_top:u_cpu|fetch_cycle:fetch|Mux:Trap_PC_MUX|c[5]~8                                           ; 11      ;
; SoC_Top:u_soc|Pipeline_top:u_cpu|fetch_cycle:fetch|Mux:Trap_PC_MUX|c[4]~6                                           ; 11      ;
; SoC_Top:u_soc|Pipeline_top:u_cpu|fetch_cycle:fetch|Mux:Trap_PC_MUX|c[3]~4                                           ; 11      ;
; SoC_Top:u_soc|Pipeline_top:u_cpu|fetch_cycle:fetch|Mux:Trap_PC_MUX|c[2]~2                                           ; 11      ;
; SoC_Top:u_soc|apb_i2c_master:u_i2c|always2~1                                                                        ; 11      ;
; SoC_Top:u_soc|Pipeline_top:u_cpu|decode_cycle:decode|Imm_Ext_D_reg~11                                               ; 11      ;
; SoC_Top:u_soc|Pipeline_top:u_cpu|decode_cycle:decode|Imm_Ext_D_reg~10                                               ; 11      ;
; SoC_Top:u_soc|Pipeline_top:u_cpu|execute_cycle:execute|ALU:alu|Result[4]~157                                        ; 11      ;
; SoC_Top:u_soc|Pipeline_top:u_cpu|memory_cycle:memory|ReadDataM_reg[1]~2                                             ; 11      ;
; SoC_Top:u_soc|UART_RX:u_boot_rx|bit_idx[2]                                                                          ; 11      ;
; SoC_Top:u_soc|UART_RX:u_boot_rx|rx_valid                                                                            ; 11      ;
; SW[15]                                                                                                              ; 10      ;
; SW[14]                                                                                                              ; 10      ;
; SW[13]                                                                                                              ; 10      ;
; SW[11]                                                                                                              ; 10      ;
; SW[10]                                                                                                              ; 10      ;
; SW[9]                                                                                                               ; 10      ;
; SW[8]                                                                                                               ; 10      ;
; SW[7]                                                                                                               ; 10      ;
; SW[6]                                                                                                               ; 10      ;
; SW[5]                                                                                                               ; 10      ;
; SW[4]                                                                                                               ; 10      ;
; SW[3]                                                                                                               ; 10      ;
; SW[2]                                                                                                               ; 10      ;
; SW[1]                                                                                                               ; 10      ;
; SW[0]                                                                                                               ; 10      ;
; SoC_Top:u_soc|apb_spi_master:u_spi|cpha~2                                                                           ; 10      ;
; SoC_Top:u_soc|apb_uart:u_uart|UART_TOP:u_uart|UART_RX:u_rx|clk_cnt[8]~1                                             ; 10      ;
; SoC_Top:u_soc|UART_LOADER:u_loader|write_addr[2]                                                                    ; 10      ;
; SoC_Top:u_soc|UART_LOADER:u_loader|write_addr[3]                                                                    ; 10      ;
; SoC_Top:u_soc|UART_LOADER:u_loader|write_addr[4]                                                                    ; 10      ;
; SoC_Top:u_soc|UART_LOADER:u_loader|write_addr[5]                                                                    ; 10      ;
; SoC_Top:u_soc|UART_LOADER:u_loader|write_addr[6]                                                                    ; 10      ;
; SoC_Top:u_soc|UART_LOADER:u_loader|write_addr[7]                                                                    ; 10      ;
; SoC_Top:u_soc|UART_LOADER:u_loader|write_addr[8]                                                                    ; 10      ;
; SoC_Top:u_soc|UART_LOADER:u_loader|write_addr[9]                                                                    ; 10      ;
; SoC_Top:u_soc|UART_LOADER:u_loader|write_addr[10]                                                                   ; 10      ;
; SoC_Top:u_soc|UART_LOADER:u_loader|write_addr[11]                                                                   ; 10      ;
; SoC_Top:u_soc|UART_LOADER:u_loader|we                                                                               ; 10      ;
; SoC_Top:u_soc|apb_uart:u_uart|UART_TOP:u_uart|UART_RX:u_rx|Selector13~0                                             ; 10      ;
; SoC_Top:u_soc|Pipeline_top:u_cpu|execute_cycle:execute|PCTargetE[12]~9                                              ; 10      ;
; SoC_Top:u_soc|Pipeline_top:u_cpu|memory_cycle:memory|apb_master:u_apb_master|PWDATA[16]                             ; 10      ;
; SoC_Top:u_soc|Pipeline_top:u_cpu|memory_cycle:memory|apb_master:u_apb_master|PWDATA[17]                             ; 10      ;
; SoC_Top:u_soc|Pipeline_top:u_cpu|memory_cycle:memory|apb_master:u_apb_master|PWDATA[18]                             ; 10      ;
; SoC_Top:u_soc|Pipeline_top:u_cpu|memory_cycle:memory|apb_master:u_apb_master|PWDATA[19]                             ; 10      ;
; SoC_Top:u_soc|Pipeline_top:u_cpu|memory_cycle:memory|apb_master:u_apb_master|PWDATA[20]                             ; 10      ;
; SoC_Top:u_soc|Pipeline_top:u_cpu|memory_cycle:memory|apb_master:u_apb_master|PWDATA[21]                             ; 10      ;
; SoC_Top:u_soc|Pipeline_top:u_cpu|memory_cycle:memory|apb_master:u_apb_master|PWDATA[22]                             ; 10      ;
; SoC_Top:u_soc|Pipeline_top:u_cpu|memory_cycle:memory|apb_master:u_apb_master|PWDATA[23]                             ; 10      ;
; SoC_Top:u_soc|Pipeline_top:u_cpu|memory_cycle:memory|apb_master:u_apb_master|PWDATA[24]                             ; 10      ;
; SoC_Top:u_soc|Pipeline_top:u_cpu|memory_cycle:memory|apb_master:u_apb_master|PWDATA[25]                             ; 10      ;
; SoC_Top:u_soc|Pipeline_top:u_cpu|memory_cycle:memory|apb_master:u_apb_master|PWDATA[26]                             ; 10      ;
; SoC_Top:u_soc|Pipeline_top:u_cpu|memory_cycle:memory|apb_master:u_apb_master|PWDATA[27]                             ; 10      ;
; SoC_Top:u_soc|Pipeline_top:u_cpu|memory_cycle:memory|apb_master:u_apb_master|PWDATA[28]                             ; 10      ;
; SoC_Top:u_soc|Pipeline_top:u_cpu|memory_cycle:memory|apb_master:u_apb_master|PWDATA[29]                             ; 10      ;
; SoC_Top:u_soc|Pipeline_top:u_cpu|memory_cycle:memory|apb_master:u_apb_master|PWDATA[30]                             ; 10      ;
; SoC_Top:u_soc|apb_pwm:u_pwm|apb_write~3                                                                             ; 10      ;
; SoC_Top:u_soc|Pipeline_top:u_cpu|memory_cycle:memory|apb_master:u_apb_master|PWDATA[31]                             ; 10      ;
; SoC_Top:u_soc|Pipeline_top:u_cpu|memory_cycle:memory|ReadDataM_reg[1]~1                                             ; 10      ;
; SoC_Top:u_soc|UART_RX:u_boot_rx|clk_cnt[9]~1                                                                        ; 10      ;
; SoC_Top:u_soc|UART_RX:u_boot_rx|Selector15~0                                                                        ; 10      ;
; SoC_Top:u_soc|apb_gpio:u_gpio|data_out_reg[12]                                                                      ; 10      ;
; SoC_Top:u_soc|Pipeline_top:u_cpu|fetch_cycle:fetch|InstrF_reg[14]                                                   ; 10      ;
; SoC_Top:u_soc|Pipeline_top:u_cpu|fetch_cycle:fetch|InstrF_reg[19]                                                   ; 10      ;
; SoC_Top:u_soc|apb_spi_master:u_spi|spi_start~2                                                                      ; 9       ;
; SoC_Top:u_soc|apb_uart:u_uart|tx_start~3                                                                            ; 9       ;
; SoC_Top:u_soc|UART_LOADER:u_loader|instr_buf[0]~0                                                                   ; 9       ;
; SoC_Top:u_soc|apb_i2c_master:u_i2c|Selector21~1                                                                     ; 9       ;
; SoC_Top:u_soc|apb_i2c_master:u_i2c|Selector21~0                                                                     ; 9       ;
; SoC_Top:u_soc|UART_LOADER:u_loader|Selector35~0                                                                     ; 9       ;
; SoC_Top:u_soc|apb_uart:u_uart|UART_TOP:u_uart|UART_RX:u_rx|rx_valid                                                 ; 9       ;
; SoC_Top:u_soc|Pipeline_top:u_cpu|decode_cycle:decode|Control_Unit_Top:control|Equal0~2                              ; 9       ;
; SoC_Top:u_soc|Pipeline_top:u_cpu|decode_cycle:decode|RS2_D_reg~5                                                    ; 9       ;
; SoC_Top:u_soc|apb_i2c_master:u_i2c|cmd_stop                                                                         ; 9       ;
; SoC_Top:u_soc|apb_i2c_master:u_i2c|cmd_read                                                                         ; 9       ;
; SoC_Top:u_soc|apb_i2c_master:u_i2c|cmd_start                                                                        ; 9       ;
; SoC_Top:u_soc|apb_uart:u_uart|UART_TOP:u_uart|UART_TX:u_tx|tx_shift[7]~0                                            ; 9       ;
; SoC_Top:u_soc|apb_interconnect:u_apb_ic|PRDATA[3]~12                                                                ; 9       ;
; SoC_Top:u_soc|apb_gpio:u_gpio|data_out_reg[15]                                                                      ; 9       ;
; SoC_Top:u_soc|apb_gpio:u_gpio|data_out_reg[14]                                                                      ; 9       ;
; SoC_Top:u_soc|apb_gpio:u_gpio|data_out_reg[13]                                                                      ; 9       ;
; SoC_Top:u_soc|apb_gpio:u_gpio|data_out_reg[11]                                                                      ; 9       ;
; SoC_Top:u_soc|apb_gpio:u_gpio|data_out_reg[10]                                                                      ; 9       ;
; SoC_Top:u_soc|apb_gpio:u_gpio|data_out_reg[9]                                                                       ; 9       ;
; SoC_Top:u_soc|apb_gpio:u_gpio|data_out_reg[8]                                                                       ; 9       ;
; SoC_Top:u_soc|apb_gpio:u_gpio|data_out_reg[7]                                                                       ; 9       ;
; SoC_Top:u_soc|apb_gpio:u_gpio|data_out_reg[6]                                                                       ; 9       ;
; SoC_Top:u_soc|apb_gpio:u_gpio|data_out_reg[5]                                                                       ; 9       ;
; SoC_Top:u_soc|apb_gpio:u_gpio|data_out_reg[4]                                                                       ; 9       ;
; SoC_Top:u_soc|apb_gpio:u_gpio|data_out_reg[3]                                                                       ; 9       ;
; SoC_Top:u_soc|apb_gpio:u_gpio|data_out_reg[2]                                                                       ; 9       ;
; SoC_Top:u_soc|apb_gpio:u_gpio|data_out_reg[1]                                                                       ; 9       ;
; SoC_Top:u_soc|apb_gpio:u_gpio|data_out_reg[0]                                                                       ; 9       ;
; SoC_Top:u_soc|Pipeline_top:u_cpu|decode_cycle:decode|Register_File:Reg_file|RD1[1]~9                                ; 8       ;
; SoC_Top:u_soc|UART_LOADER:u_loader|instr_buf[8]~2                                                                   ; 8       ;
; SoC_Top:u_soc|UART_LOADER:u_loader|instr_buf[16]~1                                                                  ; 8       ;
; SoC_Top:u_soc|apb_uart:u_uart|UART_TOP:u_uart|UART_RX:u_rx|state.S_DATA                                             ; 8       ;
; SoC_Top:u_soc|apb_i2c_master:u_i2c|rx_data_reg[7]~0                                                                 ; 8       ;
; SoC_Top:u_soc|apb_interconnect:u_apb_ic|PRDATA[8]~234                                                               ; 8       ;
; SoC_Top:u_soc|Pipeline_top:u_cpu|memory_cycle:memory|apb_master:u_apb_master|rdata[5]~14                            ; 8       ;
; SoC_Top:u_soc|Pipeline_top:u_cpu|memory_cycle:memory|apb_master:u_apb_master|rdata[18]~8                            ; 8       ;
; SoC_Top:u_soc|apb_interconnect:u_apb_ic|PRDATA[31]~21                                                               ; 8       ;
; SoC_Top:u_soc|apb_uart:u_uart|UART_TOP:u_uart|UART_RX:u_rx|Equal2~1                                                 ; 8       ;
; SoC_Top:u_soc|apb_i2c_master:u_i2c|Selector44~1                                                                     ; 8       ;
; SoC_Top:u_soc|apb_i2c_master:u_i2c|Selector41~2                                                                     ; 8       ;
; SoC_Top:u_soc|apb_spi_master:u_spi|Add0~0                                                                           ; 8       ;
; SoC_Top:u_soc|Pipeline_top:u_cpu|decode_cycle:decode|Imm_Ext_D_reg[19]~23                                           ; 8       ;
; SoC_Top:u_soc|Pipeline_top:u_cpu|memory_cycle:memory|Data_Memory:data_memory|RD~0                                   ; 8       ;
; SoC_Top:u_soc|Pipeline_top:u_cpu|execute_cycle:execute|ALU:alu|Result[4]~261                                        ; 8       ;
; SoC_Top:u_soc|Pipeline_top:u_cpu|execute_cycle:execute|ALU:alu|Result[24]~156                                       ; 8       ;
; SoC_Top:u_soc|Pipeline_top:u_cpu|fetch_cycle:fetch|InstrF_reg[4]                                                    ; 8       ;
; SoC_Top:u_soc|apb_spi_master:u_spi|shift_reg[2]~0                                                                   ; 8       ;
; SoC_Top:u_soc|UART_RX:u_boot_rx|state.S_DATA                                                                        ; 8       ;
; SoC_Top:u_soc|Pipeline_top:u_cpu|execute_cycle:execute|ALU:alu|Result[13]~117                                       ; 8       ;
; SoC_Top:u_soc|Pipeline_top:u_cpu|execute_cycle:execute|ALU:alu|Result[13]~116                                       ; 8       ;
; SoC_Top:u_soc|Pipeline_top:u_cpu|execute_cycle:execute|ALU:alu|Result[13]~111                                       ; 8       ;
; SoC_Top:u_soc|Pipeline_top:u_cpu|execute_cycle:execute|ALU:alu|Result[2]~76                                         ; 8       ;
; SoC_Top:u_soc|Pipeline_top:u_cpu|execute_cycle:execute|ALU:alu|ShiftRight1~6                                        ; 8       ;
; SoC_Top:u_soc|Pipeline_top:u_cpu|execute_cycle:execute|ALU:alu|Result[27]~41                                        ; 8       ;
; SoC_Top:u_soc|Pipeline_top:u_cpu|execute_cycle:execute|Mux3x1:mux_alu_src_A|d[0]~19                                 ; 8       ;
; SoC_Top:u_soc|UART_RX:u_boot_rx|Equal2~1                                                                            ; 8       ;
; SoC_Top:u_soc|apb_uart:u_uart|UART_TOP:u_uart|UART_TX:u_tx|bit_idx[1]                                               ; 8       ;
; SoC_Top:u_soc|apb_uart:u_uart|UART_TOP:u_uart|UART_TX:u_tx|state.S_DATA                                             ; 8       ;
; SoC_Top:u_soc|Pipeline_top:u_cpu|fetch_cycle:fetch|InstrF_reg[12]                                                   ; 8       ;
; SoC_Top:u_soc|Pipeline_top:u_cpu|fetch_cycle:fetch|InstrF_reg[13]                                                   ; 8       ;
; SoC_Top:u_soc|Pipeline_top:u_cpu|fetch_cycle:fetch|InstrF_reg[20]                                                   ; 8       ;
; SoC_Top:u_soc|Pipeline_top:u_cpu|fetch_cycle:fetch|InstrF_reg[21]                                                   ; 8       ;
; SW[12]                                                                                                              ; 7       ;
; SoC_Top:u_soc|Pipeline_top:u_cpu|memory_cycle:memory|apb_master:u_apb_master|rdata[8]~18                            ; 7       ;
; SoC_Top:u_soc|Pipeline_top:u_cpu|memory_cycle:memory|apb_master:u_apb_master|rdata[5]~11                            ; 7       ;
; SoC_Top:u_soc|Pipeline_top:u_cpu|memory_cycle:memory|apb_master:u_apb_master|rdata[18]~9                            ; 7       ;
; SoC_Top:u_soc|apb_timer:u_timer|value_reg[0]                                                                        ; 7       ;
; SoC_Top:u_soc|Pipeline_top:u_cpu|execute_cycle:execute|ALU:alu|Result[4]~263                                        ; 7       ;
; SoC_Top:u_soc|Pipeline_top:u_cpu|execute_cycle:execute|ALU:alu|Result[19]~213                                       ; 7       ;
; SoC_Top:u_soc|Pipeline_top:u_cpu|execute_cycle:execute|ALU:alu|Result[19]~212                                       ; 7       ;
; SoC_Top:u_soc|Pipeline_top:u_cpu|execute_cycle:execute|ALU:alu|Result[19]~210                                       ; 7       ;
; SoC_Top:u_soc|Pipeline_top:u_cpu|memory_cycle:memory|ReadDataM_reg[1]~3                                             ; 7       ;
; SoC_Top:u_soc|Pipeline_top:u_cpu|decode_cycle:decode|JumpD_reg                                                      ; 7       ;
; SoC_Top:u_soc|apb_i2c_master:u_i2c|state.ST_RX_SCL_LO                                                               ; 7       ;
; SoC_Top:u_soc|Pipeline_top:u_cpu|execute_cycle:execute|ALU:alu|Result[2]~63                                         ; 7       ;
; SoC_Top:u_soc|Pipeline_top:u_cpu|execute_cycle:execute|ALU:alu|ShiftRight0~1                                        ; 7       ;
; SoC_Top:u_soc|Pipeline_top:u_cpu|execute_cycle:execute|ALUResultE_reg[12]                                           ; 7       ;
; SoC_Top:u_soc|Pipeline_top:u_cpu|execute_cycle:execute|Mux3x1:mux_alu_src_A|d[27]~3                                 ; 7       ;
; SoC_Top:u_soc|Pipeline_top:u_cpu|execute_cycle:execute|Mux3x1:mux_alu_src_A|d[26]~2                                 ; 7       ;
; SoC_Top:u_soc|Pipeline_top:u_cpu|hazard_unit:hazard|ForwardBE~3                                                     ; 7       ;
; SoC_Top:u_soc|Pipeline_top:u_cpu|hazard_unit:hazard|ForwardBE~1                                                     ; 7       ;
; SoC_Top:u_soc|Pipeline_top:u_cpu|execute_cycle:execute|ALUResultE_reg[11]                                           ; 7       ;
; SoC_Top:u_soc|apb_uart:u_uart|UART_TOP:u_uart|UART_TX:u_tx|bit_idx[0]                                               ; 7       ;
; SoC_Top:u_soc|Pipeline_top:u_cpu|fetch_cycle:fetch|InstrF_reg[6]                                                    ; 7       ;
; SoC_Top:u_soc|Pipeline_top:u_cpu|fetch_cycle:fetch|InstrF_reg[2]                                                    ; 7       ;
; SoC_Top:u_soc|Pipeline_top:u_cpu|execute_cycle:execute|ALUResultE_reg[0]                                            ; 7       ;
; SoC_Top:u_soc|Pipeline_top:u_cpu|memory_cycle:memory|apb_master:u_apb_master|rdata[5]~17                            ; 6       ;
; SoC_Top:u_soc|Pipeline_top:u_cpu|memory_cycle:memory|Data_Memory:data_memory|always0~0                              ; 6       ;
; SoC_Top:u_soc|Pipeline_top:u_cpu|execute_cycle:execute|ALU:alu|Result[4]~264                                        ; 6       ;
; SoC_Top:u_soc|Pipeline_top:u_cpu|execute_cycle:execute|ALU:alu|Result[4]~260                                        ; 6       ;
; SoC_Top:u_soc|apb_pwm:u_pwm|ctrl_reg[0]                                                                             ; 6       ;
; SoC_Top:u_soc|apb_i2c_master:u_i2c|state.ST_TX_SCL_LO                                                               ; 6       ;
; SoC_Top:u_soc|UART_RX:u_boot_rx|rx_data[0]                                                                          ; 6       ;
; SoC_Top:u_soc|UART_RX:u_boot_rx|rx_data[2]                                                                          ; 6       ;
; SoC_Top:u_soc|UART_RX:u_boot_rx|rx_data[1]                                                                          ; 6       ;
; SoC_Top:u_soc|UART_RX:u_boot_rx|rx_data[3]                                                                          ; 6       ;
; SoC_Top:u_soc|UART_RX:u_boot_rx|rx_data[4]                                                                          ; 6       ;
; SoC_Top:u_soc|UART_RX:u_boot_rx|rx_data[6]                                                                          ; 6       ;
; SoC_Top:u_soc|UART_RX:u_boot_rx|rx_data[5]                                                                          ; 6       ;
; SoC_Top:u_soc|UART_RX:u_boot_rx|rx_data[7]                                                                          ; 6       ;
; SoC_Top:u_soc|Pipeline_top:u_cpu|execute_cycle:execute|ALU:alu|ShiftRight1~11                                       ; 6       ;
; SoC_Top:u_soc|Pipeline_top:u_cpu|execute_cycle:execute|ALU:alu|ShiftLeft0~62                                        ; 6       ;
; SoC_Top:u_soc|Pipeline_top:u_cpu|execute_cycle:execute|Mux3x1:mux_forward_B|d[14]~45                                ; 6       ;
; SoC_Top:u_soc|Pipeline_top:u_cpu|execute_cycle:execute|Mux3x1:mux_forward_B|d[15]~43                                ; 6       ;
; SoC_Top:u_soc|Pipeline_top:u_cpu|execute_cycle:execute|Mux3x1:mux_alu_src_A|d[5]~25                                 ; 6       ;
; SoC_Top:u_soc|Pipeline_top:u_cpu|execute_cycle:execute|Mux3x1:mux_alu_src_A|d[4]~23                                 ; 6       ;
; SoC_Top:u_soc|Pipeline_top:u_cpu|execute_cycle:execute|Mux3x1:mux_alu_src_A|d[3]~22                                 ; 6       ;
; SoC_Top:u_soc|Pipeline_top:u_cpu|execute_cycle:execute|Mux3x1:mux_alu_src_A|d[23]~18                                ; 6       ;
; SoC_Top:u_soc|Pipeline_top:u_cpu|execute_cycle:execute|Mux3x1:mux_alu_src_A|d[22]~17                                ; 6       ;
; SoC_Top:u_soc|Pipeline_top:u_cpu|execute_cycle:execute|Mux3x1:mux_alu_src_A|d[21]~16                                ; 6       ;
; SoC_Top:u_soc|Pipeline_top:u_cpu|execute_cycle:execute|Mux3x1:mux_forward_A|d[29]~14                                ; 6       ;
; SoC_Top:u_soc|Pipeline_top:u_cpu|execute_cycle:execute|Mux3x1:mux_forward_A|d[30]~9                                 ; 6       ;
; SoC_Top:u_soc|Pipeline_top:u_cpu|execute_cycle:execute|Mux3x1:mux_forward_A|d[24]~5                                 ; 6       ;
; SoC_Top:u_soc|UART_LOADER:u_loader|state.S_DONE                                                                     ; 6       ;
; SoC_Top:u_soc|Pipeline_top:u_cpu|memory_cycle:memory|apb_master:u_apb_master|state.S_IDLE                           ; 6       ;
; SoC_Top:u_soc|Pipeline_top:u_cpu|memory_cycle:memory|comb~0                                                         ; 6       ;
; SoC_Top:u_soc|Pipeline_top:u_cpu|execute_cycle:execute|ALUResultE_reg[28]                                           ; 6       ;
; SoC_Top:u_soc|apb_uart:u_uart|UART_TOP:u_uart|UART_TX:u_tx|state.S_STOP                                             ; 6       ;
; SoC_Top:u_soc|Pipeline_top:u_cpu|fetch_cycle:fetch|InstrF_reg[22]                                                   ; 6       ;
; SoC_Top:u_soc|apb_pwm:u_pwm|counter[0]                                                                              ; 6       ;
; SoC_Top:u_soc|apb_pwm:u_pwm|counter[1]                                                                              ; 6       ;
; SoC_Top:u_soc|apb_pwm:u_pwm|counter[2]                                                                              ; 6       ;
; SoC_Top:u_soc|apb_pwm:u_pwm|counter[3]                                                                              ; 6       ;
; SoC_Top:u_soc|apb_pwm:u_pwm|counter[4]                                                                              ; 6       ;
; SoC_Top:u_soc|apb_pwm:u_pwm|counter[5]                                                                              ; 6       ;
; SoC_Top:u_soc|apb_pwm:u_pwm|counter[6]                                                                              ; 6       ;
; SoC_Top:u_soc|apb_pwm:u_pwm|counter[7]                                                                              ; 6       ;
; SoC_Top:u_soc|apb_pwm:u_pwm|counter[8]                                                                              ; 6       ;
; SoC_Top:u_soc|apb_pwm:u_pwm|counter[9]                                                                              ; 6       ;
; SoC_Top:u_soc|apb_pwm:u_pwm|counter[10]                                                                             ; 6       ;
; SoC_Top:u_soc|apb_pwm:u_pwm|counter[11]                                                                             ; 6       ;
; SoC_Top:u_soc|apb_pwm:u_pwm|counter[12]                                                                             ; 6       ;
; SoC_Top:u_soc|apb_pwm:u_pwm|counter[13]                                                                             ; 6       ;
; SoC_Top:u_soc|apb_pwm:u_pwm|counter[14]                                                                             ; 6       ;
; SoC_Top:u_soc|apb_pwm:u_pwm|counter[15]                                                                             ; 6       ;
; SoC_Top:u_soc|apb_pwm:u_pwm|counter[16]                                                                             ; 6       ;
; SoC_Top:u_soc|apb_pwm:u_pwm|counter[17]                                                                             ; 6       ;
; SoC_Top:u_soc|apb_pwm:u_pwm|counter[18]                                                                             ; 6       ;
; SoC_Top:u_soc|apb_pwm:u_pwm|counter[19]                                                                             ; 6       ;
; SoC_Top:u_soc|apb_pwm:u_pwm|counter[20]                                                                             ; 6       ;
; SoC_Top:u_soc|apb_pwm:u_pwm|counter[21]                                                                             ; 6       ;
; SoC_Top:u_soc|apb_pwm:u_pwm|counter[22]                                                                             ; 6       ;
; SoC_Top:u_soc|apb_pwm:u_pwm|counter[23]                                                                             ; 6       ;
; SoC_Top:u_soc|apb_pwm:u_pwm|counter[24]                                                                             ; 6       ;
; SoC_Top:u_soc|apb_pwm:u_pwm|counter[25]                                                                             ; 6       ;
; SoC_Top:u_soc|apb_pwm:u_pwm|counter[26]                                                                             ; 6       ;
; SoC_Top:u_soc|apb_pwm:u_pwm|counter[27]                                                                             ; 6       ;
; SoC_Top:u_soc|apb_pwm:u_pwm|counter[28]                                                                             ; 6       ;
; SoC_Top:u_soc|apb_pwm:u_pwm|counter[29]                                                                             ; 6       ;
; SoC_Top:u_soc|apb_pwm:u_pwm|counter[30]                                                                             ; 6       ;
; SoC_Top:u_soc|apb_pwm:u_pwm|counter[31]                                                                             ; 6       ;
; SoC_Top:u_soc|apb_uart:u_uart|UART_TOP:u_uart|UART_RX:u_rx|clk_cnt[8]~0                                             ; 5       ;
; SoC_Top:u_soc|apb_timer:u_timer|Equal1~9                                                                            ; 5       ;
; SoC_Top:u_soc|Pipeline_top:u_cpu|memory_cycle:memory|apb_master:u_apb_master|rdata[5]~20                            ; 5       ;
; SoC_Top:u_soc|apb_interconnect:u_apb_ic|PRDATA[16]~112                                                              ; 5       ;
; SoC_Top:u_soc|Pipeline_top:u_cpu|memory_cycle:memory|apb_master:u_apb_master|rdata[18]~10                           ; 5       ;
; SoC_Top:u_soc|apb_uart:u_uart|UART_TOP:u_uart|UART_RX:u_rx|state.S_STOP                                             ; 5       ;
; SoC_Top:u_soc|apb_spi_master:u_spi|bit_cnt[0]                                                                       ; 5       ;
; SoC_Top:u_soc|apb_spi_master:u_spi|bit_cnt[1]                                                                       ; 5       ;
; SoC_Top:u_soc|apb_spi_master:u_spi|bit_cnt[2]                                                                       ; 5       ;
; SoC_Top:u_soc|Pipeline_top:u_cpu|execute_cycle:execute|ALUResultE_reg~30                                            ; 5       ;
; SoC_Top:u_soc|Pipeline_top:u_cpu|execute_cycle:execute|ALUResultE_reg~29                                            ; 5       ;
; SoC_Top:u_soc|Pipeline_top:u_cpu|execute_cycle:execute|ALUResultE_reg~28                                            ; 5       ;
; SoC_Top:u_soc|Pipeline_top:u_cpu|execute_cycle:execute|ALUResultE_reg~27                                            ; 5       ;
; SoC_Top:u_soc|Pipeline_top:u_cpu|decode_cycle:decode|Control_Unit_Top:control|Main_Decoder:Main_Decoder|Equal7~0    ; 5       ;
; SoC_Top:u_soc|Pipeline_top:u_cpu|decode_cycle:decode|Control_Unit_Top:control|Main_Decoder:Main_Decoder|ImmSrc[0]~1 ; 5       ;
; SoC_Top:u_soc|Pipeline_top:u_cpu|decode_cycle:decode|Control_Unit_Top:control|Main_Decoder:Main_Decoder|ALUOp[1]~1  ; 5       ;
; SoC_Top:u_soc|Pipeline_top:u_cpu|decode_cycle:decode|Control_Unit_Top:control|Main_Decoder:Main_Decoder|Equal8~0    ; 5       ;
; SoC_Top:u_soc|apb_i2c_master:u_i2c|cmd_start~0                                                                      ; 5       ;
; SoC_Top:u_soc|apb_i2c_master:u_i2c|apb_write~0                                                                      ; 5       ;
; SoC_Top:u_soc|apb_i2c_master:u_i2c|Decoder0~1                                                                       ; 5       ;
; SoC_Top:u_soc|Pipeline_top:u_cpu|decode_cycle:decode|Control_Unit_Top:control|csr_imm~0                             ; 5       ;
; SoC_Top:u_soc|Pipeline_top:u_cpu|decode_cycle:decode|csr_wdata_val[3]~1                                             ; 5       ;
; SoC_Top:u_soc|Pipeline_top:u_cpu|decode_cycle:decode|CSR_Unit:u_csr|Equal3~0                                        ; 5       ;
; SoC_Top:u_soc|Pipeline_top:u_cpu|decode_cycle:decode|CSR_Unit:u_csr|Equal4~8                                        ; 5       ;
; SoC_Top:u_soc|Pipeline_top:u_cpu|fetch_cycle:fetch|InstrD[26]~14                                                    ; 5       ;
; SoC_Top:u_soc|Pipeline_top:u_cpu|decode_cycle:decode|CSR_Unit:u_csr|Equal0~2                                        ; 5       ;
; SoC_Top:u_soc|Pipeline_top:u_cpu|execute_cycle:execute|Branch_Comparator:br_cmp|BranchTaken~2                       ; 5       ;
; SoC_Top:u_soc|apb_i2c_master:u_i2c|state.ST_START_2                                                                 ; 5       ;
; SoC_Top:u_soc|apb_i2c_master:u_i2c|state.ST_ACK_SEND                                                                ; 5       ;
; SoC_Top:u_soc|apb_i2c_master:u_i2c|state.ST_ACK_CHECK                                                               ; 5       ;
; SoC_Top:u_soc|apb_i2c_master:u_i2c|state.ST_RX_BIT                                                                  ; 5       ;
; SoC_Top:u_soc|apb_spi_master:u_spi|spi_start                                                                        ; 5       ;
; SoC_Top:u_soc|apb_spi_master:u_spi|spi_state.S_IDLE                                                                 ; 5       ;
; SoC_Top:u_soc|apb_spi_master:u_spi|Equal0~4                                                                         ; 5       ;
; SoC_Top:u_soc|UART_LOADER:u_loader|state.S_BYTE0                                                                    ; 5       ;
; SoC_Top:u_soc|UART_RX:u_boot_rx|clk_cnt[9]~0                                                                        ; 5       ;
; SoC_Top:u_soc|Pipeline_top:u_cpu|execute_cycle:execute|ALUResultE_reg~13                                            ; 5       ;
; SoC_Top:u_soc|Pipeline_top:u_cpu|execute_cycle:execute|ALUResultE_reg~11                                            ; 5       ;
; SoC_Top:u_soc|Pipeline_top:u_cpu|execute_cycle:execute|ALUResultE_reg~9                                             ; 5       ;
; SoC_Top:u_soc|Pipeline_top:u_cpu|execute_cycle:execute|ALUResultE_reg~6                                             ; 5       ;
; SoC_Top:u_soc|Pipeline_top:u_cpu|execute_cycle:execute|ALUResultE_reg~4                                             ; 5       ;
; SoC_Top:u_soc|Pipeline_top:u_cpu|execute_cycle:execute|ALU:alu|ShiftRight0~9                                        ; 5       ;
; SoC_Top:u_soc|Pipeline_top:u_cpu|execute_cycle:execute|ALU:alu|ShiftRight0~8                                        ; 5       ;
; SoC_Top:u_soc|Pipeline_top:u_cpu|execute_cycle:execute|Mux:alu_src_B_mux|c[8]~33                                    ; 5       ;
; SoC_Top:u_soc|Pipeline_top:u_cpu|execute_cycle:execute|Mux3x1:mux_alu_src_A|d[8]~69                                 ; 5       ;
; SoC_Top:u_soc|Pipeline_top:u_cpu|execute_cycle:execute|Mux:alu_src_B_mux|c[9]~31                                    ; 5       ;
; SoC_Top:u_soc|Pipeline_top:u_cpu|execute_cycle:execute|Mux3x1:mux_alu_src_A|d[9]~67                                 ; 5       ;
; SoC_Top:u_soc|Pipeline_top:u_cpu|execute_cycle:execute|Mux3x1:mux_alu_src_A|d[14]~59                                ; 5       ;
; SoC_Top:u_soc|Pipeline_top:u_cpu|execute_cycle:execute|Mux3x1:mux_alu_src_A|d[15]~58                                ; 5       ;
; SoC_Top:u_soc|Pipeline_top:u_cpu|execute_cycle:execute|Mux3x1:mux_forward_A|d[20]~52                                ; 5       ;
; SoC_Top:u_soc|Pipeline_top:u_cpu|execute_cycle:execute|Mux3x1:mux_forward_B|d[28]~17                                ; 5       ;
; SoC_Top:u_soc|Pipeline_top:u_cpu|execute_cycle:execute|Mux3x1:mux_forward_B|d[29]~15                                ; 5       ;
; SoC_Top:u_soc|Pipeline_top:u_cpu|execute_cycle:execute|Mux:alu_src_B_mux|c[31]~5                                    ; 5       ;
; SoC_Top:u_soc|Pipeline_top:u_cpu|execute_cycle:execute|ALUResultE_reg[15]                                           ; 5       ;
; SoC_Top:u_soc|Pipeline_top:u_cpu|execute_cycle:execute|ALUResultE_reg[14]                                           ; 5       ;
; SoC_Top:u_soc|Pipeline_top:u_cpu|execute_cycle:execute|ALUResultE_reg[13]                                           ; 5       ;
; SoC_Top:u_soc|Pipeline_top:u_cpu|execute_cycle:execute|Mux3x1:mux_alu_src_A|d[6]~27                                 ; 5       ;
; SoC_Top:u_soc|Pipeline_top:u_cpu|execute_cycle:execute|Mux3x1:mux_alu_src_A|d[2]~21                                 ; 5       ;
; SoC_Top:u_soc|Pipeline_top:u_cpu|execute_cycle:execute|Mux3x1:mux_alu_src_A|d[1]~20                                 ; 5       ;
; SoC_Top:u_soc|Pipeline_top:u_cpu|execute_cycle:execute|ALUResultE_reg[20]                                           ; 5       ;
; SoC_Top:u_soc|Pipeline_top:u_cpu|execute_cycle:execute|ALUResultE_reg[19]                                           ; 5       ;
; SoC_Top:u_soc|Pipeline_top:u_cpu|execute_cycle:execute|ALUResultE_reg[18]                                           ; 5       ;
; SoC_Top:u_soc|Pipeline_top:u_cpu|execute_cycle:execute|ALUResultE_reg[17]                                           ; 5       ;
; SoC_Top:u_soc|Pipeline_top:u_cpu|execute_cycle:execute|ALUResultE_reg[16]                                           ; 5       ;
; SoC_Top:u_soc|Pipeline_top:u_cpu|decode_cycle:decode|PCD_reg[28]                                                    ; 5       ;
; SoC_Top:u_soc|Pipeline_top:u_cpu|execute_cycle:execute|Mux3x1:mux_alu_src_A|d[25]~4                                 ; 5       ;
; SoC_Top:u_soc|Pipeline_top:u_cpu|execute_cycle:execute|RD_E_reg[0]                                                  ; 5       ;
; SoC_Top:u_soc|UART_RX:u_boot_rx|state.S_STOP                                                                        ; 5       ;
; SoC_Top:u_soc|por_count[2]                                                                                          ; 5       ;
; SoC_Top:u_soc|por_count[1]                                                                                          ; 5       ;
; SoC_Top:u_soc|por_count[0]                                                                                          ; 5       ;
; SoC_Top:u_soc|por_count[3]                                                                                          ; 5       ;
; SoC_Top:u_soc|Pipeline_top:u_cpu|execute_cycle:execute|ALUResultE_reg[29]                                           ; 5       ;
; SoC_Top:u_soc|Pipeline_top:u_cpu|execute_cycle:execute|ALUResultE_reg[30]                                           ; 5       ;
; SoC_Top:u_soc|Pipeline_top:u_cpu|execute_cycle:execute|ALUResultE_reg[31]                                           ; 5       ;
; SoC_Top:u_soc|Pipeline_top:u_cpu|memory_cycle:memory|apb_master:u_apb_master|PENABLE                                ; 5       ;
; SoC_Top:u_soc|Pipeline_top:u_cpu|fetch_cycle:fetch|InstrF_reg[5]                                                    ; 5       ;
; SoC_Top:u_soc|Pipeline_top:u_cpu|fetch_cycle:fetch|InstrF_reg[18]                                                   ; 5       ;
; SoC_Top:u_soc|Pipeline_top:u_cpu|fetch_cycle:fetch|InstrF_reg[17]                                                   ; 5       ;
; SoC_Top:u_soc|Pipeline_top:u_cpu|fetch_cycle:fetch|InstrF_reg[15]                                                   ; 5       ;
; SoC_Top:u_soc|Pipeline_top:u_cpu|fetch_cycle:fetch|InstrF_reg[16]                                                   ; 5       ;
; SoC_Top:u_soc|Pipeline_top:u_cpu|decode_cycle:decode|CSR_Unit:u_csr|Selector28~13                                   ; 4       ;
; SoC_Top:u_soc|Pipeline_top:u_cpu|decode_cycle:decode|JumpD_reg~5                                                    ; 4       ;
; SoC_Top:u_soc|Pipeline_top:u_cpu|execute_cycle:execute|ALU:alu|ShiftLeft0~135                                       ; 4       ;
; SoC_Top:u_soc|Pipeline_top:u_cpu|execute_cycle:execute|Mux3x1:mux_alu_src_A|d[28]~86                                ; 4       ;
; SoC_Top:u_soc|apb_uart:u_uart|UART_TOP:u_uart|UART_RX:u_rx|state.S_START                                            ; 4       ;
; SoC_Top:u_soc|apb_interconnect:u_apb_ic|PRDATA[4]~186                                                               ; 4       ;
; SoC_Top:u_soc|Pipeline_top:u_cpu|memory_cycle:memory|apb_master:u_apb_master|rdata[5]~19                            ; 4       ;
; SoC_Top:u_soc|Pipeline_top:u_cpu|memory_cycle:memory|apb_master:u_apb_master|rdata[23]~5                            ; 4       ;
; SoC_Top:u_soc|Pipeline_top:u_cpu|decode_cycle:decode|CSR_Unit:u_csr|calculated_wdata[7]~14                          ; 4       ;
; SoC_Top:u_soc|apb_spi_master:u_spi|shift_edge                                                                       ; 4       ;
; SoC_Top:u_soc|Pipeline_top:u_cpu|execute_cycle:execute|ALU:alu|Result[4]~270                                        ; 4       ;
; SoC_Top:u_soc|Pipeline_top:u_cpu|execute_cycle:execute|ALU:alu|Result[4]~269                                        ; 4       ;
; SoC_Top:u_soc|Pipeline_top:u_cpu|decode_cycle:decode|Imm_Ext_D_reg[19]~4                                            ; 4       ;
; SoC_Top:u_soc|Pipeline_top:u_cpu|decode_cycle:decode|Imm_Ext_D_reg~3                                                ; 4       ;
; SoC_Top:u_soc|Pipeline_top:u_cpu|decode_cycle:decode|Control_Unit_Top:control|Main_Decoder:Main_Decoder|ImmSrc[1]~4 ; 4       ;
; SoC_Top:u_soc|Pipeline_top:u_cpu|decode_cycle:decode|Control_Unit_Top:control|Main_Decoder:Main_Decoder|ImmSrc[0]~3 ; 4       ;
; SoC_Top:u_soc|Pipeline_top:u_cpu|decode_cycle:decode|Control_Unit_Top:control|Main_Decoder:Main_Decoder|Equal6~0    ; 4       ;
; SoC_Top:u_soc|Pipeline_top:u_cpu|decode_cycle:decode|Control_Unit_Top:control|Main_Decoder:Main_Decoder|Equal3~0    ; 4       ;
; SoC_Top:u_soc|Pipeline_top:u_cpu|decode_cycle:decode|Control_Unit_Top:control|Main_Decoder:Main_Decoder|Equal5~1    ; 4       ;
; SoC_Top:u_soc|Pipeline_top:u_cpu|decode_cycle:decode|Control_Unit_Top:control|is_mret~3                             ; 4       ;
; SoC_Top:u_soc|Pipeline_top:u_cpu|decode_cycle:decode|CSR_Unit:u_csr|calculated_wdata[3]~12                          ; 4       ;
; SoC_Top:u_soc|Pipeline_top:u_cpu|decode_cycle:decode|CSR_Unit:u_csr|calculated_wdata[11]~9                          ; 4       ;
; SoC_Top:u_soc|Pipeline_top:u_cpu|decode_cycle:decode|Control_Unit_Top:control|is_mret~0                             ; 4       ;
; SoC_Top:u_soc|Pipeline_top:u_cpu|decode_cycle:decode|Control_Unit_Top:control|Equal0~0                              ; 4       ;
; SoC_Top:u_soc|Pipeline_top:u_cpu|fetch_cycle:fetch|InstrF_reg[0]                                                    ; 4       ;
; SoC_Top:u_soc|Pipeline_top:u_cpu|fetch_cycle:fetch|InstrF_reg[1]                                                    ; 4       ;
; SoC_Top:u_soc|apb_i2c_master:u_i2c|state.ST_ACK_S_HI                                                                ; 4       ;
; SoC_Top:u_soc|apb_i2c_master:u_i2c|state.ST_ACK_SCL_HI                                                              ; 4       ;
; SoC_Top:u_soc|apb_i2c_master:u_i2c|state.ST_TX_BIT                                                                  ; 4       ;
; SoC_Top:u_soc|apb_i2c_master:u_i2c|state.ST_START_1                                                                 ; 4       ;
; SoC_Top:u_soc|apb_i2c_master:u_i2c|Decoder0~0                                                                       ; 4       ;
; SoC_Top:u_soc|UART_RX:u_boot_rx|state.S_START                                                                       ; 4       ;
; SoC_Top:u_soc|Pipeline_top:u_cpu|execute_cycle:execute|ALU:alu|ShiftRight1~52                                       ; 4       ;
; SoC_Top:u_soc|Pipeline_top:u_cpu|execute_cycle:execute|ALU:alu|ShiftRight1~48                                       ; 4       ;
; SoC_Top:u_soc|Pipeline_top:u_cpu|execute_cycle:execute|ALU:alu|ShiftRight1~40                                       ; 4       ;
; SoC_Top:u_soc|Pipeline_top:u_cpu|execute_cycle:execute|ALU:alu|ShiftRight1~37                                       ; 4       ;
; SoC_Top:u_soc|Pipeline_top:u_cpu|execute_cycle:execute|ALU:alu|ShiftLeft0~94                                        ; 4       ;
; SoC_Top:u_soc|Pipeline_top:u_cpu|execute_cycle:execute|ALU:alu|ShiftLeft0~93                                        ; 4       ;
; SoC_Top:u_soc|Pipeline_top:u_cpu|execute_cycle:execute|ALU:alu|ShiftRight0~31                                       ; 4       ;
; SoC_Top:u_soc|Pipeline_top:u_cpu|execute_cycle:execute|ALU:alu|ShiftRight0~29                                       ; 4       ;
; SoC_Top:u_soc|Pipeline_top:u_cpu|execute_cycle:execute|ALU:alu|ShiftRight1~25                                       ; 4       ;
; SoC_Top:u_soc|Pipeline_top:u_cpu|execute_cycle:execute|ALU:alu|ShiftRight1~20                                       ; 4       ;
; SoC_Top:u_soc|Pipeline_top:u_cpu|execute_cycle:execute|ALU:alu|ShiftLeft0~81                                        ; 4       ;
; SoC_Top:u_soc|Pipeline_top:u_cpu|execute_cycle:execute|ALU:alu|ShiftLeft0~67                                        ; 4       ;
; SoC_Top:u_soc|Pipeline_top:u_cpu|execute_cycle:execute|ALU:alu|ShiftLeft0~51                                        ; 4       ;
; SoC_Top:u_soc|Pipeline_top:u_cpu|execute_cycle:execute|ALU:alu|ShiftLeft0~46                                        ; 4       ;
; SoC_Top:u_soc|Pipeline_top:u_cpu|execute_cycle:execute|ALU:alu|Result[30]~51                                        ; 4       ;
; SoC_Top:u_soc|Pipeline_top:u_cpu|execute_cycle:execute|Mux3x1:mux_alu_src_A|d[1]~83                                 ; 4       ;
; SoC_Top:u_soc|Pipeline_top:u_cpu|execute_cycle:execute|Mux3x1:mux_alu_src_A|d[2]~81                                 ; 4       ;
; SoC_Top:u_soc|Pipeline_top:u_cpu|execute_cycle:execute|Mux3x1:mux_alu_src_A|d[3]~79                                 ; 4       ;
; SoC_Top:u_soc|Pipeline_top:u_cpu|execute_cycle:execute|Mux3x1:mux_alu_src_A|d[4]~77                                 ; 4       ;
; SoC_Top:u_soc|Pipeline_top:u_cpu|execute_cycle:execute|Mux:alu_src_B_mux|c[5]~39                                    ; 4       ;
; SoC_Top:u_soc|Pipeline_top:u_cpu|execute_cycle:execute|Mux3x1:mux_alu_src_A|d[5]~75                                 ; 4       ;
; SoC_Top:u_soc|Pipeline_top:u_cpu|execute_cycle:execute|Mux:alu_src_B_mux|c[6]~37                                    ; 4       ;
; SoC_Top:u_soc|Pipeline_top:u_cpu|execute_cycle:execute|Mux3x1:mux_alu_src_A|d[6]~73                                 ; 4       ;
; SoC_Top:u_soc|Pipeline_top:u_cpu|execute_cycle:execute|Mux:alu_src_B_mux|c[7]~35                                    ; 4       ;
; SoC_Top:u_soc|Pipeline_top:u_cpu|execute_cycle:execute|Mux3x1:mux_alu_src_A|d[7]~71                                 ; 4       ;
; SoC_Top:u_soc|Pipeline_top:u_cpu|execute_cycle:execute|Mux:alu_src_B_mux|c[10]~29                                   ; 4       ;
; SoC_Top:u_soc|Pipeline_top:u_cpu|execute_cycle:execute|Mux3x1:mux_alu_src_A|d[10]~65                                ; 4       ;
; SoC_Top:u_soc|Pipeline_top:u_cpu|execute_cycle:execute|Mux:alu_src_B_mux|c[11]~27                                   ; 4       ;
; SoC_Top:u_soc|Pipeline_top:u_cpu|execute_cycle:execute|Mux3x1:mux_alu_src_A|d[11]~63                                ; 4       ;
; SoC_Top:u_soc|Pipeline_top:u_cpu|execute_cycle:execute|Mux3x1:mux_forward_A|d[11]~60                                ; 4       ;
; SoC_Top:u_soc|Pipeline_top:u_cpu|execute_cycle:execute|Mux:alu_src_B_mux|c[12]~25                                   ; 4       ;
; SoC_Top:u_soc|Pipeline_top:u_cpu|execute_cycle:execute|Mux3x1:mux_alu_src_A|d[12]~62                                ; 4       ;
; SoC_Top:u_soc|Pipeline_top:u_cpu|execute_cycle:execute|Mux:alu_src_B_mux|c[13]~23                                   ; 4       ;
; SoC_Top:u_soc|Pipeline_top:u_cpu|execute_cycle:execute|Mux3x1:mux_forward_B|d[13]~47                                ; 4       ;
; SoC_Top:u_soc|Pipeline_top:u_cpu|execute_cycle:execute|Mux3x1:mux_alu_src_A|d[13]~60                                ; 4       ;
; SoC_Top:u_soc|Pipeline_top:u_cpu|execute_cycle:execute|Mux3x1:mux_forward_A|d[13]~59                                ; 4       ;
; SoC_Top:u_soc|Pipeline_top:u_cpu|decode_cycle:decode|Imm_Ext_D_reg[14]                                              ; 4       ;
; SoC_Top:u_soc|Pipeline_top:u_cpu|execute_cycle:execute|Mux3x1:mux_forward_A|d[14]~58                                ; 4       ;
; SoC_Top:u_soc|Pipeline_top:u_cpu|decode_cycle:decode|Imm_Ext_D_reg[15]                                              ; 4       ;
; SoC_Top:u_soc|Pipeline_top:u_cpu|execute_cycle:execute|Mux3x1:mux_forward_A|d[15]~57                                ; 4       ;
; SoC_Top:u_soc|Pipeline_top:u_cpu|execute_cycle:execute|Mux:alu_src_B_mux|c[16]~20                                   ; 4       ;
; SoC_Top:u_soc|Pipeline_top:u_cpu|execute_cycle:execute|Mux3x1:mux_forward_B|d[16]~41                                ; 4       ;
; SoC_Top:u_soc|Pipeline_top:u_cpu|execute_cycle:execute|Mux3x1:mux_alu_src_A|d[16]~57                                ; 4       ;
; SoC_Top:u_soc|Pipeline_top:u_cpu|execute_cycle:execute|Mux3x1:mux_forward_A|d[16]~56                                ; 4       ;
; SoC_Top:u_soc|Pipeline_top:u_cpu|execute_cycle:execute|Mux:alu_src_B_mux|c[17]~19                                   ; 4       ;
; SoC_Top:u_soc|Pipeline_top:u_cpu|execute_cycle:execute|Mux3x1:mux_forward_B|d[17]~39                                ; 4       ;
; SoC_Top:u_soc|Pipeline_top:u_cpu|execute_cycle:execute|Mux3x1:mux_alu_src_A|d[17]~56                                ; 4       ;
; SoC_Top:u_soc|Pipeline_top:u_cpu|execute_cycle:execute|Mux3x1:mux_forward_A|d[17]~55                                ; 4       ;
; SoC_Top:u_soc|Pipeline_top:u_cpu|execute_cycle:execute|Mux:alu_src_B_mux|c[18]~18                                   ; 4       ;
; SoC_Top:u_soc|Pipeline_top:u_cpu|execute_cycle:execute|Mux3x1:mux_forward_B|d[18]~37                                ; 4       ;
; SoC_Top:u_soc|Pipeline_top:u_cpu|execute_cycle:execute|Mux3x1:mux_alu_src_A|d[18]~55                                ; 4       ;
; SoC_Top:u_soc|Pipeline_top:u_cpu|execute_cycle:execute|Mux3x1:mux_forward_A|d[18]~54                                ; 4       ;
; SoC_Top:u_soc|Pipeline_top:u_cpu|execute_cycle:execute|Mux:alu_src_B_mux|c[19]~17                                   ; 4       ;
; SoC_Top:u_soc|Pipeline_top:u_cpu|execute_cycle:execute|Mux3x1:mux_forward_B|d[19]~35                                ; 4       ;
; SoC_Top:u_soc|Pipeline_top:u_cpu|execute_cycle:execute|Mux3x1:mux_alu_src_A|d[19]~54                                ; 4       ;
; SoC_Top:u_soc|Pipeline_top:u_cpu|execute_cycle:execute|Mux3x1:mux_forward_A|d[19]~53                                ; 4       ;
; SoC_Top:u_soc|Pipeline_top:u_cpu|execute_cycle:execute|Mux:alu_src_B_mux|c[20]~16                                   ; 4       ;
; SoC_Top:u_soc|Pipeline_top:u_cpu|execute_cycle:execute|Mux3x1:mux_forward_B|d[20]~33                                ; 4       ;
; SoC_Top:u_soc|Pipeline_top:u_cpu|execute_cycle:execute|Mux3x1:mux_alu_src_A|d[20]~53                                ; 4       ;
; SoC_Top:u_soc|Pipeline_top:u_cpu|execute_cycle:execute|Mux:alu_src_B_mux|c[21]~15                                   ; 4       ;
; SoC_Top:u_soc|Pipeline_top:u_cpu|execute_cycle:execute|Mux3x1:mux_forward_B|d[21]~31                                ; 4       ;
; SoC_Top:u_soc|Pipeline_top:u_cpu|execute_cycle:execute|Mux:alu_src_B_mux|c[22]~14                                   ; 4       ;
; SoC_Top:u_soc|Pipeline_top:u_cpu|execute_cycle:execute|Mux3x1:mux_forward_B|d[22]~29                                ; 4       ;
; SoC_Top:u_soc|Pipeline_top:u_cpu|execute_cycle:execute|Mux:alu_src_B_mux|c[23]~13                                   ; 4       ;
; SoC_Top:u_soc|Pipeline_top:u_cpu|execute_cycle:execute|Mux3x1:mux_forward_B|d[23]~27                                ; 4       ;
; SoC_Top:u_soc|Pipeline_top:u_cpu|execute_cycle:execute|Mux:alu_src_B_mux|c[24]~12                                   ; 4       ;
; SoC_Top:u_soc|Pipeline_top:u_cpu|execute_cycle:execute|Mux3x1:mux_forward_B|d[24]~25                                ; 4       ;
; SoC_Top:u_soc|Pipeline_top:u_cpu|execute_cycle:execute|Mux3x1:mux_alu_src_A|d[24]~49                                ; 4       ;
; SoC_Top:u_soc|Pipeline_top:u_cpu|execute_cycle:execute|Mux:alu_src_B_mux|c[25]~11                                   ; 4       ;
; SoC_Top:u_soc|Pipeline_top:u_cpu|execute_cycle:execute|Mux3x1:mux_forward_B|d[25]~23                                ; 4       ;
; SoC_Top:u_soc|Pipeline_top:u_cpu|execute_cycle:execute|Mux3x1:mux_alu_src_A|d[25]~48                                ; 4       ;
; SoC_Top:u_soc|Pipeline_top:u_cpu|execute_cycle:execute|Mux:alu_src_B_mux|c[26]~10                                   ; 4       ;
; SoC_Top:u_soc|Pipeline_top:u_cpu|execute_cycle:execute|Mux3x1:mux_forward_B|d[26]~21                                ; 4       ;
; SoC_Top:u_soc|Pipeline_top:u_cpu|execute_cycle:execute|Mux3x1:mux_alu_src_A|d[26]~47                                ; 4       ;
; SoC_Top:u_soc|Pipeline_top:u_cpu|execute_cycle:execute|Mux:alu_src_B_mux|c[27]~9                                    ; 4       ;
; SoC_Top:u_soc|Pipeline_top:u_cpu|execute_cycle:execute|Mux3x1:mux_forward_B|d[27]~19                                ; 4       ;
; SoC_Top:u_soc|Pipeline_top:u_cpu|execute_cycle:execute|Mux3x1:mux_alu_src_A|d[27]~46                                ; 4       ;
; SoC_Top:u_soc|Pipeline_top:u_cpu|execute_cycle:execute|Mux3x1:mux_alu_src_A|d[29]~45                                ; 4       ;
; SoC_Top:u_soc|Pipeline_top:u_cpu|execute_cycle:execute|Mux:alu_src_B_mux|c[30]~6                                    ; 4       ;
; SoC_Top:u_soc|Pipeline_top:u_cpu|execute_cycle:execute|Mux3x1:mux_forward_B|d[30]~13                                ; 4       ;
; SoC_Top:u_soc|Pipeline_top:u_cpu|execute_cycle:execute|Mux3x1:mux_alu_src_A|d[30]~44                                ; 4       ;
; SoC_Top:u_soc|Pipeline_top:u_cpu|execute_cycle:execute|Mux3x1:mux_forward_B|d[31]~11                                ; 4       ;
; SoC_Top:u_soc|Pipeline_top:u_cpu|execute_cycle:execute|Mux3x1:mux_alu_src_A|d[15]~42                                ; 4       ;
; SoC_Top:u_soc|Pipeline_top:u_cpu|execute_cycle:execute|Mux3x1:mux_alu_src_A|d[14]~40                                ; 4       ;
; SoC_Top:u_soc|Pipeline_top:u_cpu|execute_cycle:execute|Mux3x1:mux_alu_src_A|d[13]~39                                ; 4       ;
; SoC_Top:u_soc|Pipeline_top:u_cpu|execute_cycle:execute|Mux3x1:mux_alu_src_A|d[12]~37                                ; 4       ;
; SoC_Top:u_soc|Pipeline_top:u_cpu|execute_cycle:execute|ALU:alu|ShiftLeft0~32                                        ; 4       ;
; SoC_Top:u_soc|Pipeline_top:u_cpu|execute_cycle:execute|Mux3x1:mux_alu_src_A|d[11]~36                                ; 4       ;
; SoC_Top:u_soc|Pipeline_top:u_cpu|execute_cycle:execute|Mux3x1:mux_alu_src_A|d[10]~34                                ; 4       ;
; SoC_Top:u_soc|Pipeline_top:u_cpu|execute_cycle:execute|Mux3x1:mux_alu_src_A|d[9]~33                                 ; 4       ;
; SoC_Top:u_soc|Pipeline_top:u_cpu|execute_cycle:execute|Mux3x1:mux_alu_src_A|d[8]~31                                 ; 4       ;
; SoC_Top:u_soc|Pipeline_top:u_cpu|execute_cycle:execute|ALU:alu|ShiftLeft0~29                                        ; 4       ;
; SoC_Top:u_soc|Pipeline_top:u_cpu|execute_cycle:execute|Mux3x1:mux_alu_src_A|d[7]~29                                 ; 4       ;
; SoC_Top:u_soc|Pipeline_top:u_cpu|execute_cycle:execute|Mux3x1:mux_forward_A|d[4]~37                                 ; 4       ;
; SoC_Top:u_soc|Pipeline_top:u_cpu|execute_cycle:execute|ALU:alu|ShiftLeft0~25                                        ; 4       ;
; SoC_Top:u_soc|Pipeline_top:u_cpu|execute_cycle:execute|Mux3x1:mux_forward_A|d[3]~35                                 ; 4       ;
; SoC_Top:u_soc|Pipeline_top:u_cpu|execute_cycle:execute|Mux3x1:mux_forward_A|d[2]~33                                 ; 4       ;
; SoC_Top:u_soc|Pipeline_top:u_cpu|execute_cycle:execute|Mux3x1:mux_forward_A|d[1]~31                                 ; 4       ;
; SoC_Top:u_soc|Pipeline_top:u_cpu|decode_cycle:decode|PCD_reg[1]                                                     ; 4       ;
; SoC_Top:u_soc|Pipeline_top:u_cpu|execute_cycle:execute|Mux3x1:mux_forward_A|d[0]~29                                 ; 4       ;
; SoC_Top:u_soc|Pipeline_top:u_cpu|decode_cycle:decode|PCD_reg[0]                                                     ; 4       ;
; SoC_Top:u_soc|Pipeline_top:u_cpu|execute_cycle:execute|ALUResultE_reg[23]                                           ; 4       ;
; SoC_Top:u_soc|Pipeline_top:u_cpu|execute_cycle:execute|ALUResultE_reg[22]                                           ; 4       ;
; SoC_Top:u_soc|Pipeline_top:u_cpu|execute_cycle:execute|ALU:alu|ShiftLeft0~18                                        ; 4       ;
; SoC_Top:u_soc|Pipeline_top:u_cpu|execute_cycle:execute|ALUResultE_reg[21]                                           ; 4       ;
; SoC_Top:u_soc|Pipeline_top:u_cpu|decode_cycle:decode|PCD_reg[20]                                                    ; 4       ;
; SoC_Top:u_soc|Pipeline_top:u_cpu|execute_cycle:execute|Mux3x1:mux_alu_src_A|d[19]~13                                ; 4       ;
; SoC_Top:u_soc|Pipeline_top:u_cpu|execute_cycle:execute|Mux3x1:mux_alu_src_A|d[18]~11                                ; 4       ;
; SoC_Top:u_soc|Pipeline_top:u_cpu|execute_cycle:execute|Mux3x1:mux_alu_src_A|d[17]~9                                 ; 4       ;
; SoC_Top:u_soc|Pipeline_top:u_cpu|execute_cycle:execute|Mux3x1:mux_alu_src_A|d[16]~8                                 ; 4       ;
; SoC_Top:u_soc|Pipeline_top:u_cpu|execute_cycle:execute|ALU:alu|ShiftLeft0~12                                        ; 4       ;
; SoC_Top:u_soc|Pipeline_top:u_cpu|decode_cycle:decode|PCD_reg[29]                                                    ; 4       ;
; SoC_Top:u_soc|Pipeline_top:u_cpu|execute_cycle:execute|Mux3x1:mux_alu_src_A|d[28]~6                                 ; 4       ;
; SoC_Top:u_soc|Pipeline_top:u_cpu|decode_cycle:decode|PCD_reg[30]                                                    ; 4       ;
; SoC_Top:u_soc|Pipeline_top:u_cpu|execute_cycle:execute|ALUResultE_reg[25]                                           ; 4       ;
; SoC_Top:u_soc|Pipeline_top:u_cpu|execute_cycle:execute|ALUResultE_reg[24]                                           ; 4       ;
; SoC_Top:u_soc|Pipeline_top:u_cpu|decode_cycle:decode|PCD_reg[24]                                                    ; 4       ;
; SoC_Top:u_soc|Pipeline_top:u_cpu|execute_cycle:execute|ALUResultE_reg[27]                                           ; 4       ;
; SoC_Top:u_soc|Pipeline_top:u_cpu|execute_cycle:execute|ALUResultE_reg[26]                                           ; 4       ;
; SoC_Top:u_soc|apb_uart:u_uart|rx_valid_flag                                                                         ; 4       ;
; SoC_Top:u_soc|Pipeline_top:u_cpu|execute_cycle:execute|RD_E_reg[2]                                                  ; 4       ;
; SoC_Top:u_soc|Pipeline_top:u_cpu|execute_cycle:execute|RD_E_reg[3]                                                  ; 4       ;
; SoC_Top:u_soc|Pipeline_top:u_cpu|execute_cycle:execute|RD_E_reg[4]                                                  ; 4       ;
; SoC_Top:u_soc|Pipeline_top:u_cpu|execute_cycle:execute|RD_E_reg[1]                                                  ; 4       ;
; SoC_Top:u_soc|Pipeline_top:u_cpu|execute_cycle:execute|WriteDataE_reg[7]                                            ; 4       ;
; SoC_Top:u_soc|Pipeline_top:u_cpu|execute_cycle:execute|WriteDataE_reg[6]                                            ; 4       ;
; SoC_Top:u_soc|Pipeline_top:u_cpu|execute_cycle:execute|WriteDataE_reg[5]                                            ; 4       ;
; SoC_Top:u_soc|Pipeline_top:u_cpu|execute_cycle:execute|WriteDataE_reg[4]                                            ; 4       ;
; SoC_Top:u_soc|Pipeline_top:u_cpu|execute_cycle:execute|WriteDataE_reg[3]                                            ; 4       ;
; SoC_Top:u_soc|Pipeline_top:u_cpu|execute_cycle:execute|WriteDataE_reg[2]                                            ; 4       ;
; SoC_Top:u_soc|Pipeline_top:u_cpu|execute_cycle:execute|WriteDataE_reg[1]                                            ; 4       ;
; SoC_Top:u_soc|Pipeline_top:u_cpu|execute_cycle:execute|WriteDataE_reg[0]                                            ; 4       ;
; SoC_Top:u_soc|apb_uart:u_uart|UART_TOP:u_uart|UART_TX:u_tx|bit_idx[2]                                               ; 4       ;
; SoC_Top:u_soc|apb_gpio:u_gpio|data_out_reg[0]~2                                                                     ; 4       ;
; SoC_Top:u_soc|Pipeline_top:u_cpu|fetch_cycle:fetch|InstrF_reg[26]                                                   ; 4       ;
; SoC_Top:u_soc|Pipeline_top:u_cpu|fetch_cycle:fetch|InstrF_reg[30]                                                   ; 4       ;
; SoC_Top:u_soc|Pipeline_top:u_cpu|fetch_cycle:fetch|InstrF_reg[24]                                                   ; 4       ;
; SoC_Top:u_soc|Pipeline_top:u_cpu|fetch_cycle:fetch|InstrF_reg[23]                                                   ; 4       ;
; SoC_Top:u_soc|Pipeline_top:u_cpu|decode_cycle:decode|CSR_Unit:u_csr|mstatus_mie                                     ; 4       ;
; KEY[3]                                                                                                              ; 3       ;
; KEY[2]                                                                                                              ; 3       ;
; KEY[0]                                                                                                              ; 3       ;
; KEY[1]                                                                                                              ; 3       ;
; GPIO_0[12]~32                                                                                                       ; 3       ;
; GPIO_0[11]~31                                                                                                       ; 3       ;
; SoC_Top:u_soc|Pipeline_top:u_cpu|decode_cycle:decode|CSR_Unit:u_csr|Equal0~3                                        ; 3       ;
; SoC_Top:u_soc|Pipeline_top:u_cpu|execute_cycle:execute|ALU:alu|ShiftRight1~89                                       ; 3       ;
; SoC_Top:u_soc|Pipeline_top:u_cpu|decode_cycle:decode|CSR_Unit:u_csr|calculated_wdata[15]~72                         ; 3       ;
; SoC_Top:u_soc|Pipeline_top:u_cpu|decode_cycle:decode|CSR_Unit:u_csr|calculated_wdata[14]~70                         ; 3       ;
; SoC_Top:u_soc|Pipeline_top:u_cpu|decode_cycle:decode|CSR_Unit:u_csr|calculated_wdata[13]~68                         ; 3       ;
; SoC_Top:u_soc|Pipeline_top:u_cpu|decode_cycle:decode|CSR_Unit:u_csr|calculated_wdata[12]~66                         ; 3       ;
; SoC_Top:u_soc|Pipeline_top:u_cpu|decode_cycle:decode|CSR_Unit:u_csr|calculated_wdata[23]~64                         ; 3       ;
; SoC_Top:u_soc|Pipeline_top:u_cpu|decode_cycle:decode|CSR_Unit:u_csr|calculated_wdata[22]~62                         ; 3       ;
; SoC_Top:u_soc|Pipeline_top:u_cpu|decode_cycle:decode|CSR_Unit:u_csr|calculated_wdata[21]~60                         ; 3       ;
; SoC_Top:u_soc|Pipeline_top:u_cpu|decode_cycle:decode|CSR_Unit:u_csr|calculated_wdata[20]~58                         ; 3       ;
; SoC_Top:u_soc|Pipeline_top:u_cpu|decode_cycle:decode|CSR_Unit:u_csr|calculated_wdata[19]~56                         ; 3       ;
; SoC_Top:u_soc|Pipeline_top:u_cpu|decode_cycle:decode|CSR_Unit:u_csr|calculated_wdata[18]~54                         ; 3       ;
; SoC_Top:u_soc|Pipeline_top:u_cpu|decode_cycle:decode|CSR_Unit:u_csr|calculated_wdata[17]~52                         ; 3       ;
; SoC_Top:u_soc|Pipeline_top:u_cpu|decode_cycle:decode|CSR_Unit:u_csr|calculated_wdata[16]~50                         ; 3       ;
; SoC_Top:u_soc|Pipeline_top:u_cpu|decode_cycle:decode|CSR_Unit:u_csr|calculated_wdata[29]~48                         ; 3       ;
; SoC_Top:u_soc|Pipeline_top:u_cpu|decode_cycle:decode|CSR_Unit:u_csr|calculated_wdata[28]~46                         ; 3       ;
; SoC_Top:u_soc|Pipeline_top:u_cpu|decode_cycle:decode|CSR_Unit:u_csr|calculated_wdata[31]~44                         ; 3       ;
; SoC_Top:u_soc|Pipeline_top:u_cpu|decode_cycle:decode|CSR_Unit:u_csr|calculated_wdata[30]~42                         ; 3       ;
; SoC_Top:u_soc|Pipeline_top:u_cpu|decode_cycle:decode|CSR_Unit:u_csr|calculated_wdata[25]~40                         ; 3       ;
; SoC_Top:u_soc|Pipeline_top:u_cpu|decode_cycle:decode|CSR_Unit:u_csr|calculated_wdata[24]~38                         ; 3       ;
; SoC_Top:u_soc|Pipeline_top:u_cpu|decode_cycle:decode|CSR_Unit:u_csr|calculated_wdata[1]~36                          ; 3       ;
; SoC_Top:u_soc|Pipeline_top:u_cpu|decode_cycle:decode|CSR_Unit:u_csr|calculated_wdata[27]~34                         ; 3       ;
; SoC_Top:u_soc|Pipeline_top:u_cpu|decode_cycle:decode|CSR_Unit:u_csr|calculated_wdata[26]~32                         ; 3       ;
; SoC_Top:u_soc|apb_uart:u_uart|UART_TOP:u_uart|UART_RX:u_rx|Selector10~0                                             ; 3       ;
; SoC_Top:u_soc|Pipeline_top:u_cpu|decode_cycle:decode|CSR_Unit:u_csr|calculated_wdata[0]~30                          ; 3       ;
; SoC_Top:u_soc|Pipeline_top:u_cpu|decode_cycle:decode|CSR_Unit:u_csr|calculated_wdata[10]~28                         ; 3       ;
; SoC_Top:u_soc|Pipeline_top:u_cpu|decode_cycle:decode|CSR_Unit:u_csr|calculated_wdata[9]~26                          ; 3       ;
; SoC_Top:u_soc|Pipeline_top:u_cpu|decode_cycle:decode|CSR_Unit:u_csr|calculated_wdata[8]~24                          ; 3       ;
; SoC_Top:u_soc|Pipeline_top:u_cpu|decode_cycle:decode|CSR_Unit:u_csr|calculated_wdata[6]~22                          ; 3       ;
; SoC_Top:u_soc|Pipeline_top:u_cpu|decode_cycle:decode|CSR_Unit:u_csr|calculated_wdata[5]~20                          ; 3       ;
; SoC_Top:u_soc|Pipeline_top:u_cpu|decode_cycle:decode|CSR_Unit:u_csr|calculated_wdata[4]~18                          ; 3       ;
; SoC_Top:u_soc|Pipeline_top:u_cpu|decode_cycle:decode|CSR_Unit:u_csr|calculated_wdata[2]~16                          ; 3       ;
; SoC_Top:u_soc|UART_LOADER:u_loader|state.S_BYTE1                                                                    ; 3       ;
; SoC_Top:u_soc|Pipeline_top:u_cpu|fetch_cycle:fetch|Mux:Trap_PC_MUX|c[15]~67                                         ; 3       ;
; SoC_Top:u_soc|Pipeline_top:u_cpu|fetch_cycle:fetch|Mux:Trap_PC_MUX|c[14]~65                                         ; 3       ;
; SoC_Top:u_soc|Pipeline_top:u_cpu|fetch_cycle:fetch|Mux:Trap_PC_MUX|c[13]~63                                         ; 3       ;
; SoC_Top:u_soc|Pipeline_top:u_cpu|fetch_cycle:fetch|Mux:Trap_PC_MUX|c[12]~61                                         ; 3       ;
; SoC_Top:u_soc|UART_LOADER:u_loader|write_data[11]                                                                   ; 3       ;
; SoC_Top:u_soc|Pipeline_top:u_cpu|fetch_cycle:fetch|Mux:Trap_PC_MUX|c[23]~54                                         ; 3       ;
; SoC_Top:u_soc|Pipeline_top:u_cpu|fetch_cycle:fetch|Mux:Trap_PC_MUX|c[22]~52                                         ; 3       ;
; SoC_Top:u_soc|Pipeline_top:u_cpu|fetch_cycle:fetch|Mux:Trap_PC_MUX|c[21]~50                                         ; 3       ;
; SoC_Top:u_soc|Pipeline_top:u_cpu|fetch_cycle:fetch|Mux:Trap_PC_MUX|c[20]~48                                         ; 3       ;
; SoC_Top:u_soc|Pipeline_top:u_cpu|fetch_cycle:fetch|Mux:Trap_PC_MUX|c[19]~46                                         ; 3       ;
; SoC_Top:u_soc|Pipeline_top:u_cpu|fetch_cycle:fetch|Mux:Trap_PC_MUX|c[18]~44                                         ; 3       ;
; SoC_Top:u_soc|Pipeline_top:u_cpu|fetch_cycle:fetch|Mux:Trap_PC_MUX|c[17]~42                                         ; 3       ;
; SoC_Top:u_soc|Pipeline_top:u_cpu|fetch_cycle:fetch|Mux:Trap_PC_MUX|c[16]~40                                         ; 3       ;
; SoC_Top:u_soc|UART_LOADER:u_loader|write_data[10]                                                                   ; 3       ;
; SoC_Top:u_soc|UART_LOADER:u_loader|write_data[9]                                                                    ; 3       ;
; SoC_Top:u_soc|Pipeline_top:u_cpu|fetch_cycle:fetch|Mux:Trap_PC_MUX|c[29]~38                                         ; 3       ;
; SoC_Top:u_soc|Pipeline_top:u_cpu|fetch_cycle:fetch|Mux:Trap_PC_MUX|c[28]~35                                         ; 3       ;
; SoC_Top:u_soc|Pipeline_top:u_cpu|execute_cycle:execute|PCTargetE[29]~28                                             ; 3       ;
; SoC_Top:u_soc|Pipeline_top:u_cpu|fetch_cycle:fetch|Mux:Trap_PC_MUX|c[31]~33                                         ; 3       ;
; SoC_Top:u_soc|Pipeline_top:u_cpu|fetch_cycle:fetch|Mux:Trap_PC_MUX|c[30]~31                                         ; 3       ;
; SoC_Top:u_soc|Pipeline_top:u_cpu|fetch_cycle:fetch|Mux:Trap_PC_MUX|c[25]~29                                         ; 3       ;
; SoC_Top:u_soc|Pipeline_top:u_cpu|fetch_cycle:fetch|Mux:Trap_PC_MUX|c[24]~27                                         ; 3       ;
; SoC_Top:u_soc|UART_LOADER:u_loader|write_data[8]                                                                    ; 3       ;
; SoC_Top:u_soc|UART_LOADER:u_loader|write_data[7]                                                                    ; 3       ;
; SoC_Top:u_soc|Pipeline_top:u_cpu|fetch_cycle:fetch|Mux:Trap_PC_MUX|c[27]~25                                         ; 3       ;
; SoC_Top:u_soc|Pipeline_top:u_cpu|fetch_cycle:fetch|Mux:Trap_PC_MUX|c[26]~23                                         ; 3       ;
; SoC_Top:u_soc|apb_uart:u_uart|UART_TOP:u_uart|UART_RX:u_rx|Selector13~1                                             ; 3       ;
; SoC_Top:u_soc|apb_uart:u_uart|UART_TOP:u_uart|UART_RX:u_rx|Equal0~2                                                 ; 3       ;
; SoC_Top:u_soc|apb_uart:u_uart|UART_TOP:u_uart|UART_RX:u_rx|Selector14~1                                             ; 3       ;
; SoC_Top:u_soc|UART_LOADER:u_loader|write_data[26]                                                                   ; 3       ;
; SoC_Top:u_soc|UART_LOADER:u_loader|write_data[25]                                                                   ; 3       ;
; SoC_Top:u_soc|UART_LOADER:u_loader|write_data[27]                                                                   ; 3       ;
; SoC_Top:u_soc|UART_LOADER:u_loader|write_data[28]                                                                   ; 3       ;
; SoC_Top:u_soc|UART_LOADER:u_loader|write_data[30]                                                                   ; 3       ;
; SoC_Top:u_soc|UART_LOADER:u_loader|write_data[31]                                                                   ; 3       ;
; SoC_Top:u_soc|UART_LOADER:u_loader|write_data[29]                                                                   ; 3       ;
; SoC_Top:u_soc|UART_LOADER:u_loader|write_data[12]                                                                   ; 3       ;
; SoC_Top:u_soc|UART_LOADER:u_loader|write_data[13]                                                                   ; 3       ;
; SoC_Top:u_soc|UART_LOADER:u_loader|write_data[14]                                                                   ; 3       ;
; SoC_Top:u_soc|UART_LOADER:u_loader|write_data[4]                                                                    ; 3       ;
; SoC_Top:u_soc|UART_LOADER:u_loader|write_data[6]                                                                    ; 3       ;
; SoC_Top:u_soc|UART_LOADER:u_loader|write_data[2]                                                                    ; 3       ;
; SoC_Top:u_soc|UART_LOADER:u_loader|write_data[0]                                                                    ; 3       ;
; SoC_Top:u_soc|UART_LOADER:u_loader|write_data[1]                                                                    ; 3       ;
; SoC_Top:u_soc|UART_LOADER:u_loader|write_data[3]                                                                    ; 3       ;
; SoC_Top:u_soc|UART_LOADER:u_loader|write_data[5]                                                                    ; 3       ;
; SoC_Top:u_soc|apb_timer:u_timer|Equal3~10                                                                           ; 3       ;
; SoC_Top:u_soc|UART_LOADER:u_loader|write_data[24]                                                                   ; 3       ;
; SoC_Top:u_soc|UART_LOADER:u_loader|write_data[23]                                                                   ; 3       ;
; SoC_Top:u_soc|UART_LOADER:u_loader|write_data[22]                                                                   ; 3       ;
; SoC_Top:u_soc|UART_LOADER:u_loader|write_data[20]                                                                   ; 3       ;
; SoC_Top:u_soc|UART_LOADER:u_loader|write_data[19]                                                                   ; 3       ;
; SoC_Top:u_soc|UART_LOADER:u_loader|write_data[18]                                                                   ; 3       ;
; SoC_Top:u_soc|UART_LOADER:u_loader|write_data[17]                                                                   ; 3       ;
; SoC_Top:u_soc|UART_LOADER:u_loader|write_data[15]                                                                   ; 3       ;
; SoC_Top:u_soc|UART_LOADER:u_loader|write_data[16]                                                                   ; 3       ;
; SoC_Top:u_soc|UART_LOADER:u_loader|write_data[21]                                                                   ; 3       ;
; SoC_Top:u_soc|apb_timer:u_timer|load_reg[15]                                                                        ; 3       ;
; SoC_Top:u_soc|apb_timer:u_timer|value_reg[15]                                                                       ; 3       ;
; SoC_Top:u_soc|apb_timer:u_timer|load_reg[14]                                                                        ; 3       ;
; SoC_Top:u_soc|apb_timer:u_timer|value_reg[14]                                                                       ; 3       ;
; SoC_Top:u_soc|apb_timer:u_timer|load_reg[13]                                                                        ; 3       ;
; SoC_Top:u_soc|apb_timer:u_timer|value_reg[13]                                                                       ; 3       ;
; SoC_Top:u_soc|apb_timer:u_timer|load_reg[12]                                                                        ; 3       ;
; SoC_Top:u_soc|apb_timer:u_timer|value_reg[12]                                                                       ; 3       ;
; SoC_Top:u_soc|apb_timer:u_timer|load_reg[11]                                                                        ; 3       ;
; SoC_Top:u_soc|apb_timer:u_timer|value_reg[11]                                                                       ; 3       ;
; SoC_Top:u_soc|apb_timer:u_timer|load_reg[10]                                                                        ; 3       ;
; SoC_Top:u_soc|apb_timer:u_timer|value_reg[10]                                                                       ; 3       ;
; SoC_Top:u_soc|apb_timer:u_timer|load_reg[9]                                                                         ; 3       ;
; SoC_Top:u_soc|apb_timer:u_timer|value_reg[9]                                                                        ; 3       ;
; SoC_Top:u_soc|apb_timer:u_timer|load_reg[8]                                                                         ; 3       ;
; SoC_Top:u_soc|apb_timer:u_timer|value_reg[8]                                                                        ; 3       ;
; SoC_Top:u_soc|apb_timer:u_timer|load_reg[7]                                                                         ; 3       ;
; SoC_Top:u_soc|apb_timer:u_timer|value_reg[7]                                                                        ; 3       ;
; SoC_Top:u_soc|Pipeline_top:u_cpu|memory_cycle:memory|Data_Memory:data_memory|mem~113                                ; 3       ;
; SoC_Top:u_soc|apb_timer:u_timer|load_reg[6]                                                                         ; 3       ;
; SoC_Top:u_soc|apb_timer:u_timer|value_reg[6]                                                                        ; 3       ;
; SoC_Top:u_soc|Pipeline_top:u_cpu|memory_cycle:memory|Data_Memory:data_memory|mem~112                                ; 3       ;
; SoC_Top:u_soc|apb_timer:u_timer|load_reg[5]                                                                         ; 3       ;
; SoC_Top:u_soc|apb_timer:u_timer|value_reg[5]                                                                        ; 3       ;
; SoC_Top:u_soc|Pipeline_top:u_cpu|memory_cycle:memory|Data_Memory:data_memory|mem~111                                ; 3       ;
; SoC_Top:u_soc|apb_timer:u_timer|load_reg[4]                                                                         ; 3       ;
; SoC_Top:u_soc|apb_timer:u_timer|value_reg[4]                                                                        ; 3       ;
; SoC_Top:u_soc|apb_timer:u_timer|value_reg[23]                                                                       ; 3       ;
; SoC_Top:u_soc|apb_timer:u_timer|load_reg[23]                                                                        ; 3       ;
; SoC_Top:u_soc|Pipeline_top:u_cpu|memory_cycle:memory|Data_Memory:data_memory|mem~110                                ; 3       ;
; SoC_Top:u_soc|apb_timer:u_timer|value_reg[22]                                                                       ; 3       ;
; SoC_Top:u_soc|apb_timer:u_timer|load_reg[22]                                                                        ; 3       ;
; SoC_Top:u_soc|Pipeline_top:u_cpu|memory_cycle:memory|Data_Memory:data_memory|mem~109                                ; 3       ;
; SoC_Top:u_soc|apb_timer:u_timer|value_reg[21]                                                                       ; 3       ;
; SoC_Top:u_soc|apb_timer:u_timer|load_reg[21]                                                                        ; 3       ;
; SoC_Top:u_soc|Pipeline_top:u_cpu|memory_cycle:memory|Data_Memory:data_memory|mem~108                                ; 3       ;
; SoC_Top:u_soc|apb_timer:u_timer|load_reg[20]                                                                        ; 3       ;
; SoC_Top:u_soc|apb_timer:u_timer|value_reg[20]                                                                       ; 3       ;
; SoC_Top:u_soc|apb_timer:u_timer|load_reg[19]                                                                        ; 3       ;
; SoC_Top:u_soc|apb_timer:u_timer|value_reg[19]                                                                       ; 3       ;
; SoC_Top:u_soc|apb_timer:u_timer|load_reg[18]                                                                        ; 3       ;
; SoC_Top:u_soc|apb_timer:u_timer|value_reg[18]                                                                       ; 3       ;
; SoC_Top:u_soc|apb_timer:u_timer|load_reg[17]                                                                        ; 3       ;
; SoC_Top:u_soc|apb_timer:u_timer|value_reg[17]                                                                       ; 3       ;
; SoC_Top:u_soc|apb_timer:u_timer|load_reg[16]                                                                        ; 3       ;
; SoC_Top:u_soc|apb_timer:u_timer|value_reg[16]                                                                       ; 3       ;
; SoC_Top:u_soc|Pipeline_top:u_cpu|memory_cycle:memory|Data_Memory:data_memory|mem~107                                ; 3       ;
; SoC_Top:u_soc|Pipeline_top:u_cpu|memory_cycle:memory|Data_Memory:data_memory|mem~106                                ; 3       ;
; SoC_Top:u_soc|apb_timer:u_timer|value_reg[3]                                                                        ; 3       ;
; SoC_Top:u_soc|apb_timer:u_timer|load_reg[3]                                                                         ; 3       ;
; SoC_Top:u_soc|Pipeline_top:u_cpu|memory_cycle:memory|Data_Memory:data_memory|mem~105                                ; 3       ;
; SoC_Top:u_soc|Pipeline_top:u_cpu|memory_cycle:memory|Data_Memory:data_memory|mem~104                                ; 3       ;
; SoC_Top:u_soc|apb_timer:u_timer|value_reg[2]                                                                        ; 3       ;
; SoC_Top:u_soc|apb_timer:u_timer|load_reg[2]                                                                         ; 3       ;
; SoC_Top:u_soc|Pipeline_top:u_cpu|memory_cycle:memory|Data_Memory:data_memory|mem~103                                ; 3       ;
; SoC_Top:u_soc|apb_timer:u_timer|value_reg[29]                                                                       ; 3       ;
; SoC_Top:u_soc|apb_timer:u_timer|load_reg[29]                                                                        ; 3       ;
; SoC_Top:u_soc|Pipeline_top:u_cpu|memory_cycle:memory|Data_Memory:data_memory|mem~102                                ; 3       ;
; SoC_Top:u_soc|apb_timer:u_timer|value_reg[28]                                                                       ; 3       ;
; SoC_Top:u_soc|apb_timer:u_timer|load_reg[28]                                                                        ; 3       ;
; SoC_Top:u_soc|apb_timer:u_timer|value_reg[31]                                                                       ; 3       ;
; SoC_Top:u_soc|apb_timer:u_timer|load_reg[31]                                                                        ; 3       ;
; SoC_Top:u_soc|Pipeline_top:u_cpu|memory_cycle:memory|Data_Memory:data_memory|mem~101                                ; 3       ;
; SoC_Top:u_soc|apb_timer:u_timer|value_reg[30]                                                                       ; 3       ;
; SoC_Top:u_soc|apb_timer:u_timer|load_reg[30]                                                                        ; 3       ;
; SoC_Top:u_soc|apb_timer:u_timer|value_reg[25]                                                                       ; 3       ;
; SoC_Top:u_soc|apb_timer:u_timer|load_reg[25]                                                                        ; 3       ;
; SoC_Top:u_soc|apb_timer:u_timer|value_reg[24]                                                                       ; 3       ;
; SoC_Top:u_soc|apb_timer:u_timer|load_reg[24]                                                                        ; 3       ;
; SoC_Top:u_soc|Pipeline_top:u_cpu|memory_cycle:memory|Data_Memory:data_memory|mem~100                                ; 3       ;
; SoC_Top:u_soc|Pipeline_top:u_cpu|memory_cycle:memory|Data_Memory:data_memory|mem~99                                 ; 3       ;
; SoC_Top:u_soc|Pipeline_top:u_cpu|memory_cycle:memory|Data_Memory:data_memory|mem~98                                 ; 3       ;
; SoC_Top:u_soc|apb_timer:u_timer|value_reg[1]                                                                        ; 3       ;
; SoC_Top:u_soc|apb_timer:u_timer|ctrl_reg[1]                                                                         ; 3       ;
; SoC_Top:u_soc|apb_timer:u_timer|load_reg[1]                                                                         ; 3       ;
; SoC_Top:u_soc|Pipeline_top:u_cpu|memory_cycle:memory|Data_Memory:data_memory|mem~97                                 ; 3       ;
; SoC_Top:u_soc|apb_timer:u_timer|value_reg[27]                                                                       ; 3       ;
; SoC_Top:u_soc|apb_timer:u_timer|load_reg[27]                                                                        ; 3       ;
; SoC_Top:u_soc|Pipeline_top:u_cpu|memory_cycle:memory|Data_Memory:data_memory|mem~96                                 ; 3       ;
; SoC_Top:u_soc|Pipeline_top:u_cpu|memory_cycle:memory|Data_Memory:data_memory|mem~95                                 ; 3       ;
; SoC_Top:u_soc|Pipeline_top:u_cpu|memory_cycle:memory|Data_Memory:data_memory|mem~94                                 ; 3       ;
; SoC_Top:u_soc|Pipeline_top:u_cpu|memory_cycle:memory|Data_Memory:data_memory|mem~93                                 ; 3       ;
; SoC_Top:u_soc|apb_timer:u_timer|value_reg[26]                                                                       ; 3       ;
; SoC_Top:u_soc|apb_timer:u_timer|load_reg[26]                                                                        ; 3       ;
; SoC_Top:u_soc|apb_timer:u_timer|ctrl_reg[2]~0                                                                       ; 3       ;
; SoC_Top:u_soc|apb_uart:u_uart|UART_TOP:u_uart|UART_RX:u_rx|clk_cnt[1]                                               ; 3       ;
; SoC_Top:u_soc|apb_uart:u_uart|UART_TOP:u_uart|UART_RX:u_rx|clk_cnt[3]                                               ; 3       ;
; SoC_Top:u_soc|apb_uart:u_uart|UART_TOP:u_uart|UART_RX:u_rx|clk_cnt[6]                                               ; 3       ;
; SoC_Top:u_soc|apb_uart:u_uart|UART_TOP:u_uart|UART_RX:u_rx|clk_cnt[5]                                               ; 3       ;
; SoC_Top:u_soc|apb_uart:u_uart|UART_TOP:u_uart|UART_RX:u_rx|clk_cnt[8]                                               ; 3       ;
; SoC_Top:u_soc|apb_uart:u_uart|UART_TOP:u_uart|UART_RX:u_rx|clk_cnt[0]                                               ; 3       ;
; SoC_Top:u_soc|Pipeline_top:u_cpu|memory_cycle:memory|Data_Memory:data_memory|mem~92                                 ; 3       ;
; SoC_Top:u_soc|Pipeline_top:u_cpu|memory_cycle:memory|Data_Memory:data_memory|mem~91                                 ; 3       ;
; SoC_Top:u_soc|Pipeline_top:u_cpu|memory_cycle:memory|Data_Memory:data_memory|mem~87                                 ; 3       ;
; SoC_Top:u_soc|apb_timer:u_timer|load_reg[0]                                                                         ; 3       ;
; SoC_Top:u_soc|Pipeline_top:u_cpu|fetch_cycle:fetch|PC_Module:Program_Counter|PC[11]                                 ; 3       ;
; SoC_Top:u_soc|Pipeline_top:u_cpu|fetch_cycle:fetch|PC_Module:Program_Counter|PC[10]                                 ; 3       ;
; SoC_Top:u_soc|Pipeline_top:u_cpu|fetch_cycle:fetch|PC_Module:Program_Counter|PC[9]                                  ; 3       ;
; SoC_Top:u_soc|Pipeline_top:u_cpu|fetch_cycle:fetch|PC_Module:Program_Counter|PC[8]                                  ; 3       ;
; SoC_Top:u_soc|Pipeline_top:u_cpu|fetch_cycle:fetch|PC_Module:Program_Counter|PC[7]                                  ; 3       ;
; SoC_Top:u_soc|Pipeline_top:u_cpu|fetch_cycle:fetch|PC_Module:Program_Counter|PC[6]                                  ; 3       ;
; SoC_Top:u_soc|Pipeline_top:u_cpu|fetch_cycle:fetch|PC_Module:Program_Counter|PC[5]                                  ; 3       ;
; SoC_Top:u_soc|Pipeline_top:u_cpu|fetch_cycle:fetch|PC_Module:Program_Counter|PC[4]                                  ; 3       ;
; SoC_Top:u_soc|Pipeline_top:u_cpu|fetch_cycle:fetch|PC_Module:Program_Counter|PC[3]                                  ; 3       ;
; SoC_Top:u_soc|Pipeline_top:u_cpu|fetch_cycle:fetch|PC_Module:Program_Counter|PC[2]                                  ; 3       ;
; SoC_Top:u_soc|apb_i2c_master:u_i2c|bit_cnt[2]~4                                                                     ; 3       ;
; SoC_Top:u_soc|apb_i2c_master:u_i2c|Equal2~0                                                                         ; 3       ;
; SoC_Top:u_soc|apb_spi_master:u_spi|sclk_edge                                                                        ; 3       ;
; SoC_Top:u_soc|apb_spi_master:u_spi|cpha                                                                             ; 3       ;
; SoC_Top:u_soc|apb_i2c_master:u_i2c|always2~0                                                                        ; 3       ;
; SoC_Top:u_soc|UART_LOADER:u_loader|Selector31~2                                                                     ; 3       ;
; SoC_Top:u_soc|UART_RX:u_boot_rx|Selector10~0                                                                        ; 3       ;
; SoC_Top:u_soc|Pipeline_top:u_cpu|decode_cycle:decode|Control_Unit_Top:control|Main_Decoder:Main_Decoder|Equal2~0    ; 3       ;
; SoC_Top:u_soc|Pipeline_top:u_cpu|execute_cycle:execute|ALU:alu|Result[12]~313                                       ; 3       ;
; SoC_Top:u_soc|Pipeline_top:u_cpu|execute_cycle:execute|ALU:alu|ShiftLeft0~121                                       ; 3       ;
; SoC_Top:u_soc|Pipeline_top:u_cpu|decode_cycle:decode|Control_Unit_Top:control|Main_Decoder:Main_Decoder|Equal1~0    ; 3       ;
; SoC_Top:u_soc|Pipeline_top:u_cpu|decode_cycle:decode|Control_Unit_Top:control|Main_Decoder:Main_Decoder|Equal4~1    ; 3       ;
; SoC_Top:u_soc|Pipeline_top:u_cpu|memory_cycle:memory|Data_Memory:data_memory|byte_data[7]~3                         ; 3       ;
; SoC_Top:u_soc|Pipeline_top:u_cpu|memory_cycle:memory|Data_Memory:data_memory|byte_data[7]~0                         ; 3       ;
; SoC_Top:u_soc|apb_timer:u_timer|status_reg                                                                          ; 3       ;
; SoC_Top:u_soc|apb_i2c_master:u_i2c|i2c_busy                                                                         ; 3       ;
; SoC_Top:u_soc|apb_i2c_master:u_i2c|Decoder0~2                                                                       ; 3       ;
; SoC_Top:u_soc|Pipeline_top:u_cpu|decode_cycle:decode|CSR_Unit:u_csr|Selector28~8                                    ; 3       ;
; SoC_Top:u_soc|Pipeline_top:u_cpu|decode_cycle:decode|Control_Unit_Top:control|Equal0~1                              ; 3       ;
; SoC_Top:u_soc|Pipeline_top:u_cpu|decode_cycle:decode|RD_D_reg[4]                                                    ; 3       ;
; SoC_Top:u_soc|Pipeline_top:u_cpu|decode_cycle:decode|RD_D_reg[2]                                                    ; 3       ;
; SoC_Top:u_soc|Pipeline_top:u_cpu|decode_cycle:decode|RD_D_reg[3]                                                    ; 3       ;
; SoC_Top:u_soc|Pipeline_top:u_cpu|decode_cycle:decode|Funct3D_reg[1]                                                 ; 3       ;
; SoC_Top:u_soc|Pipeline_top:u_cpu|decode_cycle:decode|Funct3D_reg[2]                                                 ; 3       ;
; SoC_Top:u_soc|Pipeline_top:u_cpu|execute_cycle:execute|Mux3x1:mux_forward_A|d[31]~75                                ; 3       ;
; SoC_Top:u_soc|Pipeline_top:u_cpu|execute_cycle:execute|Mux3x1:mux_forward_A|d[28]~74                                ; 3       ;
; SoC_Top:u_soc|Pipeline_top:u_cpu|execute_cycle:execute|Mux3x1:mux_forward_A|d[26]~73                                ; 3       ;
; SoC_Top:u_soc|Pipeline_top:u_cpu|execute_cycle:execute|Mux3x1:mux_forward_A|d[27]~72                                ; 3       ;
; SoC_Top:u_soc|Pipeline_top:u_cpu|execute_cycle:execute|Mux3x1:mux_forward_A|d[25]~71                                ; 3       ;
; SoC_Top:u_soc|Pipeline_top:u_cpu|execute_cycle:execute|Mux3x1:mux_forward_A|d[22]~70                                ; 3       ;
; SoC_Top:u_soc|Pipeline_top:u_cpu|execute_cycle:execute|Mux3x1:mux_forward_A|d[23]~69                                ; 3       ;
; SoC_Top:u_soc|Pipeline_top:u_cpu|execute_cycle:execute|Mux3x1:mux_forward_A|d[21]~68                                ; 3       ;
; SoC_Top:u_soc|Pipeline_top:u_cpu|execute_cycle:execute|Mux3x1:mux_forward_B|d[12]~68                                ; 3       ;
; SoC_Top:u_soc|Pipeline_top:u_cpu|execute_cycle:execute|Mux3x1:mux_forward_A|d[12]~67                                ; 3       ;
; SoC_Top:u_soc|Pipeline_top:u_cpu|execute_cycle:execute|Mux3x1:mux_forward_B|d[11]~67                                ; 3       ;
; SoC_Top:u_soc|Pipeline_top:u_cpu|execute_cycle:execute|Mux3x1:mux_forward_B|d[10]~66                                ; 3       ;
; SoC_Top:u_soc|Pipeline_top:u_cpu|execute_cycle:execute|Mux3x1:mux_forward_A|d[10]~66                                ; 3       ;
; SoC_Top:u_soc|Pipeline_top:u_cpu|execute_cycle:execute|Mux3x1:mux_forward_B|d[9]~65                                 ; 3       ;
; SoC_Top:u_soc|Pipeline_top:u_cpu|execute_cycle:execute|Mux3x1:mux_forward_B|d[8]~64                                 ; 3       ;
; SoC_Top:u_soc|Pipeline_top:u_cpu|execute_cycle:execute|Mux3x1:mux_forward_A|d[8]~65                                 ; 3       ;
; SoC_Top:u_soc|Pipeline_top:u_cpu|execute_cycle:execute|Mux3x1:mux_forward_A|d[9]~64                                 ; 3       ;
; SoC_Top:u_soc|Pipeline_top:u_cpu|execute_cycle:execute|Mux3x1:mux_forward_B|d[7]~63                                 ; 3       ;
; SoC_Top:u_soc|Pipeline_top:u_cpu|execute_cycle:execute|Mux3x1:mux_forward_B|d[6]~62                                 ; 3       ;
; SoC_Top:u_soc|Pipeline_top:u_cpu|execute_cycle:execute|Mux3x1:mux_forward_A|d[6]~63                                 ; 3       ;
; SoC_Top:u_soc|Pipeline_top:u_cpu|execute_cycle:execute|Mux3x1:mux_forward_A|d[7]~62                                 ; 3       ;
; SoC_Top:u_soc|Pipeline_top:u_cpu|execute_cycle:execute|Mux3x1:mux_forward_B|d[5]~61                                 ; 3       ;
; SoC_Top:u_soc|Pipeline_top:u_cpu|execute_cycle:execute|Mux3x1:mux_forward_B|d[4]~60                                 ; 3       ;
; SoC_Top:u_soc|Pipeline_top:u_cpu|execute_cycle:execute|Mux3x1:mux_forward_A|d[5]~61                                 ; 3       ;
; SoC_Top:u_soc|Pipeline_top:u_cpu|execute_cycle:execute|Mux3x1:mux_forward_B|d[3]~59                                 ; 3       ;
; SoC_Top:u_soc|Pipeline_top:u_cpu|execute_cycle:execute|Mux3x1:mux_forward_B|d[2]~58                                 ; 3       ;
; SoC_Top:u_soc|Pipeline_top:u_cpu|execute_cycle:execute|Mux3x1:mux_forward_B|d[1]~57                                 ; 3       ;
; SoC_Top:u_soc|Pipeline_top:u_cpu|execute_cycle:execute|Mux3x1:mux_forward_B|d[0]~56                                 ; 3       ;
; SoC_Top:u_soc|Pipeline_top:u_cpu|decode_cycle:decode|Funct3D_reg[0]                                                 ; 3       ;
; SoC_Top:u_soc|Pipeline_top:u_cpu|decode_cycle:decode|RD_D_reg[1]                                                    ; 3       ;
; SoC_Top:u_soc|Pipeline_top:u_cpu|decode_cycle:decode|RD_D_reg[0]                                                    ; 3       ;
; SoC_Top:u_soc|apb_i2c_master:u_i2c|cmd_ack_en                                                                       ; 3       ;
; SoC_Top:u_soc|apb_i2c_master:u_i2c|shift_reg[7]                                                                     ; 3       ;
; SoC_Top:u_soc|apb_i2c_master:u_i2c|shift_reg[4]                                                                     ; 3       ;
; SoC_Top:u_soc|apb_i2c_master:u_i2c|shift_reg[6]                                                                     ; 3       ;
; SoC_Top:u_soc|apb_i2c_master:u_i2c|shift_reg[5]                                                                     ; 3       ;
; SoC_Top:u_soc|apb_i2c_master:u_i2c|shift_reg[3]                                                                     ; 3       ;
; SoC_Top:u_soc|apb_i2c_master:u_i2c|shift_reg[0]                                                                     ; 3       ;
; SoC_Top:u_soc|apb_i2c_master:u_i2c|shift_reg[1]                                                                     ; 3       ;
; SoC_Top:u_soc|apb_i2c_master:u_i2c|shift_reg[2]                                                                     ; 3       ;
; SoC_Top:u_soc|apb_i2c_master:u_i2c|state.ST_TX_SCL_HI                                                               ; 3       ;
; SoC_Top:u_soc|apb_i2c_master:u_i2c|state.ST_STOP_2                                                                  ; 3       ;
; SoC_Top:u_soc|apb_i2c_master:u_i2c|state.ST_STOP_3                                                                  ; 3       ;
; SoC_Top:u_soc|apb_spi_master:u_spi|apb_write                                                                        ; 3       ;
; SoC_Top:u_soc|apb_spi_master:u_spi|clk_cnt[6]                                                                       ; 3       ;
; SoC_Top:u_soc|apb_spi_master:u_spi|clk_cnt[7]                                                                       ; 3       ;
; SoC_Top:u_soc|apb_spi_master:u_spi|clk_cnt[4]                                                                       ; 3       ;
; SoC_Top:u_soc|apb_spi_master:u_spi|clk_cnt[5]                                                                       ; 3       ;
; SoC_Top:u_soc|apb_spi_master:u_spi|clk_cnt[2]                                                                       ; 3       ;
; SoC_Top:u_soc|apb_spi_master:u_spi|clk_cnt[3]                                                                       ; 3       ;
; SoC_Top:u_soc|apb_spi_master:u_spi|clk_cnt[0]                                                                       ; 3       ;
; SoC_Top:u_soc|apb_spi_master:u_spi|clk_cnt[1]                                                                       ; 3       ;
; SoC_Top:u_soc|UART_RX:u_boot_rx|Selector15~1                                                                        ; 3       ;
; SoC_Top:u_soc|UART_RX:u_boot_rx|Equal0~2                                                                            ; 3       ;
; SoC_Top:u_soc|UART_RX:u_boot_rx|Selector16~1                                                                        ; 3       ;
; SoC_Top:u_soc|Pipeline_top:u_cpu|execute_cycle:execute|ALU:alu|Result[9]~140                                        ; 3       ;
; SoC_Top:u_soc|Pipeline_top:u_cpu|execute_cycle:execute|ALU:alu|ShiftRight1~54                                       ; 3       ;
; SoC_Top:u_soc|Pipeline_top:u_cpu|execute_cycle:execute|ALU:alu|ShiftRight1~51                                       ; 3       ;
; SoC_Top:u_soc|Pipeline_top:u_cpu|execute_cycle:execute|ALU:alu|ShiftRight1~49                                       ; 3       ;
; SoC_Top:u_soc|Pipeline_top:u_cpu|execute_cycle:execute|ALU:alu|ShiftRight1~43                                       ; 3       ;
; SoC_Top:u_soc|Pipeline_top:u_cpu|execute_cycle:execute|ALU:alu|ShiftRight1~38                                       ; 3       ;
+---------------------------------------------------------------------------------------------------------------------+---------+


+--------------------------------------------------------------------------------------------------------------------------------------------------------------------------------------------------------------------------------------------------------------------------------------------------------------------------------------------------------------------------------------------------------------------------------------------------------------------------------------------------------------------------------------------------------------------------------------------------------------------------------------------------------------------------------------------------+
; Fitter RAM Summary                                                                                                                                                                                                                                                                                                                                                                                                                                                                                                                                                                                                                                                                               ;
+-----------------------------------------------------------------------------------------------------------------------------------------------+------+------------------+--------------+--------------+--------------+--------------+--------------+------------------------+-------------------------+------------------------+-------------------------+-------+-----------------------------+-----------------------------+-----------------------------+-----------------------------+---------------------+------+------+--------------------------------------------------------------------------------------------------------+----------------------+-----------------+-----------------+
; Name                                                                                                                                          ; Type ; Mode             ; Clock Mode   ; Port A Depth ; Port A Width ; Port B Depth ; Port B Width ; Port A Input Registers ; Port A Output Registers ; Port B Input Registers ; Port B Output Registers ; Size  ; Implementation Port A Depth ; Implementation Port A Width ; Implementation Port B Depth ; Implementation Port B Width ; Implementation Bits ; M4Ks ; MIF  ; Location                                                                                               ; Mixed Width RDW Mode ; Port A RDW Mode ; Port B RDW Mode ;
+-----------------------------------------------------------------------------------------------------------------------------------------------+------+------------------+--------------+--------------+--------------+--------------+--------------+------------------------+-------------------------+------------------------+-------------------------+-------+-----------------------------+-----------------------------+-----------------------------+-----------------------------+---------------------+------+------+--------------------------------------------------------------------------------------------------------+----------------------+-----------------+-----------------+
; SoC_Top:u_soc|Pipeline_top:u_cpu|fetch_cycle:fetch|Instruction_Memory:I_Memory|altsyncram:mem_rtl_0|altsyncram_70e1:auto_generated|ALTSYNCRAM ; AUTO ; Simple Dual Port ; Single Clock ; 1024         ; 32           ; 1024         ; 32           ; yes                    ; no                      ; yes                    ; no                      ; 32768 ; 1024                        ; 32                          ; 1024                        ; 32                          ; 32768               ; 8    ; None ; M4K_X26_Y22, M4K_X26_Y20, M4K_X26_Y21, M4K_X26_Y23, M4K_X26_Y17, M4K_X26_Y24, M4K_X26_Y18, M4K_X26_Y19 ; Don't care           ; Don't care      ; Don't care      ;
; SoC_Top:u_soc|Pipeline_top:u_cpu|memory_cycle:memory|Data_Memory:data_memory|altsyncram:mem_rtl_0|altsyncram_ibc1:auto_generated|ALTSYNCRAM   ; AUTO ; Simple Dual Port ; Single Clock ; 512          ; 32           ; 512          ; 32           ; yes                    ; no                      ; yes                    ; no                      ; 16384 ; 512                         ; 32                          ; 512                         ; 32                          ; 16384               ; 4    ; None ; M4K_X26_Y14, M4K_X26_Y15, M4K_X26_Y16, M4K_X26_Y13                                                     ; Don't care           ; Don't care      ; Don't care      ;
+-----------------------------------------------------------------------------------------------------------------------------------------------+------+------------------+--------------+--------------+--------------+--------------+--------------+------------------------+-------------------------+------------------------+-------------------------+-------+-----------------------------+-----------------------------+-----------------------------+-----------------------------+---------------------+------+------+--------------------------------------------------------------------------------------------------------+----------------------+-----------------+-----------------+
Note: Fitter may spread logical memories into multiple blocks to improve timing. The actual required RAM blocks can be found in the Fitter Resource Usage section.


+--------------------------------------------------------+
; Other Routing Usage Summary                            ;
+-----------------------------+--------------------------+
; Other Routing Resource Type ; Usage                    ;
+-----------------------------+--------------------------+
; Block interconnects         ; 10,069 / 94,460 ( 11 % ) ;
; C16 interconnects           ; 118 / 3,315 ( 4 % )      ;
; C4 interconnects            ; 5,397 / 60,840 ( 9 % )   ;
; Direct links                ; 1,496 / 94,460 ( 2 % )   ;
; Global clocks               ; 2 / 16 ( 13 % )          ;
; Local interconnects         ; 2,884 / 33,216 ( 9 % )   ;
; R24 interconnects           ; 222 / 3,091 ( 7 % )      ;
; R4 interconnects            ; 6,456 / 81,294 ( 8 % )   ;
+-----------------------------+--------------------------+


+-----------------------------------------------------------------------------+
; LAB Logic Elements                                                          ;
+---------------------------------------------+-------------------------------+
; Number of Logic Elements  (Average = 13.87) ; Number of LABs  (Total = 416) ;
+---------------------------------------------+-------------------------------+
; 1                                           ; 6                             ;
; 2                                           ; 9                             ;
; 3                                           ; 5                             ;
; 4                                           ; 7                             ;
; 5                                           ; 7                             ;
; 6                                           ; 4                             ;
; 7                                           ; 7                             ;
; 8                                           ; 6                             ;
; 9                                           ; 12                            ;
; 10                                          ; 7                             ;
; 11                                          ; 3                             ;
; 12                                          ; 15                            ;
; 13                                          ; 13                            ;
; 14                                          ; 11                            ;
; 15                                          ; 33                            ;
; 16                                          ; 271                           ;
+---------------------------------------------+-------------------------------+


+--------------------------------------------------------------------+
; LAB-wide Signals                                                   ;
+------------------------------------+-------------------------------+
; LAB-wide Signals  (Average = 2.22) ; Number of LABs  (Total = 416) ;
+------------------------------------+-------------------------------+
; 1 Async. clear                     ; 207                           ;
; 1 Clock                            ; 354                           ;
; 1 Clock enable                     ; 101                           ;
; 1 Sync. clear                      ; 11                            ;
; 1 Sync. load                       ; 24                            ;
; 2 Async. clears                    ; 1                             ;
; 2 Clock enables                    ; 225                           ;
+------------------------------------+-------------------------------+


+------------------------------------------------------------------------------+
; LAB Signals Sourced                                                          ;
+----------------------------------------------+-------------------------------+
; Number of Signals Sourced  (Average = 19.20) ; Number of LABs  (Total = 416) ;
+----------------------------------------------+-------------------------------+
; 0                                            ; 3                             ;
; 1                                            ; 6                             ;
; 2                                            ; 10                            ;
; 3                                            ; 3                             ;
; 4                                            ; 9                             ;
; 5                                            ; 6                             ;
; 6                                            ; 5                             ;
; 7                                            ; 7                             ;
; 8                                            ; 3                             ;
; 9                                            ; 6                             ;
; 10                                           ; 5                             ;
; 11                                           ; 6                             ;
; 12                                           ; 4                             ;
; 13                                           ; 4                             ;
; 14                                           ; 6                             ;
; 15                                           ; 9                             ;
; 16                                           ; 45                            ;
; 17                                           ; 18                            ;
; 18                                           ; 20                            ;
; 19                                           ; 22                            ;
; 20                                           ; 20                            ;
; 21                                           ; 19                            ;
; 22                                           ; 20                            ;
; 23                                           ; 21                            ;
; 24                                           ; 27                            ;
; 25                                           ; 20                            ;
; 26                                           ; 21                            ;
; 27                                           ; 13                            ;
; 28                                           ; 15                            ;
; 29                                           ; 11                            ;
; 30                                           ; 15                            ;
; 31                                           ; 9                             ;
; 32                                           ; 8                             ;
+----------------------------------------------+-------------------------------+


+----------------------------------------------------------------------------------+
; LAB Signals Sourced Out                                                          ;
+--------------------------------------------------+-------------------------------+
; Number of Signals Sourced Out  (Average = 10.64) ; Number of LABs  (Total = 416) ;
+--------------------------------------------------+-------------------------------+
; 0                                                ; 3                             ;
; 1                                                ; 10                            ;
; 2                                                ; 16                            ;
; 3                                                ; 9                             ;
; 4                                                ; 12                            ;
; 5                                                ; 15                            ;
; 6                                                ; 19                            ;
; 7                                                ; 23                            ;
; 8                                                ; 25                            ;
; 9                                                ; 35                            ;
; 10                                               ; 34                            ;
; 11                                               ; 34                            ;
; 12                                               ; 21                            ;
; 13                                               ; 30                            ;
; 14                                               ; 28                            ;
; 15                                               ; 32                            ;
; 16                                               ; 34                            ;
; 17                                               ; 12                            ;
; 18                                               ; 11                            ;
; 19                                               ; 3                             ;
; 20                                               ; 6                             ;
; 21                                               ; 1                             ;
; 22                                               ; 1                             ;
; 23                                               ; 0                             ;
; 24                                               ; 1                             ;
; 25                                               ; 1                             ;
+--------------------------------------------------+-------------------------------+


+------------------------------------------------------------------------------+
; LAB Distinct Inputs                                                          ;
+----------------------------------------------+-------------------------------+
; Number of Distinct Inputs  (Average = 22.67) ; Number of LABs  (Total = 416) ;
+----------------------------------------------+-------------------------------+
; 0                                            ; 0                             ;
; 1                                            ; 1                             ;
; 2                                            ; 1                             ;
; 3                                            ; 4                             ;
; 4                                            ; 11                            ;
; 5                                            ; 5                             ;
; 6                                            ; 6                             ;
; 7                                            ; 3                             ;
; 8                                            ; 7                             ;
; 9                                            ; 6                             ;
; 10                                           ; 8                             ;
; 11                                           ; 8                             ;
; 12                                           ; 8                             ;
; 13                                           ; 7                             ;
; 14                                           ; 6                             ;
; 15                                           ; 8                             ;
; 16                                           ; 14                            ;
; 17                                           ; 15                            ;
; 18                                           ; 7                             ;
; 19                                           ; 13                            ;
; 20                                           ; 9                             ;
; 21                                           ; 10                            ;
; 22                                           ; 11                            ;
; 23                                           ; 13                            ;
; 24                                           ; 13                            ;
; 25                                           ; 10                            ;
; 26                                           ; 11                            ;
; 27                                           ; 23                            ;
; 28                                           ; 35                            ;
; 29                                           ; 33                            ;
; 30                                           ; 48                            ;
; 31                                           ; 41                            ;
; 32                                           ; 5                             ;
; 33                                           ; 4                             ;
; 34                                           ; 1                             ;
; 35                                           ; 5                             ;
; 36                                           ; 3                             ;
; 37                                           ; 1                             ;
; 38                                           ; 2                             ;
+----------------------------------------------+-------------------------------+


+--------------------------------------------------------------------+
; Fitter Device Options                                              ;
+----------------------------------------------+---------------------+
; Option                                       ; Setting             ;
+----------------------------------------------+---------------------+
; Enable user-supplied start-up clock (CLKUSR) ; Off                 ;
; Enable device-wide reset (DEV_CLRn)          ; Off                 ;
; Enable device-wide output enable (DEV_OE)    ; Off                 ;
; Enable INIT_DONE output                      ; Off                 ;
; Configuration scheme                         ; Active Serial       ;
; Error detection CRC                          ; Off                 ;
; nCEO                                         ; Unreserved          ;
; ASDO,nCSO                                    ; As input tri-stated ;
; Reserve all unused pins                      ; As input tri-stated ;
; Base pin-out file on sameframe device        ; Off                 ;
+----------------------------------------------+---------------------+


+------------------------------------+
; Operating Settings and Conditions  ;
+---------------------------+--------+
; Setting                   ; Value  ;
+---------------------------+--------+
; Nominal Core Voltage      ; 1.20 V ;
; Low Junction Temperature  ; 0 °C   ;
; High Junction Temperature ; 85 °C  ;
+---------------------------+--------+


+-----------------+
; Fitter Messages ;
+-----------------+
Warning (20028): Parallel compilation is not licensed and has been disabled
Info (119006): Selected device EP2C35F672C6 for design "rv32i_soc"
Info (21077): Low junction temperature is 0 degrees C
Info (21077): High junction temperature is 85 degrees C
Info (171003): Fitter is performing an Auto Fit compilation, which may decrease Fitter effort to reduce compilation time
Warning (292013): Feature LogicLock is only available with a valid subscription license. You can purchase a software subscription to gain full access to this feature.
Info (176444): Device migration not selected. If you intend to use device migration later, you may need to change the pin assignments as they may be incompatible with other devices
    Info (176445): Device EP2C50F672C6 is compatible
    Info (176445): Device EP2C70F672C6 is compatible
Info (169124): Fitter converted 2 user pins into dedicated programming pins
    Info (169125): Pin ~ASDO~ is reserved at location E3
    Info (169125): Pin ~nCSO~ is reserved at location D3
Info (176045): Design uses memory blocks. Violating setup or hold times of memory block address registers for either read or write operations could cause memory contents to be corrupted. Make sure that all memory block address registers meet the setup and hold time requirements.
Info (332104): Reading SDC File: 'constraint/fpga_top.sdc'
Info (332129): Detected timing requirements -- optimizing circuit to achieve only the specified requirements
Info (332111): Found 1 clocks
    Info (332111):   Period   Clock Name
    Info (332111): ======== ============
    Info (332111):   20.000     CLOCK_50
Info (176353): Automatically promoted node CLOCK_50 (placed in PIN N2 (CLK0, LVDSCLK0p, Input))
    Info (176355): Automatically promoted destinations to use location or clock signal Global Clock CLKCTRL_G2
Info (176353): Automatically promoted node SoC_Top:u_soc|por_n 
    Info (176355): Automatically promoted destinations to use location or clock signal Global Clock
Info (176233): Starting register packing
Info (176235): Finished register packing
    Extra Info (176219): No registers were packed into other blocks
Info (171121): Fitter preparation operations ending: elapsed time is 00:00:03
Info (170189): Fitter placement preparation operations beginning
Info (170190): Fitter placement preparation operations ending: elapsed time is 00:00:04
Info (170191): Fitter placement operations beginning
Info (170137): Fitter placement was successful
Info (170192): Fitter placement operations ending: elapsed time is 00:00:19
Info (170193): Fitter routing operations beginning
Info (170195): Router estimated average interconnect usage is 7% of the available device resources
    Info (170196): Router estimated peak interconnect usage is 44% of the available device resources in the region that extends from location X22_Y12 to location X32_Y23
Info (170194): Fitter routing operations ending: elapsed time is 00:00:07
Info (170199): The Fitter performed an Auto Fit compilation.  Optimizations were skipped to reduce compilation time.
    Info (170201): Optimizations that may affect the design's routability were skipped
    Info (170200): Optimizations that may affect the design's timing were skipped
Info (11888): Total time spent on timing analysis during the Fitter is 4.39 seconds.
Info (306004): Started post-fitting delay annotation
Warning (306006): Found 120 output pins without output pin load capacitance assignment
    Info (306007): Pin "GPIO_0[10]" has no specified output pin load capacitance -- assuming default load capacitance of 0 pF for timing analysis
    Info (306007): Pin "GPIO_0[0]" has no specified output pin load capacitance -- assuming default load capacitance of 0 pF for timing analysis
    Info (306007): Pin "GPIO_0[1]" has no specified output pin load capacitance -- assuming default load capacitance of 0 pF for timing analysis
    Info (306007): Pin "GPIO_0[2]" has no specified output pin load capacitance -- assuming default load capacitance of 0 pF for timing analysis
    Info (306007): Pin "GPIO_0[3]" has no specified output pin load capacitance -- assuming default load capacitance of 0 pF for timing analysis
    Info (306007): Pin "GPIO_0[4]" has no specified output pin load capacitance -- assuming default load capacitance of 0 pF for timing analysis
    Info (306007): Pin "GPIO_0[5]" has no specified output pin load capacitance -- assuming default load capacitance of 0 pF for timing analysis
    Info (306007): Pin "GPIO_0[6]" has no specified output pin load capacitance -- assuming default load capacitance of 0 pF for timing analysis
    Info (306007): Pin "GPIO_0[7]" has no specified output pin load capacitance -- assuming default load capacitance of 0 pF for timing analysis
    Info (306007): Pin "GPIO_0[8]" has no specified output pin load capacitance -- assuming default load capacitance of 0 pF for timing analysis
    Info (306007): Pin "GPIO_0[9]" has no specified output pin load capacitance -- assuming default load capacitance of 0 pF for timing analysis
    Info (306007): Pin "GPIO_0[11]" has no specified output pin load capacitance -- assuming default load capacitance of 0 pF for timing analysis
    Info (306007): Pin "GPIO_0[12]" has no specified output pin load capacitance -- assuming default load capacitance of 0 pF for timing analysis
    Info (306007): Pin "GPIO_0[13]" has no specified output pin load capacitance -- assuming default load capacitance of 0 pF for timing analysis
    Info (306007): Pin "GPIO_0[14]" has no specified output pin load capacitance -- assuming default load capacitance of 0 pF for timing analysis
    Info (306007): Pin "GPIO_0[15]" has no specified output pin load capacitance -- assuming default load capacitance of 0 pF for timing analysis
    Info (306007): Pin "GPIO_0[16]" has no specified output pin load capacitance -- assuming default load capacitance of 0 pF for timing analysis
    Info (306007): Pin "GPIO_0[17]" has no specified output pin load capacitance -- assuming default load capacitance of 0 pF for timing analysis
    Info (306007): Pin "GPIO_0[18]" has no specified output pin load capacitance -- assuming default load capacitance of 0 pF for timing analysis
    Info (306007): Pin "GPIO_0[19]" has no specified output pin load capacitance -- assuming default load capacitance of 0 pF for timing analysis
    Info (306007): Pin "GPIO_0[20]" has no specified output pin load capacitance -- assuming default load capacitance of 0 pF for timing analysis
    Info (306007): Pin "GPIO_0[21]" has no specified output pin load capacitance -- assuming default load capacitance of 0 pF for timing analysis
    Info (306007): Pin "GPIO_0[22]" has no specified output pin load capacitance -- assuming default load capacitance of 0 pF for timing analysis
    Info (306007): Pin "GPIO_0[23]" has no specified output pin load capacitance -- assuming default load capacitance of 0 pF for timing analysis
    Info (306007): Pin "GPIO_0[24]" has no specified output pin load capacitance -- assuming default load capacitance of 0 pF for timing analysis
    Info (306007): Pin "GPIO_0[25]" has no specified output pin load capacitance -- assuming default load capacitance of 0 pF for timing analysis
    Info (306007): Pin "GPIO_0[26]" has no specified output pin load capacitance -- assuming default load capacitance of 0 pF for timing analysis
    Info (306007): Pin "GPIO_0[27]" has no specified output pin load capacitance -- assuming default load capacitance of 0 pF for timing analysis
    Info (306007): Pin "GPIO_0[28]" has no specified output pin load capacitance -- assuming default load capacitance of 0 pF for timing analysis
    Info (306007): Pin "GPIO_0[29]" has no specified output pin load capacitance -- assuming default load capacitance of 0 pF for timing analysis
    Info (306007): Pin "GPIO_0[30]" has no specified output pin load capacitance -- assuming default load capacitance of 0 pF for timing analysis
    Info (306007): Pin "GPIO_0[31]" has no specified output pin load capacitance -- assuming default load capacitance of 0 pF for timing analysis
    Info (306007): Pin "GPIO_0[32]" has no specified output pin load capacitance -- assuming default load capacitance of 0 pF for timing analysis
    Info (306007): Pin "GPIO_0[33]" has no specified output pin load capacitance -- assuming default load capacitance of 0 pF for timing analysis
    Info (306007): Pin "GPIO_0[34]" has no specified output pin load capacitance -- assuming default load capacitance of 0 pF for timing analysis
    Info (306007): Pin "GPIO_0[35]" has no specified output pin load capacitance -- assuming default load capacitance of 0 pF for timing analysis
    Info (306007): Pin "LEDR[0]" has no specified output pin load capacitance -- assuming default load capacitance of 0 pF for timing analysis
    Info (306007): Pin "LEDR[1]" has no specified output pin load capacitance -- assuming default load capacitance of 0 pF for timing analysis
    Info (306007): Pin "LEDR[2]" has no specified output pin load capacitance -- assuming default load capacitance of 0 pF for timing analysis
    Info (306007): Pin "LEDR[3]" has no specified output pin load capacitance -- assuming default load capacitance of 0 pF for timing analysis
    Info (306007): Pin "LEDR[4]" has no specified output pin load capacitance -- assuming default load capacitance of 0 pF for timing analysis
    Info (306007): Pin "LEDR[5]" has no specified output pin load capacitance -- assuming default load capacitance of 0 pF for timing analysis
    Info (306007): Pin "LEDR[6]" has no specified output pin load capacitance -- assuming default load capacitance of 0 pF for timing analysis
    Info (306007): Pin "LEDR[7]" has no specified output pin load capacitance -- assuming default load capacitance of 0 pF for timing analysis
    Info (306007): Pin "LEDR[8]" has no specified output pin load capacitance -- assuming default load capacitance of 0 pF for timing analysis
    Info (306007): Pin "LEDR[9]" has no specified output pin load capacitance -- assuming default load capacitance of 0 pF for timing analysis
    Info (306007): Pin "LEDR[10]" has no specified output pin load capacitance -- assuming default load capacitance of 0 pF for timing analysis
    Info (306007): Pin "LEDR[11]" has no specified output pin load capacitance -- assuming default load capacitance of 0 pF for timing analysis
    Info (306007): Pin "LEDR[12]" has no specified output pin load capacitance -- assuming default load capacitance of 0 pF for timing analysis
    Info (306007): Pin "LEDR[13]" has no specified output pin load capacitance -- assuming default load capacitance of 0 pF for timing analysis
    Info (306007): Pin "LEDR[14]" has no specified output pin load capacitance -- assuming default load capacitance of 0 pF for timing analysis
    Info (306007): Pin "LEDR[15]" has no specified output pin load capacitance -- assuming default load capacitance of 0 pF for timing analysis
    Info (306007): Pin "LEDR[16]" has no specified output pin load capacitance -- assuming default load capacitance of 0 pF for timing analysis
    Info (306007): Pin "LEDR[17]" has no specified output pin load capacitance -- assuming default load capacitance of 0 pF for timing analysis
    Info (306007): Pin "LEDG[0]" has no specified output pin load capacitance -- assuming default load capacitance of 0 pF for timing analysis
    Info (306007): Pin "LEDG[1]" has no specified output pin load capacitance -- assuming default load capacitance of 0 pF for timing analysis
    Info (306007): Pin "LEDG[2]" has no specified output pin load capacitance -- assuming default load capacitance of 0 pF for timing analysis
    Info (306007): Pin "LEDG[3]" has no specified output pin load capacitance -- assuming default load capacitance of 0 pF for timing analysis
    Info (306007): Pin "LEDG[4]" has no specified output pin load capacitance -- assuming default load capacitance of 0 pF for timing analysis
    Info (306007): Pin "LEDG[5]" has no specified output pin load capacitance -- assuming default load capacitance of 0 pF for timing analysis
    Info (306007): Pin "LEDG[6]" has no specified output pin load capacitance -- assuming default load capacitance of 0 pF for timing analysis
    Info (306007): Pin "LEDG[7]" has no specified output pin load capacitance -- assuming default load capacitance of 0 pF for timing analysis
    Info (306007): Pin "LEDG[8]" has no specified output pin load capacitance -- assuming default load capacitance of 0 pF for timing analysis
    Info (306007): Pin "HEX0[0]" has no specified output pin load capacitance -- assuming default load capacitance of 0 pF for timing analysis
    Info (306007): Pin "HEX0[1]" has no specified output pin load capacitance -- assuming default load capacitance of 0 pF for timing analysis
    Info (306007): Pin "HEX0[2]" has no specified output pin load capacitance -- assuming default load capacitance of 0 pF for timing analysis
    Info (306007): Pin "HEX0[3]" has no specified output pin load capacitance -- assuming default load capacitance of 0 pF for timing analysis
    Info (306007): Pin "HEX0[4]" has no specified output pin load capacitance -- assuming default load capacitance of 0 pF for timing analysis
    Info (306007): Pin "HEX0[5]" has no specified output pin load capacitance -- assuming default load capacitance of 0 pF for timing analysis
    Info (306007): Pin "HEX0[6]" has no specified output pin load capacitance -- assuming default load capacitance of 0 pF for timing analysis
    Info (306007): Pin "HEX1[0]" has no specified output pin load capacitance -- assuming default load capacitance of 0 pF for timing analysis
    Info (306007): Pin "HEX1[1]" has no specified output pin load capacitance -- assuming default load capacitance of 0 pF for timing analysis
    Info (306007): Pin "HEX1[2]" has no specified output pin load capacitance -- assuming default load capacitance of 0 pF for timing analysis
    Info (306007): Pin "HEX1[3]" has no specified output pin load capacitance -- assuming default load capacitance of 0 pF for timing analysis
    Info (306007): Pin "HEX1[4]" has no specified output pin load capacitance -- assuming default load capacitance of 0 pF for timing analysis
    Info (306007): Pin "HEX1[5]" has no specified output pin load capacitance -- assuming default load capacitance of 0 pF for timing analysis
    Info (306007): Pin "HEX1[6]" has no specified output pin load capacitance -- assuming default load capacitance of 0 pF for timing analysis
    Info (306007): Pin "HEX2[0]" has no specified output pin load capacitance -- assuming default load capacitance of 0 pF for timing analysis
    Info (306007): Pin "HEX2[1]" has no specified output pin load capacitance -- assuming default load capacitance of 0 pF for timing analysis
    Info (306007): Pin "HEX2[2]" has no specified output pin load capacitance -- assuming default load capacitance of 0 pF for timing analysis
    Info (306007): Pin "HEX2[3]" has no specified output pin load capacitance -- assuming default load capacitance of 0 pF for timing analysis
    Info (306007): Pin "HEX2[4]" has no specified output pin load capacitance -- assuming default load capacitance of 0 pF for timing analysis
    Info (306007): Pin "HEX2[5]" has no specified output pin load capacitance -- assuming default load capacitance of 0 pF for timing analysis
    Info (306007): Pin "HEX2[6]" has no specified output pin load capacitance -- assuming default load capacitance of 0 pF for timing analysis
    Info (306007): Pin "HEX3[0]" has no specified output pin load capacitance -- assuming default load capacitance of 0 pF for timing analysis
    Info (306007): Pin "HEX3[1]" has no specified output pin load capacitance -- assuming default load capacitance of 0 pF for timing analysis
    Info (306007): Pin "HEX3[2]" has no specified output pin load capacitance -- assuming default load capacitance of 0 pF for timing analysis
    Info (306007): Pin "HEX3[3]" has no specified output pin load capacitance -- assuming default load capacitance of 0 pF for timing analysis
    Info (306007): Pin "HEX3[4]" has no specified output pin load capacitance -- assuming default load capacitance of 0 pF for timing analysis
    Info (306007): Pin "HEX3[5]" has no specified output pin load capacitance -- assuming default load capacitance of 0 pF for timing analysis
    Info (306007): Pin "HEX3[6]" has no specified output pin load capacitance -- assuming default load capacitance of 0 pF for timing analysis
    Info (306007): Pin "HEX4[0]" has no specified output pin load capacitance -- assuming default load capacitance of 0 pF for timing analysis
    Info (306007): Pin "HEX4[1]" has no specified output pin load capacitance -- assuming default load capacitance of 0 pF for timing analysis
    Info (306007): Pin "HEX4[2]" has no specified output pin load capacitance -- assuming default load capacitance of 0 pF for timing analysis
    Info (306007): Pin "HEX4[3]" has no specified output pin load capacitance -- assuming default load capacitance of 0 pF for timing analysis
    Info (306007): Pin "HEX4[4]" has no specified output pin load capacitance -- assuming default load capacitance of 0 pF for timing analysis
    Info (306007): Pin "HEX4[5]" has no specified output pin load capacitance -- assuming default load capacitance of 0 pF for timing analysis
    Info (306007): Pin "HEX4[6]" has no specified output pin load capacitance -- assuming default load capacitance of 0 pF for timing analysis
    Info (306007): Pin "HEX5[0]" has no specified output pin load capacitance -- assuming default load capacitance of 0 pF for timing analysis
    Info (306007): Pin "HEX5[1]" has no specified output pin load capacitance -- assuming default load capacitance of 0 pF for timing analysis
    Info (306007): Pin "HEX5[2]" has no specified output pin load capacitance -- assuming default load capacitance of 0 pF for timing analysis
    Info (306007): Pin "HEX5[3]" has no specified output pin load capacitance -- assuming default load capacitance of 0 pF for timing analysis
    Info (306007): Pin "HEX5[4]" has no specified output pin load capacitance -- assuming default load capacitance of 0 pF for timing analysis
    Info (306007): Pin "HEX5[5]" has no specified output pin load capacitance -- assuming default load capacitance of 0 pF for timing analysis
    Info (306007): Pin "HEX5[6]" has no specified output pin load capacitance -- assuming default load capacitance of 0 pF for timing analysis
    Info (306007): Pin "HEX6[0]" has no specified output pin load capacitance -- assuming default load capacitance of 0 pF for timing analysis
    Info (306007): Pin "HEX6[1]" has no specified output pin load capacitance -- assuming default load capacitance of 0 pF for timing analysis
    Info (306007): Pin "HEX6[2]" has no specified output pin load capacitance -- assuming default load capacitance of 0 pF for timing analysis
    Info (306007): Pin "HEX6[3]" has no specified output pin load capacitance -- assuming default load capacitance of 0 pF for timing analysis
    Info (306007): Pin "HEX6[4]" has no specified output pin load capacitance -- assuming default load capacitance of 0 pF for timing analysis
    Info (306007): Pin "HEX6[5]" has no specified output pin load capacitance -- assuming default load capacitance of 0 pF for timing analysis
    Info (306007): Pin "HEX6[6]" has no specified output pin load capacitance -- assuming default load capacitance of 0 pF for timing analysis
    Info (306007): Pin "HEX7[0]" has no specified output pin load capacitance -- assuming default load capacitance of 0 pF for timing analysis
    Info (306007): Pin "HEX7[1]" has no specified output pin load capacitance -- assuming default load capacitance of 0 pF for timing analysis
    Info (306007): Pin "HEX7[2]" has no specified output pin load capacitance -- assuming default load capacitance of 0 pF for timing analysis
    Info (306007): Pin "HEX7[3]" has no specified output pin load capacitance -- assuming default load capacitance of 0 pF for timing analysis
    Info (306007): Pin "HEX7[4]" has no specified output pin load capacitance -- assuming default load capacitance of 0 pF for timing analysis
    Info (306007): Pin "HEX7[5]" has no specified output pin load capacitance -- assuming default load capacitance of 0 pF for timing analysis
    Info (306007): Pin "HEX7[6]" has no specified output pin load capacitance -- assuming default load capacitance of 0 pF for timing analysis
    Info (306007): Pin "UART_TXD" has no specified output pin load capacitance -- assuming default load capacitance of 0 pF for timing analysis
Info (306005): Delay annotation completed successfully
Info (306004): Started post-fitting delay annotation
Info (306005): Delay annotation completed successfully
Info (11218): Fitter post-fit operations ending: elapsed time is 00:00:04
Info (176045): Design uses memory blocks. Violating setup or hold times of memory block address registers for either read or write operations could cause memory contents to be corrupted. Make sure that all memory block address registers meet the setup and hold time requirements.
Warning (169064): Following 33 pins have no output enable or a GND or VCC output enable - later changes to this connectivity may change fitting results
    Info (169065): Pin GPIO_0[10] has a permanently disabled output enable
    Info (169065): Pin GPIO_0[0] has a permanently enabled output enable
    Info (169065): Pin GPIO_0[1] has a permanently enabled output enable
    Info (169065): Pin GPIO_0[2] has a permanently disabled output enable
    Info (169065): Pin GPIO_0[3] has a permanently enabled output enable
    Info (169065): Pin GPIO_0[6] has a permanently enabled output enable
    Info (169065): Pin GPIO_0[7] has a permanently enabled output enable
    Info (169065): Pin GPIO_0[8] has a permanently enabled output enable
    Info (169065): Pin GPIO_0[9] has a permanently enabled output enable
    Info (169065): Pin GPIO_0[11] has a permanently disabled output enable
    Info (169065): Pin GPIO_0[13] has a permanently disabled output enable
    Info (169065): Pin GPIO_0[14] has a permanently disabled output enable
    Info (169065): Pin GPIO_0[15] has a permanently enabled output enable
    Info (169065): Pin GPIO_0[16] has a permanently disabled output enable
    Info (169065): Pin GPIO_0[17] has a permanently disabled output enable
    Info (169065): Pin GPIO_0[18] has a permanently disabled output enable
    Info (169065): Pin GPIO_0[19] has a permanently disabled output enable
    Info (169065): Pin GPIO_0[20] has a permanently disabled output enable
    Info (169065): Pin GPIO_0[21] has a permanently disabled output enable
    Info (169065): Pin GPIO_0[22] has a permanently disabled output enable
    Info (169065): Pin GPIO_0[23] has a permanently disabled output enable
    Info (169065): Pin GPIO_0[24] has a permanently disabled output enable
    Info (169065): Pin GPIO_0[25] has a permanently disabled output enable
    Info (169065): Pin GPIO_0[26] has a permanently disabled output enable
    Info (169065): Pin GPIO_0[27] has a permanently disabled output enable
    Info (169065): Pin GPIO_0[28] has a permanently disabled output enable
    Info (169065): Pin GPIO_0[29] has a permanently disabled output enable
    Info (169065): Pin GPIO_0[30] has a permanently disabled output enable
    Info (169065): Pin GPIO_0[31] has a permanently disabled output enable
    Info (169065): Pin GPIO_0[32] has a permanently disabled output enable
    Info (169065): Pin GPIO_0[33] has a permanently disabled output enable
    Info (169065): Pin GPIO_0[34] has a permanently disabled output enable
    Info (169065): Pin GPIO_0[35] has a permanently disabled output enable
Info (144001): Generated suppressed messages file D:/VLSI/projects/FPGA_Secure_IOT/rv32i-5stage-core/rv32i_soc.fit.smsg
Info: Quartus II 64-Bit Fitter was successful. 0 errors, 4 warnings
    Info: Peak virtual memory: 4952 megabytes
    Info: Processing ended: Mon Aug 03 13:33:59 2026
    Info: Elapsed time: 00:00:45
    Info: Total CPU time (on all processors): 00:00:43


+----------------------------+
; Fitter Suppressed Messages ;
+----------------------------+
The suppressed messages can be found in D:/VLSI/projects/FPGA_Secure_IOT/rv32i-5stage-core/rv32i_soc.fit.smsg.


