TimeQuest Timing Analyzer report for rv32i_soc
Mon Aug 03 13:34:07 2026
Quartus II 64-Bit Version 13.0.1 Build 232 06/12/2013 Service Pack 1 SJ Web Edition


---------------------
; Table of Contents ;
---------------------
  1. Legal Notice
  2. TimeQuest Timing Analyzer Summary
  3. Parallel Compilation
  4. SDC File List
  5. Clocks
  6. Slow Model Fmax Summary
  7. Slow Model Setup Summary
  8. Slow Model Hold Summary
  9. Slow Model Recovery Summary
 10. Slow Model Removal Summary
 11. Slow Model Minimum Pulse Width Summary
 12. Slow Model Setup: 'CLOCK_50'
 13. Slow Model Hold: 'CLOCK_50'
 14. Slow Model Recovery: 'CLOCK_50'
 15. Slow Model Removal: 'CLOCK_50'
 16. Slow Model Minimum Pulse Width: 'CLOCK_50'
 17. Setup Times
 18. Hold Times
 19. Propagation Delay
 20. Minimum Propagation Delay
 21. Fast Model Setup Summary
 22. Fast Model Hold Summary
 23. Fast Model Recovery Summary
 24. Fast Model Removal Summary
 25. Fast Model Minimum Pulse Width Summary
 26. Fast Model Setup: 'CLOCK_50'
 27. Fast Model Hold: 'CLOCK_50'
 28. Fast Model Recovery: 'CLOCK_50'
 29. Fast Model Removal: 'CLOCK_50'
 30. Fast Model Minimum Pulse Width: 'CLOCK_50'
 31. Setup Times
 32. Hold Times
 33. Propagation Delay
 34. Minimum Propagation Delay
 35. Multicorner Timing Analysis Summary
 36. Setup Times
 37. Hold Times
 38. Progagation Delay
 39. Minimum Progagation Delay
 40. Setup Transfers
 41. Hold Transfers
 42. Recovery Transfers
 43. Removal Transfers
 44. Report TCCS
 45. Report RSKM
 46. Unconstrained Paths
 47. TimeQuest Timing Analyzer Messages



----------------
; Legal Notice ;
----------------
Copyright (C) 1991-2013 Altera Corporation
Your use of Altera Corporation's design tools, logic functions 
and other software and tools, and its AMPP partner logic 
functions, and any output files from any of the foregoing 
(including device programming or simulation files), and any 
associated documentation or information are expressly subject 
to the terms and conditions of the Altera Program License 
Subscription Agreement, Altera MegaCore Function License 
Agreement, or other applicable license agreement, including, 
without limitation, that your use is for the sole purpose of 
programming logic devices manufactured by Altera and sold by 
Altera or its authorized distributors.  Please refer to the 
applicable agreement for further details.



+----------------------------------------------------------------------------------------+
; TimeQuest Timing Analyzer Summary                                                      ;
+--------------------+-------------------------------------------------------------------+
; Quartus II Version ; Version 13.0.1 Build 232 06/12/2013 Service Pack 1 SJ Web Edition ;
; Revision Name      ; rv32i_soc                                                         ;
; Device Family      ; Cyclone II                                                        ;
; Device Name        ; EP2C35F672C6                                                      ;
; Timing Models      ; Final                                                             ;
; Delay Model        ; Combined                                                          ;
; Rise/Fall Delays   ; Unavailable                                                       ;
+--------------------+-------------------------------------------------------------------+


Parallel compilation was disabled, but you have multiple processors available. Enable parallel compilation to reduce compilation time.
+-------------------------------------+
; Parallel Compilation                ;
+----------------------------+--------+
; Processors                 ; Number ;
+----------------------------+--------+
; Number detected on machine ; 16     ;
; Maximum allowed            ; 1      ;
+----------------------------+--------+


+-------------------------------------------------------------+
; SDC File List                                               ;
+-------------------------+--------+--------------------------+
; SDC File Path           ; Status ; Read at                  ;
+-------------------------+--------+--------------------------+
; constraint/fpga_top.sdc ; OK     ; Mon Aug 03 13:34:06 2026 ;
+-------------------------+--------+--------------------------+


+--------------------------------------------------------------------------------------------------------------------------------------------------------------------------------------+
; Clocks                                                                                                                                                                               ;
+------------+------+--------+-----------+-------+--------+------------+-----------+-------------+-------+--------+-----------+------------+----------+--------+--------+--------------+
; Clock Name ; Type ; Period ; Frequency ; Rise  ; Fall   ; Duty Cycle ; Divide by ; Multiply by ; Phase ; Offset ; Edge List ; Edge Shift ; Inverted ; Master ; Source ; Targets      ;
+------------+------+--------+-----------+-------+--------+------------+-----------+-------------+-------+--------+-----------+------------+----------+--------+--------+--------------+
; CLOCK_50   ; Base ; 20.000 ; 50.0 MHz  ; 0.000 ; 10.000 ;            ;           ;             ;       ;        ;           ;            ;          ;        ;        ; { CLOCK_50 } ;
+------------+------+--------+-----------+-------+--------+------------+-----------+-------------+-------+--------+-----------+------------+----------+--------+--------+--------------+


+-------------------------------------------------+
; Slow Model Fmax Summary                         ;
+-----------+-----------------+------------+------+
; Fmax      ; Restricted Fmax ; Clock Name ; Note ;
+-----------+-----------------+------------+------+
; 56.82 MHz ; 56.82 MHz       ; CLOCK_50   ;      ;
+-----------+-----------------+------------+------+
This panel reports FMAX for every clock in the design, regardless of the user-specified clock periods.  FMAX is only computed for paths where the source and destination registers or ports are driven by the same clock.  Paths of different clocks, including generated clocks, are ignored.  For paths between a clock and its inversion, FMAX is computed as if the rising and falling edges are scaled along with FMAX, such that the duty cycle (in terms of a percentage) is maintained. Altera recommends that you always use clock constraints and other slack reports for sign-off analysis.


+----------------------------------+
; Slow Model Setup Summary         ;
+----------+-------+---------------+
; Clock    ; Slack ; End Point TNS ;
+----------+-------+---------------+
; CLOCK_50 ; 1.798 ; 0.000         ;
+----------+-------+---------------+


+----------------------------------+
; Slow Model Hold Summary          ;
+----------+-------+---------------+
; Clock    ; Slack ; End Point TNS ;
+----------+-------+---------------+
; CLOCK_50 ; 0.391 ; 0.000         ;
+----------+-------+---------------+


+-----------------------------------+
; Slow Model Recovery Summary       ;
+----------+--------+---------------+
; Clock    ; Slack  ; End Point TNS ;
+----------+--------+---------------+
; CLOCK_50 ; 17.262 ; 0.000         ;
+----------+--------+---------------+


+----------------------------------+
; Slow Model Removal Summary       ;
+----------+-------+---------------+
; Clock    ; Slack ; End Point TNS ;
+----------+-------+---------------+
; CLOCK_50 ; 2.507 ; 0.000         ;
+----------+-------+---------------+


+----------------------------------------+
; Slow Model Minimum Pulse Width Summary ;
+----------+-------+---------------------+
; Clock    ; Slack ; End Point TNS       ;
+----------+-------+---------------------+
; CLOCK_50 ; 7.873 ; 0.000               ;
+----------+-------+---------------------+


+-----------------------------------------------------------------------------------------------------------------------------------------------------------------------------------------------------------------------------------------------------------+
; Slow Model Setup: 'CLOCK_50'                                                                                                                                                                                                                              ;
+-------+------------------------------------------------------------------------------------------+----------------------------------------------------------------------------------+--------------+-------------+--------------+------------+------------+
; Slack ; From Node                                                                                ; To Node                                                                          ; Launch Clock ; Latch Clock ; Relationship ; Clock Skew ; Data Delay ;
+-------+------------------------------------------------------------------------------------------+----------------------------------------------------------------------------------+--------------+-------------+--------------+------------+------------+
; 1.798 ; SoC_Top:u_soc|Pipeline_top:u_cpu|decode_cycle:decode|Register_File:Reg_file|Register~711 ; SoC_Top:u_soc|Pipeline_top:u_cpu|decode_cycle:decode|CSR_Unit:u_csr|mepc[7]      ; CLOCK_50     ; CLOCK_50    ; 10.000       ; 0.012      ; 8.250      ;
; 2.011 ; SoC_Top:u_soc|Pipeline_top:u_cpu|decode_cycle:decode|Register_File:Reg_file|Register~341 ; SoC_Top:u_soc|Pipeline_top:u_cpu|decode_cycle:decode|CSR_Unit:u_csr|mepc[21]     ; CLOCK_50     ; CLOCK_50    ; 10.000       ; 0.020      ; 8.045      ;
; 2.021 ; SoC_Top:u_soc|Pipeline_top:u_cpu|decode_cycle:decode|Register_File:Reg_file|Register~341 ; SoC_Top:u_soc|Pipeline_top:u_cpu|decode_cycle:decode|CSR_Unit:u_csr|mcause[21]   ; CLOCK_50     ; CLOCK_50    ; 10.000       ; 0.026      ; 8.041      ;
; 2.140 ; SoC_Top:u_soc|Pipeline_top:u_cpu|decode_cycle:decode|Register_File:Reg_file|Register~801 ; SoC_Top:u_soc|Pipeline_top:u_cpu|decode_cycle:decode|CSR_Unit:u_csr|mepc[1]      ; CLOCK_50     ; CLOCK_50    ; 10.000       ; 0.015      ; 7.911      ;
; 2.178 ; SoC_Top:u_soc|Pipeline_top:u_cpu|decode_cycle:decode|Register_File:Reg_file|Register~778 ; SoC_Top:u_soc|Pipeline_top:u_cpu|decode_cycle:decode|CSR_Unit:u_csr|mepc[10]     ; CLOCK_50     ; CLOCK_50    ; 10.000       ; 0.033      ; 7.891      ;
; 2.195 ; SoC_Top:u_soc|Pipeline_top:u_cpu|decode_cycle:decode|Register_File:Reg_file|Register~711 ; SoC_Top:u_soc|Pipeline_top:u_cpu|decode_cycle:decode|CSR_Unit:u_csr|mstatus_mpie ; CLOCK_50     ; CLOCK_50    ; 10.000       ; -0.011     ; 7.830      ;
; 2.201 ; SoC_Top:u_soc|Pipeline_top:u_cpu|decode_cycle:decode|Register_File:Reg_file|Register~583 ; SoC_Top:u_soc|Pipeline_top:u_cpu|decode_cycle:decode|CSR_Unit:u_csr|mepc[7]      ; CLOCK_50     ; CLOCK_50    ; 10.000       ; 0.012      ; 7.847      ;
; 2.239 ; SoC_Top:u_soc|Pipeline_top:u_cpu|decode_cycle:decode|Register_File:Reg_file|Register~727 ; SoC_Top:u_soc|Pipeline_top:u_cpu|decode_cycle:decode|CSR_Unit:u_csr|mepc[23]     ; CLOCK_50     ; CLOCK_50    ; 10.000       ; 0.002      ; 7.799      ;
; 2.262 ; SoC_Top:u_soc|Pipeline_top:u_cpu|decode_cycle:decode|Register_File:Reg_file|Register~529 ; SoC_Top:u_soc|Pipeline_top:u_cpu|decode_cycle:decode|CSR_Unit:u_csr|mepc[17]     ; CLOCK_50     ; CLOCK_50    ; 10.000       ; 0.020      ; 7.794      ;
; 2.262 ; SoC_Top:u_soc|Pipeline_top:u_cpu|decode_cycle:decode|Register_File:Reg_file|Register~674 ; SoC_Top:u_soc|Pipeline_top:u_cpu|decode_cycle:decode|CSR_Unit:u_csr|mepc[2]      ; CLOCK_50     ; CLOCK_50    ; 10.000       ; 0.013      ; 7.787      ;
; 2.351 ; SoC_Top:u_soc|Pipeline_top:u_cpu|decode_cycle:decode|Register_File:Reg_file|Register~663 ; SoC_Top:u_soc|Pipeline_top:u_cpu|decode_cycle:decode|CSR_Unit:u_csr|mepc[23]     ; CLOCK_50     ; CLOCK_50    ; 10.000       ; -0.002     ; 7.683      ;
; 2.401 ; SoC_Top:u_soc|Pipeline_top:u_cpu|memory_cycle:memory|RD_M_reg[0]                         ; SoC_Top:u_soc|Pipeline_top:u_cpu|fetch_cycle:fetch|PCPlus4F_reg[31]              ; CLOCK_50     ; CLOCK_50    ; 20.000       ; 0.021      ; 17.656     ;
; 2.411 ; SoC_Top:u_soc|Pipeline_top:u_cpu|decode_cycle:decode|Register_File:Reg_file|Register~277 ; SoC_Top:u_soc|Pipeline_top:u_cpu|decode_cycle:decode|CSR_Unit:u_csr|mepc[21]     ; CLOCK_50     ; CLOCK_50    ; 10.000       ; 0.020      ; 7.645      ;
; 2.421 ; SoC_Top:u_soc|Pipeline_top:u_cpu|decode_cycle:decode|Register_File:Reg_file|Register~277 ; SoC_Top:u_soc|Pipeline_top:u_cpu|decode_cycle:decode|CSR_Unit:u_csr|mcause[21]   ; CLOCK_50     ; CLOCK_50    ; 10.000       ; 0.026      ; 7.641      ;
; 2.437 ; SoC_Top:u_soc|Pipeline_top:u_cpu|decode_cycle:decode|Register_File:Reg_file|Register~833 ; SoC_Top:u_soc|Pipeline_top:u_cpu|decode_cycle:decode|CSR_Unit:u_csr|mepc[1]      ; CLOCK_50     ; CLOCK_50    ; 10.000       ; 0.011      ; 7.610      ;
; 2.450 ; SoC_Top:u_soc|Pipeline_top:u_cpu|decode_cycle:decode|RS1_D_reg[0]                        ; SoC_Top:u_soc|Pipeline_top:u_cpu|fetch_cycle:fetch|PCPlus4F_reg[31]              ; CLOCK_50     ; CLOCK_50    ; 20.000       ; 0.021      ; 17.607     ;
; 2.472 ; SoC_Top:u_soc|Pipeline_top:u_cpu|memory_cycle:memory|RD_M_reg[0]                         ; SoC_Top:u_soc|Pipeline_top:u_cpu|fetch_cycle:fetch|PCPlus4F_reg[30]              ; CLOCK_50     ; CLOCK_50    ; 20.000       ; 0.021      ; 17.585     ;
; 2.480 ; SoC_Top:u_soc|Pipeline_top:u_cpu|decode_cycle:decode|Register_File:Reg_file|Register~676 ; SoC_Top:u_soc|Pipeline_top:u_cpu|decode_cycle:decode|CSR_Unit:u_csr|mepc[4]      ; CLOCK_50     ; CLOCK_50    ; 10.000       ; 0.011      ; 7.567      ;
; 2.480 ; SoC_Top:u_soc|Pipeline_top:u_cpu|decode_cycle:decode|Register_File:Reg_file|Register~535 ; SoC_Top:u_soc|Pipeline_top:u_cpu|decode_cycle:decode|CSR_Unit:u_csr|mepc[23]     ; CLOCK_50     ; CLOCK_50    ; 10.000       ; -0.002     ; 7.554      ;
; 2.489 ; SoC_Top:u_soc|Pipeline_top:u_cpu|decode_cycle:decode|Register_File:Reg_file|Register~36  ; SoC_Top:u_soc|Pipeline_top:u_cpu|decode_cycle:decode|CSR_Unit:u_csr|mepc[4]      ; CLOCK_50     ; CLOCK_50    ; 10.000       ; 0.016      ; 7.563      ;
; 2.498 ; SoC_Top:u_soc|Pipeline_top:u_cpu|memory_cycle:memory|RD_M_reg[1]                         ; SoC_Top:u_soc|Pipeline_top:u_cpu|fetch_cycle:fetch|PCPlus4F_reg[31]              ; CLOCK_50     ; CLOCK_50    ; 20.000       ; 0.021      ; 17.559     ;
; 2.516 ; SoC_Top:u_soc|Pipeline_top:u_cpu|execute_cycle:execute|RD_E_reg[2]                       ; SoC_Top:u_soc|Pipeline_top:u_cpu|fetch_cycle:fetch|PCPlus4F_reg[31]              ; CLOCK_50     ; CLOCK_50    ; 20.000       ; 0.021      ; 17.541     ;
; 2.521 ; SoC_Top:u_soc|Pipeline_top:u_cpu|decode_cycle:decode|RS1_D_reg[0]                        ; SoC_Top:u_soc|Pipeline_top:u_cpu|fetch_cycle:fetch|PCPlus4F_reg[30]              ; CLOCK_50     ; CLOCK_50    ; 20.000       ; 0.021      ; 17.536     ;
; 2.525 ; SoC_Top:u_soc|Pipeline_top:u_cpu|decode_cycle:decode|Register_File:Reg_file|Register~705 ; SoC_Top:u_soc|Pipeline_top:u_cpu|decode_cycle:decode|CSR_Unit:u_csr|mepc[1]      ; CLOCK_50     ; CLOCK_50    ; 10.000       ; 0.011      ; 7.522      ;
; 2.528 ; SoC_Top:u_soc|Pipeline_top:u_cpu|decode_cycle:decode|Register_File:Reg_file|Register~522 ; SoC_Top:u_soc|Pipeline_top:u_cpu|decode_cycle:decode|CSR_Unit:u_csr|mepc[10]     ; CLOCK_50     ; CLOCK_50    ; 10.000       ; 0.033      ; 7.541      ;
; 2.535 ; SoC_Top:u_soc|Pipeline_top:u_cpu|decode_cycle:decode|RS1_D_reg[1]                        ; SoC_Top:u_soc|Pipeline_top:u_cpu|fetch_cycle:fetch|PCPlus4F_reg[31]              ; CLOCK_50     ; CLOCK_50    ; 20.000       ; 0.021      ; 17.522     ;
; 2.537 ; SoC_Top:u_soc|Pipeline_top:u_cpu|decode_cycle:decode|Register_File:Reg_file|Register~657 ; SoC_Top:u_soc|Pipeline_top:u_cpu|decode_cycle:decode|CSR_Unit:u_csr|mepc[17]     ; CLOCK_50     ; CLOCK_50    ; 10.000       ; 0.020      ; 7.519      ;
; 2.538 ; SoC_Top:u_soc|Pipeline_top:u_cpu|decode_cycle:decode|Register_File:Reg_file|Register~52  ; SoC_Top:u_soc|Pipeline_top:u_cpu|decode_cycle:decode|CSR_Unit:u_csr|mepc[20]     ; CLOCK_50     ; CLOCK_50    ; 10.000       ; 0.015      ; 7.513      ;
; 2.543 ; SoC_Top:u_soc|Pipeline_top:u_cpu|memory_cycle:memory|RD_M_reg[0]                         ; SoC_Top:u_soc|Pipeline_top:u_cpu|fetch_cycle:fetch|PCPlus4F_reg[29]              ; CLOCK_50     ; CLOCK_50    ; 20.000       ; 0.021      ; 17.514     ;
; 2.549 ; SoC_Top:u_soc|Pipeline_top:u_cpu|memory_cycle:memory|RD_M_reg[2]                         ; SoC_Top:u_soc|Pipeline_top:u_cpu|fetch_cycle:fetch|PCPlus4F_reg[31]              ; CLOCK_50     ; CLOCK_50    ; 20.000       ; 0.021      ; 17.508     ;
; 2.569 ; SoC_Top:u_soc|Pipeline_top:u_cpu|memory_cycle:memory|RD_M_reg[1]                         ; SoC_Top:u_soc|Pipeline_top:u_cpu|fetch_cycle:fetch|PCPlus4F_reg[30]              ; CLOCK_50     ; CLOCK_50    ; 20.000       ; 0.021      ; 17.488     ;
; 2.570 ; SoC_Top:u_soc|Pipeline_top:u_cpu|decode_cycle:decode|Register_File:Reg_file|Register~54  ; SoC_Top:u_soc|Pipeline_top:u_cpu|decode_cycle:decode|CSR_Unit:u_csr|mepc[22]     ; CLOCK_50     ; CLOCK_50    ; 10.000       ; 0.021      ; 7.487      ;
; 2.581 ; SoC_Top:u_soc|Pipeline_top:u_cpu|decode_cycle:decode|Register_File:Reg_file|Register~56  ; SoC_Top:u_soc|Pipeline_top:u_cpu|decode_cycle:decode|CSR_Unit:u_csr|mepc[24]     ; CLOCK_50     ; CLOCK_50    ; 10.000       ; 0.028      ; 7.483      ;
; 2.582 ; SoC_Top:u_soc|Pipeline_top:u_cpu|decode_cycle:decode|Register_File:Reg_file|Register~780 ; SoC_Top:u_soc|Pipeline_top:u_cpu|decode_cycle:decode|CSR_Unit:u_csr|mepc[12]     ; CLOCK_50     ; CLOCK_50    ; 10.000       ; 0.033      ; 7.487      ;
; 2.587 ; SoC_Top:u_soc|Pipeline_top:u_cpu|execute_cycle:execute|RD_E_reg[2]                       ; SoC_Top:u_soc|Pipeline_top:u_cpu|fetch_cycle:fetch|PCPlus4F_reg[30]              ; CLOCK_50     ; CLOCK_50    ; 20.000       ; 0.021      ; 17.470     ;
; 2.592 ; SoC_Top:u_soc|Pipeline_top:u_cpu|decode_cycle:decode|RS1_D_reg[0]                        ; SoC_Top:u_soc|Pipeline_top:u_cpu|fetch_cycle:fetch|PCPlus4F_reg[29]              ; CLOCK_50     ; CLOCK_50    ; 20.000       ; 0.021      ; 17.465     ;
; 2.598 ; SoC_Top:u_soc|Pipeline_top:u_cpu|decode_cycle:decode|Register_File:Reg_file|Register~583 ; SoC_Top:u_soc|Pipeline_top:u_cpu|decode_cycle:decode|CSR_Unit:u_csr|mstatus_mpie ; CLOCK_50     ; CLOCK_50    ; 10.000       ; -0.011     ; 7.427      ;
; 2.606 ; SoC_Top:u_soc|Pipeline_top:u_cpu|decode_cycle:decode|RS1_D_reg[1]                        ; SoC_Top:u_soc|Pipeline_top:u_cpu|fetch_cycle:fetch|PCPlus4F_reg[30]              ; CLOCK_50     ; CLOCK_50    ; 20.000       ; 0.021      ; 17.451     ;
; 2.614 ; SoC_Top:u_soc|Pipeline_top:u_cpu|memory_cycle:memory|RD_M_reg[0]                         ; SoC_Top:u_soc|Pipeline_top:u_cpu|fetch_cycle:fetch|PCPlus4F_reg[28]              ; CLOCK_50     ; CLOCK_50    ; 20.000       ; 0.021      ; 17.443     ;
; 2.615 ; SoC_Top:u_soc|Pipeline_top:u_cpu|decode_cycle:decode|Register_File:Reg_file|Register~682 ; SoC_Top:u_soc|Pipeline_top:u_cpu|decode_cycle:decode|CSR_Unit:u_csr|mepc[10]     ; CLOCK_50     ; CLOCK_50    ; 10.000       ; 0.008      ; 7.429      ;
; 2.620 ; SoC_Top:u_soc|Pipeline_top:u_cpu|memory_cycle:memory|RD_M_reg[2]                         ; SoC_Top:u_soc|Pipeline_top:u_cpu|fetch_cycle:fetch|PCPlus4F_reg[30]              ; CLOCK_50     ; CLOCK_50    ; 20.000       ; 0.021      ; 17.437     ;
; 2.628 ; SoC_Top:u_soc|Pipeline_top:u_cpu|decode_cycle:decode|RS1_D_reg[3]                        ; SoC_Top:u_soc|Pipeline_top:u_cpu|fetch_cycle:fetch|PCPlus4F_reg[31]              ; CLOCK_50     ; CLOCK_50    ; 20.000       ; 0.021      ; 17.429     ;
; 2.636 ; SoC_Top:u_soc|Pipeline_top:u_cpu|decode_cycle:decode|RS1_D_reg[2]                        ; SoC_Top:u_soc|Pipeline_top:u_cpu|fetch_cycle:fetch|PCPlus4F_reg[31]              ; CLOCK_50     ; CLOCK_50    ; 20.000       ; 0.021      ; 17.421     ;
; 2.640 ; SoC_Top:u_soc|Pipeline_top:u_cpu|memory_cycle:memory|RD_M_reg[1]                         ; SoC_Top:u_soc|Pipeline_top:u_cpu|fetch_cycle:fetch|PCPlus4F_reg[29]              ; CLOCK_50     ; CLOCK_50    ; 20.000       ; 0.021      ; 17.417     ;
; 2.641 ; SoC_Top:u_soc|Pipeline_top:u_cpu|decode_cycle:decode|Register_File:Reg_file|Register~516 ; SoC_Top:u_soc|Pipeline_top:u_cpu|decode_cycle:decode|CSR_Unit:u_csr|mepc[4]      ; CLOCK_50     ; CLOCK_50    ; 10.000       ; 0.011      ; 7.406      ;
; 2.642 ; SoC_Top:u_soc|Pipeline_top:u_cpu|decode_cycle:decode|Register_File:Reg_file|Register~641 ; SoC_Top:u_soc|Pipeline_top:u_cpu|decode_cycle:decode|CSR_Unit:u_csr|mepc[1]      ; CLOCK_50     ; CLOCK_50    ; 10.000       ; 0.012      ; 7.406      ;
; 2.658 ; SoC_Top:u_soc|Pipeline_top:u_cpu|execute_cycle:execute|RD_E_reg[2]                       ; SoC_Top:u_soc|Pipeline_top:u_cpu|fetch_cycle:fetch|PCPlus4F_reg[29]              ; CLOCK_50     ; CLOCK_50    ; 20.000       ; 0.021      ; 17.399     ;
; 2.663 ; SoC_Top:u_soc|Pipeline_top:u_cpu|decode_cycle:decode|RS1_D_reg[0]                        ; SoC_Top:u_soc|Pipeline_top:u_cpu|fetch_cycle:fetch|PCPlus4F_reg[28]              ; CLOCK_50     ; CLOCK_50    ; 20.000       ; 0.021      ; 17.394     ;
; 2.673 ; SoC_Top:u_soc|Pipeline_top:u_cpu|decode_cycle:decode|Register_File:Reg_file|Register~599 ; SoC_Top:u_soc|Pipeline_top:u_cpu|decode_cycle:decode|CSR_Unit:u_csr|mepc[23]     ; CLOCK_50     ; CLOCK_50    ; 10.000       ; 0.002      ; 7.365      ;
; 2.676 ; SoC_Top:u_soc|Pipeline_top:u_cpu|execute_cycle:execute|RD_E_reg[3]                       ; SoC_Top:u_soc|Pipeline_top:u_cpu|fetch_cycle:fetch|PCPlus4F_reg[31]              ; CLOCK_50     ; CLOCK_50    ; 20.000       ; 0.021      ; 17.381     ;
; 2.677 ; SoC_Top:u_soc|Pipeline_top:u_cpu|decode_cycle:decode|RS1_D_reg[1]                        ; SoC_Top:u_soc|Pipeline_top:u_cpu|fetch_cycle:fetch|PCPlus4F_reg[29]              ; CLOCK_50     ; CLOCK_50    ; 20.000       ; 0.021      ; 17.380     ;
; 2.680 ; SoC_Top:u_soc|Pipeline_top:u_cpu|decode_cycle:decode|Register_File:Reg_file|Register~212 ; SoC_Top:u_soc|Pipeline_top:u_cpu|decode_cycle:decode|CSR_Unit:u_csr|mepc[20]     ; CLOCK_50     ; CLOCK_50    ; 10.000       ; 0.012      ; 7.368      ;
; 2.685 ; SoC_Top:u_soc|Pipeline_top:u_cpu|memory_cycle:memory|RD_M_reg[0]                         ; SoC_Top:u_soc|Pipeline_top:u_cpu|fetch_cycle:fetch|PCPlus4F_reg[27]              ; CLOCK_50     ; CLOCK_50    ; 20.000       ; 0.021      ; 17.372     ;
; 2.686 ; SoC_Top:u_soc|Pipeline_top:u_cpu|decode_cycle:decode|Register_File:Reg_file|Register~591 ; SoC_Top:u_soc|Pipeline_top:u_cpu|decode_cycle:decode|CSR_Unit:u_csr|mepc[15]     ; CLOCK_50     ; CLOCK_50    ; 10.000       ; -0.004     ; 7.346      ;
; 2.691 ; SoC_Top:u_soc|Pipeline_top:u_cpu|memory_cycle:memory|RD_M_reg[2]                         ; SoC_Top:u_soc|Pipeline_top:u_cpu|fetch_cycle:fetch|PCPlus4F_reg[29]              ; CLOCK_50     ; CLOCK_50    ; 20.000       ; 0.021      ; 17.366     ;
; 2.693 ; SoC_Top:u_soc|Pipeline_top:u_cpu|decode_cycle:decode|Register_File:Reg_file|Register~591 ; SoC_Top:u_soc|Pipeline_top:u_cpu|decode_cycle:decode|CSR_Unit:u_csr|mcause[15]   ; CLOCK_50     ; CLOCK_50    ; 10.000       ; -0.004     ; 7.339      ;
; 2.696 ; SoC_Top:u_soc|Pipeline_top:u_cpu|decode_cycle:decode|Register_File:Reg_file|Register~698 ; SoC_Top:u_soc|Pipeline_top:u_cpu|decode_cycle:decode|CSR_Unit:u_csr|mepc[26]     ; CLOCK_50     ; CLOCK_50    ; 10.000       ; 0.016      ; 7.356      ;
; 2.699 ; SoC_Top:u_soc|Pipeline_top:u_cpu|decode_cycle:decode|RS1_D_reg[3]                        ; SoC_Top:u_soc|Pipeline_top:u_cpu|fetch_cycle:fetch|PCPlus4F_reg[30]              ; CLOCK_50     ; CLOCK_50    ; 20.000       ; 0.021      ; 17.358     ;
; 2.702 ; SoC_Top:u_soc|Pipeline_top:u_cpu|decode_cycle:decode|Register_File:Reg_file|Register~196 ; SoC_Top:u_soc|Pipeline_top:u_cpu|decode_cycle:decode|CSR_Unit:u_csr|mepc[4]      ; CLOCK_50     ; CLOCK_50    ; 10.000       ; 0.011      ; 7.345      ;
; 2.707 ; SoC_Top:u_soc|Pipeline_top:u_cpu|decode_cycle:decode|RS1_D_reg[2]                        ; SoC_Top:u_soc|Pipeline_top:u_cpu|fetch_cycle:fetch|PCPlus4F_reg[30]              ; CLOCK_50     ; CLOCK_50    ; 20.000       ; 0.021      ; 17.350     ;
; 2.711 ; SoC_Top:u_soc|Pipeline_top:u_cpu|memory_cycle:memory|RD_M_reg[1]                         ; SoC_Top:u_soc|Pipeline_top:u_cpu|fetch_cycle:fetch|PCPlus4F_reg[28]              ; CLOCK_50     ; CLOCK_50    ; 20.000       ; 0.021      ; 17.346     ;
; 2.716 ; SoC_Top:u_soc|Pipeline_top:u_cpu|decode_cycle:decode|Register_File:Reg_file|Register~148 ; SoC_Top:u_soc|Pipeline_top:u_cpu|decode_cycle:decode|CSR_Unit:u_csr|mepc[20]     ; CLOCK_50     ; CLOCK_50    ; 10.000       ; 0.013      ; 7.333      ;
; 2.729 ; SoC_Top:u_soc|Pipeline_top:u_cpu|execute_cycle:execute|RD_E_reg[2]                       ; SoC_Top:u_soc|Pipeline_top:u_cpu|fetch_cycle:fetch|PCPlus4F_reg[28]              ; CLOCK_50     ; CLOCK_50    ; 20.000       ; 0.021      ; 17.328     ;
; 2.731 ; SoC_Top:u_soc|Pipeline_top:u_cpu|decode_cycle:decode|Register_File:Reg_file|Register~842 ; SoC_Top:u_soc|Pipeline_top:u_cpu|decode_cycle:decode|CSR_Unit:u_csr|mepc[10]     ; CLOCK_50     ; CLOCK_50    ; 10.000       ; 0.004      ; 7.309      ;
; 2.732 ; SoC_Top:u_soc|Pipeline_top:u_cpu|decode_cycle:decode|Register_File:Reg_file|Register~930 ; SoC_Top:u_soc|Pipeline_top:u_cpu|decode_cycle:decode|CSR_Unit:u_csr|mepc[2]      ; CLOCK_50     ; CLOCK_50    ; 10.000       ; 0.013      ; 7.317      ;
; 2.734 ; SoC_Top:u_soc|Pipeline_top:u_cpu|decode_cycle:decode|RS1_D_reg[0]                        ; SoC_Top:u_soc|Pipeline_top:u_cpu|fetch_cycle:fetch|PCPlus4F_reg[27]              ; CLOCK_50     ; CLOCK_50    ; 20.000       ; 0.021      ; 17.323     ;
; 2.734 ; SoC_Top:u_soc|Pipeline_top:u_cpu|decode_cycle:decode|Register_File:Reg_file|Register~385 ; SoC_Top:u_soc|Pipeline_top:u_cpu|decode_cycle:decode|CSR_Unit:u_csr|mepc[1]      ; CLOCK_50     ; CLOCK_50    ; 10.000       ; 0.010      ; 7.312      ;
; 2.735 ; SoC_Top:u_soc|Pipeline_top:u_cpu|memory_cycle:memory|ResultSrcM_reg[0]                   ; SoC_Top:u_soc|Pipeline_top:u_cpu|fetch_cycle:fetch|PCPlus4F_reg[31]              ; CLOCK_50     ; CLOCK_50    ; 20.000       ; 0.032      ; 17.333     ;
; 2.736 ; SoC_Top:u_soc|Pipeline_top:u_cpu|decode_cycle:decode|Register_File:Reg_file|Register~770 ; SoC_Top:u_soc|Pipeline_top:u_cpu|decode_cycle:decode|CSR_Unit:u_csr|mepc[2]      ; CLOCK_50     ; CLOCK_50    ; 10.000       ; 0.015      ; 7.315      ;
; 2.737 ; SoC_Top:u_soc|Pipeline_top:u_cpu|decode_cycle:decode|Register_File:Reg_file|Register~452 ; SoC_Top:u_soc|Pipeline_top:u_cpu|decode_cycle:decode|CSR_Unit:u_csr|mepc[4]      ; CLOCK_50     ; CLOCK_50    ; 10.000       ; 0.016      ; 7.315      ;
; 2.738 ; SoC_Top:u_soc|Pipeline_top:u_cpu|decode_cycle:decode|RS2_D_reg[3]                        ; SoC_Top:u_soc|Pipeline_top:u_cpu|fetch_cycle:fetch|PCPlus4F_reg[31]              ; CLOCK_50     ; CLOCK_50    ; 20.000       ; 0.021      ; 17.319     ;
; 2.747 ; SoC_Top:u_soc|Pipeline_top:u_cpu|execute_cycle:execute|RD_E_reg[3]                       ; SoC_Top:u_soc|Pipeline_top:u_cpu|fetch_cycle:fetch|PCPlus4F_reg[30]              ; CLOCK_50     ; CLOCK_50    ; 20.000       ; 0.021      ; 17.310     ;
; 2.748 ; SoC_Top:u_soc|Pipeline_top:u_cpu|decode_cycle:decode|RS1_D_reg[1]                        ; SoC_Top:u_soc|Pipeline_top:u_cpu|fetch_cycle:fetch|PCPlus4F_reg[28]              ; CLOCK_50     ; CLOCK_50    ; 20.000       ; 0.021      ; 17.309     ;
; 2.748 ; SoC_Top:u_soc|Pipeline_top:u_cpu|decode_cycle:decode|Register_File:Reg_file|Register~554 ; SoC_Top:u_soc|Pipeline_top:u_cpu|decode_cycle:decode|CSR_Unit:u_csr|mepc[10]     ; CLOCK_50     ; CLOCK_50    ; 10.000       ; 0.008      ; 7.296      ;
; 2.750 ; SoC_Top:u_soc|Pipeline_top:u_cpu|decode_cycle:decode|Register_File:Reg_file|Register~772 ; SoC_Top:u_soc|Pipeline_top:u_cpu|decode_cycle:decode|CSR_Unit:u_csr|mepc[4]      ; CLOCK_50     ; CLOCK_50    ; 10.000       ; 0.010      ; 7.296      ;
; 2.755 ; SoC_Top:u_soc|Pipeline_top:u_cpu|decode_cycle:decode|Register_File:Reg_file|Register~869 ; SoC_Top:u_soc|Pipeline_top:u_cpu|decode_cycle:decode|CSR_Unit:u_csr|mepc[5]      ; CLOCK_50     ; CLOCK_50    ; 10.000       ; 0.004      ; 7.285      ;
; 2.756 ; SoC_Top:u_soc|Pipeline_top:u_cpu|memory_cycle:memory|RD_M_reg[0]                         ; SoC_Top:u_soc|Pipeline_top:u_cpu|fetch_cycle:fetch|PCPlus4F_reg[26]              ; CLOCK_50     ; CLOCK_50    ; 20.000       ; 0.021      ; 17.301     ;
; 2.757 ; SoC_Top:u_soc|Pipeline_top:u_cpu|decode_cycle:decode|Register_File:Reg_file|Register~545 ; SoC_Top:u_soc|Pipeline_top:u_cpu|decode_cycle:decode|CSR_Unit:u_csr|mepc[1]      ; CLOCK_50     ; CLOCK_50    ; 10.000       ; 0.010      ; 7.289      ;
; 2.762 ; SoC_Top:u_soc|Pipeline_top:u_cpu|memory_cycle:memory|RD_M_reg[2]                         ; SoC_Top:u_soc|Pipeline_top:u_cpu|fetch_cycle:fetch|PCPlus4F_reg[28]              ; CLOCK_50     ; CLOCK_50    ; 20.000       ; 0.021      ; 17.295     ;
; 2.763 ; SoC_Top:u_soc|Pipeline_top:u_cpu|decode_cycle:decode|Register_File:Reg_file|Register~869 ; SoC_Top:u_soc|Pipeline_top:u_cpu|decode_cycle:decode|CSR_Unit:u_csr|mcause[5]    ; CLOCK_50     ; CLOCK_50    ; 10.000       ; 0.004      ; 7.277      ;
; 2.765 ; SoC_Top:u_soc|Pipeline_top:u_cpu|execute_cycle:execute|RD_E_reg[4]                       ; SoC_Top:u_soc|Pipeline_top:u_cpu|fetch_cycle:fetch|PCPlus4F_reg[31]              ; CLOCK_50     ; CLOCK_50    ; 20.000       ; 0.021      ; 17.292     ;
; 2.769 ; SoC_Top:u_soc|Pipeline_top:u_cpu|execute_cycle:execute|RD_E_reg[0]                       ; SoC_Top:u_soc|Pipeline_top:u_cpu|fetch_cycle:fetch|PCPlus4F_reg[31]              ; CLOCK_50     ; CLOCK_50    ; 20.000       ; 0.021      ; 17.288     ;
; 2.770 ; SoC_Top:u_soc|Pipeline_top:u_cpu|decode_cycle:decode|RS1_D_reg[3]                        ; SoC_Top:u_soc|Pipeline_top:u_cpu|fetch_cycle:fetch|PCPlus4F_reg[29]              ; CLOCK_50     ; CLOCK_50    ; 20.000       ; 0.021      ; 17.287     ;
; 2.777 ; SoC_Top:u_soc|Pipeline_top:u_cpu|decode_cycle:decode|Register_File:Reg_file|Register~85  ; SoC_Top:u_soc|Pipeline_top:u_cpu|decode_cycle:decode|CSR_Unit:u_csr|mepc[21]     ; CLOCK_50     ; CLOCK_50    ; 10.000       ; 0.008      ; 7.267      ;
; 2.778 ; SoC_Top:u_soc|Pipeline_top:u_cpu|decode_cycle:decode|RS1_D_reg[2]                        ; SoC_Top:u_soc|Pipeline_top:u_cpu|fetch_cycle:fetch|PCPlus4F_reg[29]              ; CLOCK_50     ; CLOCK_50    ; 20.000       ; 0.021      ; 17.279     ;
; 2.782 ; SoC_Top:u_soc|Pipeline_top:u_cpu|memory_cycle:memory|RD_M_reg[1]                         ; SoC_Top:u_soc|Pipeline_top:u_cpu|fetch_cycle:fetch|PCPlus4F_reg[27]              ; CLOCK_50     ; CLOCK_50    ; 20.000       ; 0.021      ; 17.275     ;
; 2.787 ; SoC_Top:u_soc|Pipeline_top:u_cpu|decode_cycle:decode|Register_File:Reg_file|Register~85  ; SoC_Top:u_soc|Pipeline_top:u_cpu|decode_cycle:decode|CSR_Unit:u_csr|mcause[21]   ; CLOCK_50     ; CLOCK_50    ; 10.000       ; 0.014      ; 7.263      ;
; 2.788 ; SoC_Top:u_soc|Pipeline_top:u_cpu|decode_cycle:decode|Register_File:Reg_file|Register~120 ; SoC_Top:u_soc|Pipeline_top:u_cpu|decode_cycle:decode|CSR_Unit:u_csr|mepc[24]     ; CLOCK_50     ; CLOCK_50    ; 10.000       ; 0.032      ; 7.280      ;
; 2.789 ; SoC_Top:u_soc|Pipeline_top:u_cpu|decode_cycle:decode|Register_File:Reg_file|Register~748 ; SoC_Top:u_soc|Pipeline_top:u_cpu|decode_cycle:decode|CSR_Unit:u_csr|mepc[12]     ; CLOCK_50     ; CLOCK_50    ; 10.000       ; 0.014      ; 7.261      ;
; 2.795 ; SoC_Top:u_soc|Pipeline_top:u_cpu|decode_cycle:decode|Register_File:Reg_file|Register~546 ; SoC_Top:u_soc|Pipeline_top:u_cpu|decode_cycle:decode|CSR_Unit:u_csr|mepc[2]      ; CLOCK_50     ; CLOCK_50    ; 10.000       ; 0.012      ; 7.253      ;
; 2.796 ; SoC_Top:u_soc|Pipeline_top:u_cpu|decode_cycle:decode|Register_File:Reg_file|Register~417 ; SoC_Top:u_soc|Pipeline_top:u_cpu|decode_cycle:decode|CSR_Unit:u_csr|mepc[1]      ; CLOCK_50     ; CLOCK_50    ; 10.000       ; 0.010      ; 7.250      ;
; 2.798 ; SoC_Top:u_soc|Pipeline_top:u_cpu|decode_cycle:decode|Register_File:Reg_file|Register~586 ; SoC_Top:u_soc|Pipeline_top:u_cpu|decode_cycle:decode|CSR_Unit:u_csr|mepc[10]     ; CLOCK_50     ; CLOCK_50    ; 10.000       ; 0.003      ; 7.241      ;
; 2.799 ; SoC_Top:u_soc|Pipeline_top:u_cpu|execute_cycle:execute|RD_E_reg[1]                       ; SoC_Top:u_soc|Pipeline_top:u_cpu|fetch_cycle:fetch|PCPlus4F_reg[31]              ; CLOCK_50     ; CLOCK_50    ; 20.000       ; 0.021      ; 17.258     ;
; 2.800 ; SoC_Top:u_soc|Pipeline_top:u_cpu|execute_cycle:execute|RD_E_reg[2]                       ; SoC_Top:u_soc|Pipeline_top:u_cpu|fetch_cycle:fetch|PCPlus4F_reg[27]              ; CLOCK_50     ; CLOCK_50    ; 20.000       ; 0.021      ; 17.257     ;
; 2.802 ; SoC_Top:u_soc|Pipeline_top:u_cpu|decode_cycle:decode|RS2_D_reg[2]                        ; SoC_Top:u_soc|Pipeline_top:u_cpu|fetch_cycle:fetch|PCPlus4F_reg[31]              ; CLOCK_50     ; CLOCK_50    ; 20.000       ; 0.021      ; 17.255     ;
; 2.805 ; SoC_Top:u_soc|Pipeline_top:u_cpu|decode_cycle:decode|RS1_D_reg[0]                        ; SoC_Top:u_soc|Pipeline_top:u_cpu|fetch_cycle:fetch|PCPlus4F_reg[26]              ; CLOCK_50     ; CLOCK_50    ; 20.000       ; 0.021      ; 17.252     ;
; 2.806 ; SoC_Top:u_soc|Pipeline_top:u_cpu|memory_cycle:memory|ResultSrcM_reg[0]                   ; SoC_Top:u_soc|Pipeline_top:u_cpu|fetch_cycle:fetch|PCPlus4F_reg[30]              ; CLOCK_50     ; CLOCK_50    ; 20.000       ; 0.032      ; 17.262     ;
; 2.809 ; SoC_Top:u_soc|Pipeline_top:u_cpu|decode_cycle:decode|RS2_D_reg[3]                        ; SoC_Top:u_soc|Pipeline_top:u_cpu|fetch_cycle:fetch|PCPlus4F_reg[30]              ; CLOCK_50     ; CLOCK_50    ; 20.000       ; 0.021      ; 17.248     ;
; 2.814 ; SoC_Top:u_soc|Pipeline_top:u_cpu|memory_cycle:memory|RD_M_reg[3]                         ; SoC_Top:u_soc|Pipeline_top:u_cpu|fetch_cycle:fetch|PCPlus4F_reg[31]              ; CLOCK_50     ; CLOCK_50    ; 20.000       ; 0.021      ; 17.243     ;
; 2.818 ; SoC_Top:u_soc|Pipeline_top:u_cpu|execute_cycle:execute|RD_E_reg[3]                       ; SoC_Top:u_soc|Pipeline_top:u_cpu|fetch_cycle:fetch|PCPlus4F_reg[29]              ; CLOCK_50     ; CLOCK_50    ; 20.000       ; 0.021      ; 17.239     ;
+-------+------------------------------------------------------------------------------------------+----------------------------------------------------------------------------------+--------------+-------------+--------------+------------+------------+


+---------------------------------------------------------------------------------------------------------------------------------------------------------------------------------------------------------------------------------------------------------------------+
; Slow Model Hold: 'CLOCK_50'                                                                                                                                                                                                                                         ;
+-------+-------------------------------------------------------------------------------------------+-------------------------------------------------------------------------------------------+--------------+-------------+--------------+------------+------------+
; Slack ; From Node                                                                                 ; To Node                                                                                   ; Launch Clock ; Latch Clock ; Relationship ; Clock Skew ; Data Delay ;
+-------+-------------------------------------------------------------------------------------------+-------------------------------------------------------------------------------------------+--------------+-------------+--------------+------------+------------+
; 0.391 ; SoC_Top:u_soc|por_count[0]                                                                ; SoC_Top:u_soc|por_count[0]                                                                ; CLOCK_50     ; CLOCK_50    ; 0.000        ; 0.000      ; 0.657      ;
; 0.391 ; SoC_Top:u_soc|por_count[1]                                                                ; SoC_Top:u_soc|por_count[1]                                                                ; CLOCK_50     ; CLOCK_50    ; 0.000        ; 0.000      ; 0.657      ;
; 0.391 ; SoC_Top:u_soc|por_count[2]                                                                ; SoC_Top:u_soc|por_count[2]                                                                ; CLOCK_50     ; CLOCK_50    ; 0.000        ; 0.000      ; 0.657      ;
; 0.391 ; SoC_Top:u_soc|por_count[3]                                                                ; SoC_Top:u_soc|por_count[3]                                                                ; CLOCK_50     ; CLOCK_50    ; 0.000        ; 0.000      ; 0.657      ;
; 0.391 ; SoC_Top:u_soc|UART_RX:u_boot_rx|bit_idx[0]                                                ; SoC_Top:u_soc|UART_RX:u_boot_rx|bit_idx[0]                                                ; CLOCK_50     ; CLOCK_50    ; 0.000        ; 0.000      ; 0.657      ;
; 0.391 ; SoC_Top:u_soc|UART_RX:u_boot_rx|bit_idx[1]                                                ; SoC_Top:u_soc|UART_RX:u_boot_rx|bit_idx[1]                                                ; CLOCK_50     ; CLOCK_50    ; 0.000        ; 0.000      ; 0.657      ;
; 0.391 ; SoC_Top:u_soc|UART_RX:u_boot_rx|bit_idx[2]                                                ; SoC_Top:u_soc|UART_RX:u_boot_rx|bit_idx[2]                                                ; CLOCK_50     ; CLOCK_50    ; 0.000        ; 0.000      ; 0.657      ;
; 0.391 ; SoC_Top:u_soc|UART_RX:u_boot_rx|state.S_IDLE                                              ; SoC_Top:u_soc|UART_RX:u_boot_rx|state.S_IDLE                                              ; CLOCK_50     ; CLOCK_50    ; 0.000        ; 0.000      ; 0.657      ;
; 0.391 ; SoC_Top:u_soc|UART_RX:u_boot_rx|state.S_DATA                                              ; SoC_Top:u_soc|UART_RX:u_boot_rx|state.S_DATA                                              ; CLOCK_50     ; CLOCK_50    ; 0.000        ; 0.000      ; 0.657      ;
; 0.391 ; SoC_Top:u_soc|UART_RX:u_boot_rx|state.S_STOP                                              ; SoC_Top:u_soc|UART_RX:u_boot_rx|state.S_STOP                                              ; CLOCK_50     ; CLOCK_50    ; 0.000        ; 0.000      ; 0.657      ;
; 0.391 ; SoC_Top:u_soc|UART_RX:u_boot_rx|rx_shift[3]                                               ; SoC_Top:u_soc|UART_RX:u_boot_rx|rx_shift[3]                                               ; CLOCK_50     ; CLOCK_50    ; 0.000        ; 0.000      ; 0.657      ;
; 0.391 ; SoC_Top:u_soc|UART_RX:u_boot_rx|rx_shift[0]                                               ; SoC_Top:u_soc|UART_RX:u_boot_rx|rx_shift[0]                                               ; CLOCK_50     ; CLOCK_50    ; 0.000        ; 0.000      ; 0.657      ;
; 0.391 ; SoC_Top:u_soc|UART_RX:u_boot_rx|rx_shift[1]                                               ; SoC_Top:u_soc|UART_RX:u_boot_rx|rx_shift[1]                                               ; CLOCK_50     ; CLOCK_50    ; 0.000        ; 0.000      ; 0.657      ;
; 0.391 ; SoC_Top:u_soc|UART_RX:u_boot_rx|rx_shift[2]                                               ; SoC_Top:u_soc|UART_RX:u_boot_rx|rx_shift[2]                                               ; CLOCK_50     ; CLOCK_50    ; 0.000        ; 0.000      ; 0.657      ;
; 0.391 ; SoC_Top:u_soc|UART_RX:u_boot_rx|rx_shift[6]                                               ; SoC_Top:u_soc|UART_RX:u_boot_rx|rx_shift[6]                                               ; CLOCK_50     ; CLOCK_50    ; 0.000        ; 0.000      ; 0.657      ;
; 0.391 ; SoC_Top:u_soc|UART_RX:u_boot_rx|rx_shift[4]                                               ; SoC_Top:u_soc|UART_RX:u_boot_rx|rx_shift[4]                                               ; CLOCK_50     ; CLOCK_50    ; 0.000        ; 0.000      ; 0.657      ;
; 0.391 ; SoC_Top:u_soc|UART_RX:u_boot_rx|rx_shift[7]                                               ; SoC_Top:u_soc|UART_RX:u_boot_rx|rx_shift[7]                                               ; CLOCK_50     ; CLOCK_50    ; 0.000        ; 0.000      ; 0.657      ;
; 0.391 ; SoC_Top:u_soc|UART_RX:u_boot_rx|rx_shift[5]                                               ; SoC_Top:u_soc|UART_RX:u_boot_rx|rx_shift[5]                                               ; CLOCK_50     ; CLOCK_50    ; 0.000        ; 0.000      ; 0.657      ;
; 0.391 ; SoC_Top:u_soc|UART_LOADER:u_loader|state.S_IDLE                                           ; SoC_Top:u_soc|UART_LOADER:u_loader|state.S_IDLE                                           ; CLOCK_50     ; CLOCK_50    ; 0.000        ; 0.000      ; 0.657      ;
; 0.391 ; SoC_Top:u_soc|UART_LOADER:u_loader|state.S_BYTE0                                          ; SoC_Top:u_soc|UART_LOADER:u_loader|state.S_BYTE0                                          ; CLOCK_50     ; CLOCK_50    ; 0.000        ; 0.000      ; 0.657      ;
; 0.391 ; SoC_Top:u_soc|Pipeline_top:u_cpu|memory_cycle:memory|apb_master:u_apb_master|PSEL         ; SoC_Top:u_soc|Pipeline_top:u_cpu|memory_cycle:memory|apb_master:u_apb_master|PSEL         ; CLOCK_50     ; CLOCK_50    ; 0.000        ; 0.000      ; 0.657      ;
; 0.391 ; SoC_Top:u_soc|apb_spi_master:u_spi|spi_state.S_IDLE                                       ; SoC_Top:u_soc|apb_spi_master:u_spi|spi_state.S_IDLE                                       ; CLOCK_50     ; CLOCK_50    ; 0.000        ; 0.000      ; 0.657      ;
; 0.391 ; SoC_Top:u_soc|apb_spi_master:u_spi|clk_cnt[0]                                             ; SoC_Top:u_soc|apb_spi_master:u_spi|clk_cnt[0]                                             ; CLOCK_50     ; CLOCK_50    ; 0.000        ; 0.000      ; 0.657      ;
; 0.391 ; SoC_Top:u_soc|apb_spi_master:u_spi|clk_cnt[1]                                             ; SoC_Top:u_soc|apb_spi_master:u_spi|clk_cnt[1]                                             ; CLOCK_50     ; CLOCK_50    ; 0.000        ; 0.000      ; 0.657      ;
; 0.391 ; SoC_Top:u_soc|apb_spi_master:u_spi|clk_cnt[2]                                             ; SoC_Top:u_soc|apb_spi_master:u_spi|clk_cnt[2]                                             ; CLOCK_50     ; CLOCK_50    ; 0.000        ; 0.000      ; 0.657      ;
; 0.391 ; SoC_Top:u_soc|apb_spi_master:u_spi|clk_cnt[3]                                             ; SoC_Top:u_soc|apb_spi_master:u_spi|clk_cnt[3]                                             ; CLOCK_50     ; CLOCK_50    ; 0.000        ; 0.000      ; 0.657      ;
; 0.391 ; SoC_Top:u_soc|apb_spi_master:u_spi|clk_cnt[4]                                             ; SoC_Top:u_soc|apb_spi_master:u_spi|clk_cnt[4]                                             ; CLOCK_50     ; CLOCK_50    ; 0.000        ; 0.000      ; 0.657      ;
; 0.391 ; SoC_Top:u_soc|apb_spi_master:u_spi|clk_cnt[5]                                             ; SoC_Top:u_soc|apb_spi_master:u_spi|clk_cnt[5]                                             ; CLOCK_50     ; CLOCK_50    ; 0.000        ; 0.000      ; 0.657      ;
; 0.391 ; SoC_Top:u_soc|apb_i2c_master:u_i2c|cmd_read                                               ; SoC_Top:u_soc|apb_i2c_master:u_i2c|cmd_read                                               ; CLOCK_50     ; CLOCK_50    ; 0.000        ; 0.000      ; 0.657      ;
; 0.391 ; SoC_Top:u_soc|apb_i2c_master:u_i2c|cmd_start                                              ; SoC_Top:u_soc|apb_i2c_master:u_i2c|cmd_start                                              ; CLOCK_50     ; CLOCK_50    ; 0.000        ; 0.000      ; 0.657      ;
; 0.391 ; SoC_Top:u_soc|apb_i2c_master:u_i2c|state.ST_START_1                                       ; SoC_Top:u_soc|apb_i2c_master:u_i2c|state.ST_START_1                                       ; CLOCK_50     ; CLOCK_50    ; 0.000        ; 0.000      ; 0.657      ;
; 0.391 ; SoC_Top:u_soc|apb_i2c_master:u_i2c|state.ST_ACK_CHECK                                     ; SoC_Top:u_soc|apb_i2c_master:u_i2c|state.ST_ACK_CHECK                                     ; CLOCK_50     ; CLOCK_50    ; 0.000        ; 0.000      ; 0.657      ;
; 0.391 ; SoC_Top:u_soc|apb_i2c_master:u_i2c|cmd_stop                                               ; SoC_Top:u_soc|apb_i2c_master:u_i2c|cmd_stop                                               ; CLOCK_50     ; CLOCK_50    ; 0.000        ; 0.000      ; 0.657      ;
; 0.391 ; SoC_Top:u_soc|apb_i2c_master:u_i2c|state.ST_RX_BIT                                        ; SoC_Top:u_soc|apb_i2c_master:u_i2c|state.ST_RX_BIT                                        ; CLOCK_50     ; CLOCK_50    ; 0.000        ; 0.000      ; 0.657      ;
; 0.391 ; SoC_Top:u_soc|apb_i2c_master:u_i2c|state.ST_ACK_SEND                                      ; SoC_Top:u_soc|apb_i2c_master:u_i2c|state.ST_ACK_SEND                                      ; CLOCK_50     ; CLOCK_50    ; 0.000        ; 0.000      ; 0.657      ;
; 0.391 ; SoC_Top:u_soc|apb_i2c_master:u_i2c|state.ST_STOP_1                                        ; SoC_Top:u_soc|apb_i2c_master:u_i2c|state.ST_STOP_1                                        ; CLOCK_50     ; CLOCK_50    ; 0.000        ; 0.000      ; 0.657      ;
; 0.391 ; SoC_Top:u_soc|apb_i2c_master:u_i2c|cmd_ack_en                                             ; SoC_Top:u_soc|apb_i2c_master:u_i2c|cmd_ack_en                                             ; CLOCK_50     ; CLOCK_50    ; 0.000        ; 0.000      ; 0.657      ;
; 0.391 ; SoC_Top:u_soc|apb_i2c_master:u_i2c|sda_oen_reg                                            ; SoC_Top:u_soc|apb_i2c_master:u_i2c|sda_oen_reg                                            ; CLOCK_50     ; CLOCK_50    ; 0.000        ; 0.000      ; 0.657      ;
; 0.391 ; SoC_Top:u_soc|apb_uart:u_uart|UART_TOP:u_uart|UART_RX:u_rx|bit_idx[0]                     ; SoC_Top:u_soc|apb_uart:u_uart|UART_TOP:u_uart|UART_RX:u_rx|bit_idx[0]                     ; CLOCK_50     ; CLOCK_50    ; 0.000        ; 0.000      ; 0.657      ;
; 0.391 ; SoC_Top:u_soc|apb_uart:u_uart|UART_TOP:u_uart|UART_RX:u_rx|bit_idx[1]                     ; SoC_Top:u_soc|apb_uart:u_uart|UART_TOP:u_uart|UART_RX:u_rx|bit_idx[1]                     ; CLOCK_50     ; CLOCK_50    ; 0.000        ; 0.000      ; 0.657      ;
; 0.391 ; SoC_Top:u_soc|apb_uart:u_uart|UART_TOP:u_uart|UART_RX:u_rx|bit_idx[2]                     ; SoC_Top:u_soc|apb_uart:u_uart|UART_TOP:u_uart|UART_RX:u_rx|bit_idx[2]                     ; CLOCK_50     ; CLOCK_50    ; 0.000        ; 0.000      ; 0.657      ;
; 0.391 ; SoC_Top:u_soc|apb_uart:u_uart|UART_TOP:u_uart|UART_RX:u_rx|state.S_DATA                   ; SoC_Top:u_soc|apb_uart:u_uart|UART_TOP:u_uart|UART_RX:u_rx|state.S_DATA                   ; CLOCK_50     ; CLOCK_50    ; 0.000        ; 0.000      ; 0.657      ;
; 0.391 ; SoC_Top:u_soc|apb_uart:u_uart|UART_TOP:u_uart|UART_RX:u_rx|state.S_STOP                   ; SoC_Top:u_soc|apb_uart:u_uart|UART_TOP:u_uart|UART_RX:u_rx|state.S_STOP                   ; CLOCK_50     ; CLOCK_50    ; 0.000        ; 0.000      ; 0.657      ;
; 0.391 ; SoC_Top:u_soc|apb_uart:u_uart|UART_TOP:u_uart|UART_RX:u_rx|state.S_IDLE                   ; SoC_Top:u_soc|apb_uart:u_uart|UART_TOP:u_uart|UART_RX:u_rx|state.S_IDLE                   ; CLOCK_50     ; CLOCK_50    ; 0.000        ; 0.000      ; 0.657      ;
; 0.391 ; SoC_Top:u_soc|apb_uart:u_uart|UART_TOP:u_uart|UART_RX:u_rx|rx_shift[5]                    ; SoC_Top:u_soc|apb_uart:u_uart|UART_TOP:u_uart|UART_RX:u_rx|rx_shift[5]                    ; CLOCK_50     ; CLOCK_50    ; 0.000        ; 0.000      ; 0.657      ;
; 0.391 ; SoC_Top:u_soc|apb_spi_master:u_spi|sclk_edge                                              ; SoC_Top:u_soc|apb_spi_master:u_spi|sclk_edge                                              ; CLOCK_50     ; CLOCK_50    ; 0.000        ; 0.000      ; 0.657      ;
; 0.391 ; SoC_Top:u_soc|apb_uart:u_uart|UART_TOP:u_uart|UART_RX:u_rx|rx_shift[4]                    ; SoC_Top:u_soc|apb_uart:u_uart|UART_TOP:u_uart|UART_RX:u_rx|rx_shift[4]                    ; CLOCK_50     ; CLOCK_50    ; 0.000        ; 0.000      ; 0.657      ;
; 0.391 ; SoC_Top:u_soc|apb_i2c_master:u_i2c|bit_cnt[1]                                             ; SoC_Top:u_soc|apb_i2c_master:u_i2c|bit_cnt[1]                                             ; CLOCK_50     ; CLOCK_50    ; 0.000        ; 0.000      ; 0.657      ;
; 0.391 ; SoC_Top:u_soc|apb_i2c_master:u_i2c|bit_cnt[2]                                             ; SoC_Top:u_soc|apb_i2c_master:u_i2c|bit_cnt[2]                                             ; CLOCK_50     ; CLOCK_50    ; 0.000        ; 0.000      ; 0.657      ;
; 0.391 ; SoC_Top:u_soc|apb_i2c_master:u_i2c|bit_cnt[0]                                             ; SoC_Top:u_soc|apb_i2c_master:u_i2c|bit_cnt[0]                                             ; CLOCK_50     ; CLOCK_50    ; 0.000        ; 0.000      ; 0.657      ;
; 0.391 ; SoC_Top:u_soc|apb_uart:u_uart|UART_TOP:u_uart|UART_RX:u_rx|rx_shift[6]                    ; SoC_Top:u_soc|apb_uart:u_uart|UART_TOP:u_uart|UART_RX:u_rx|rx_shift[6]                    ; CLOCK_50     ; CLOCK_50    ; 0.000        ; 0.000      ; 0.657      ;
; 0.391 ; SoC_Top:u_soc|apb_spi_master:u_spi|clk_cnt[6]                                             ; SoC_Top:u_soc|apb_spi_master:u_spi|clk_cnt[6]                                             ; CLOCK_50     ; CLOCK_50    ; 0.000        ; 0.000      ; 0.657      ;
; 0.391 ; SoC_Top:u_soc|apb_spi_master:u_spi|clk_cnt[7]                                             ; SoC_Top:u_soc|apb_spi_master:u_spi|clk_cnt[7]                                             ; CLOCK_50     ; CLOCK_50    ; 0.000        ; 0.000      ; 0.657      ;
; 0.391 ; SoC_Top:u_soc|apb_spi_master:u_spi|bit_cnt[1]                                             ; SoC_Top:u_soc|apb_spi_master:u_spi|bit_cnt[1]                                             ; CLOCK_50     ; CLOCK_50    ; 0.000        ; 0.000      ; 0.657      ;
; 0.391 ; SoC_Top:u_soc|apb_spi_master:u_spi|bit_cnt[0]                                             ; SoC_Top:u_soc|apb_spi_master:u_spi|bit_cnt[0]                                             ; CLOCK_50     ; CLOCK_50    ; 0.000        ; 0.000      ; 0.657      ;
; 0.391 ; SoC_Top:u_soc|apb_spi_master:u_spi|bit_cnt[2]                                             ; SoC_Top:u_soc|apb_spi_master:u_spi|bit_cnt[2]                                             ; CLOCK_50     ; CLOCK_50    ; 0.000        ; 0.000      ; 0.657      ;
; 0.391 ; SoC_Top:u_soc|apb_spi_master:u_spi|spi_irq_flag                                           ; SoC_Top:u_soc|apb_spi_master:u_spi|spi_irq_flag                                           ; CLOCK_50     ; CLOCK_50    ; 0.000        ; 0.000      ; 0.657      ;
; 0.391 ; SoC_Top:u_soc|apb_i2c_master:u_i2c|i2c_irq_flag                                           ; SoC_Top:u_soc|apb_i2c_master:u_i2c|i2c_irq_flag                                           ; CLOCK_50     ; CLOCK_50    ; 0.000        ; 0.000      ; 0.657      ;
; 0.391 ; SoC_Top:u_soc|apb_timer:u_timer|status_reg                                                ; SoC_Top:u_soc|apb_timer:u_timer|status_reg                                                ; CLOCK_50     ; CLOCK_50    ; 0.000        ; 0.000      ; 0.657      ;
; 0.391 ; SoC_Top:u_soc|apb_uart:u_uart|UART_TOP:u_uart|UART_RX:u_rx|rx_shift[0]                    ; SoC_Top:u_soc|apb_uart:u_uart|UART_TOP:u_uart|UART_RX:u_rx|rx_shift[0]                    ; CLOCK_50     ; CLOCK_50    ; 0.000        ; 0.000      ; 0.657      ;
; 0.391 ; SoC_Top:u_soc|apb_uart:u_uart|UART_TOP:u_uart|UART_TX:u_tx|state.S_START                  ; SoC_Top:u_soc|apb_uart:u_uart|UART_TOP:u_uart|UART_TX:u_tx|state.S_START                  ; CLOCK_50     ; CLOCK_50    ; 0.000        ; 0.000      ; 0.657      ;
; 0.391 ; SoC_Top:u_soc|apb_uart:u_uart|UART_TOP:u_uart|UART_TX:u_tx|bit_idx[0]                     ; SoC_Top:u_soc|apb_uart:u_uart|UART_TOP:u_uart|UART_TX:u_tx|bit_idx[0]                     ; CLOCK_50     ; CLOCK_50    ; 0.000        ; 0.000      ; 0.657      ;
; 0.391 ; SoC_Top:u_soc|apb_uart:u_uart|UART_TOP:u_uart|UART_TX:u_tx|bit_idx[1]                     ; SoC_Top:u_soc|apb_uart:u_uart|UART_TOP:u_uart|UART_TX:u_tx|bit_idx[1]                     ; CLOCK_50     ; CLOCK_50    ; 0.000        ; 0.000      ; 0.657      ;
; 0.391 ; SoC_Top:u_soc|apb_uart:u_uart|UART_TOP:u_uart|UART_TX:u_tx|bit_idx[2]                     ; SoC_Top:u_soc|apb_uart:u_uart|UART_TOP:u_uart|UART_TX:u_tx|bit_idx[2]                     ; CLOCK_50     ; CLOCK_50    ; 0.000        ; 0.000      ; 0.657      ;
; 0.391 ; SoC_Top:u_soc|apb_uart:u_uart|UART_TOP:u_uart|UART_TX:u_tx|state.S_STOP                   ; SoC_Top:u_soc|apb_uart:u_uart|UART_TOP:u_uart|UART_TX:u_tx|state.S_STOP                   ; CLOCK_50     ; CLOCK_50    ; 0.000        ; 0.000      ; 0.657      ;
; 0.391 ; SoC_Top:u_soc|apb_uart:u_uart|UART_TOP:u_uart|UART_TX:u_tx|state.S_IDLE                   ; SoC_Top:u_soc|apb_uart:u_uart|UART_TOP:u_uart|UART_TX:u_tx|state.S_IDLE                   ; CLOCK_50     ; CLOCK_50    ; 0.000        ; 0.000      ; 0.657      ;
; 0.391 ; SoC_Top:u_soc|apb_uart:u_uart|UART_TOP:u_uart|UART_TX:u_tx|tx_busy                        ; SoC_Top:u_soc|apb_uart:u_uart|UART_TOP:u_uart|UART_TX:u_tx|tx_busy                        ; CLOCK_50     ; CLOCK_50    ; 0.000        ; 0.000      ; 0.657      ;
; 0.391 ; SoC_Top:u_soc|apb_spi_master:u_spi|spi_busy                                               ; SoC_Top:u_soc|apb_spi_master:u_spi|spi_busy                                               ; CLOCK_50     ; CLOCK_50    ; 0.000        ; 0.000      ; 0.657      ;
; 0.391 ; SoC_Top:u_soc|apb_spi_master:u_spi|cs_reg                                                 ; SoC_Top:u_soc|apb_spi_master:u_spi|cs_reg                                                 ; CLOCK_50     ; CLOCK_50    ; 0.000        ; 0.000      ; 0.657      ;
; 0.391 ; SoC_Top:u_soc|apb_uart:u_uart|UART_TOP:u_uart|UART_RX:u_rx|rx_shift[7]                    ; SoC_Top:u_soc|apb_uart:u_uart|UART_TOP:u_uart|UART_RX:u_rx|rx_shift[7]                    ; CLOCK_50     ; CLOCK_50    ; 0.000        ; 0.000      ; 0.657      ;
; 0.391 ; SoC_Top:u_soc|apb_uart:u_uart|UART_TOP:u_uart|UART_RX:u_rx|rx_shift[2]                    ; SoC_Top:u_soc|apb_uart:u_uart|UART_TOP:u_uart|UART_RX:u_rx|rx_shift[2]                    ; CLOCK_50     ; CLOCK_50    ; 0.000        ; 0.000      ; 0.657      ;
; 0.391 ; SoC_Top:u_soc|apb_uart:u_uart|UART_TOP:u_uart|UART_RX:u_rx|rx_shift[1]                    ; SoC_Top:u_soc|apb_uart:u_uart|UART_TOP:u_uart|UART_RX:u_rx|rx_shift[1]                    ; CLOCK_50     ; CLOCK_50    ; 0.000        ; 0.000      ; 0.657      ;
; 0.391 ; SoC_Top:u_soc|apb_uart:u_uart|UART_TOP:u_uart|UART_RX:u_rx|rx_shift[3]                    ; SoC_Top:u_soc|apb_uart:u_uart|UART_TOP:u_uart|UART_RX:u_rx|rx_shift[3]                    ; CLOCK_50     ; CLOCK_50    ; 0.000        ; 0.000      ; 0.657      ;
; 0.391 ; SoC_Top:u_soc|Pipeline_top:u_cpu|memory_cycle:memory|apb_master:u_apb_master|state.S_IDLE ; SoC_Top:u_soc|Pipeline_top:u_cpu|memory_cycle:memory|apb_master:u_apb_master|state.S_IDLE ; CLOCK_50     ; CLOCK_50    ; 0.000        ; 0.000      ; 0.657      ;
; 0.391 ; SoC_Top:u_soc|apb_spi_master:u_spi|spi_state.S_TRANSFER                                   ; SoC_Top:u_soc|apb_spi_master:u_spi|spi_state.S_TRANSFER                                   ; CLOCK_50     ; CLOCK_50    ; 0.000        ; 0.000      ; 0.657      ;
; 0.391 ; SoC_Top:u_soc|apb_spi_master:u_spi|sclk_reg                                               ; SoC_Top:u_soc|apb_spi_master:u_spi|sclk_reg                                               ; CLOCK_50     ; CLOCK_50    ; 0.000        ; 0.000      ; 0.657      ;
; 0.391 ; SoC_Top:u_soc|done_latch                                                                  ; SoC_Top:u_soc|done_latch                                                                  ; CLOCK_50     ; CLOCK_50    ; 0.000        ; 0.000      ; 0.657      ;
; 0.391 ; SoC_Top:u_soc|Pipeline_top:u_cpu|decode_cycle:decode|Imm_Ext_D_reg[11]                    ; SoC_Top:u_soc|Pipeline_top:u_cpu|decode_cycle:decode|Imm_Ext_D_reg[11]                    ; CLOCK_50     ; CLOCK_50    ; 0.000        ; 0.000      ; 0.657      ;
; 0.391 ; SoC_Top:u_soc|Pipeline_top:u_cpu|decode_cycle:decode|CSR_Unit:u_csr|mie_meie              ; SoC_Top:u_soc|Pipeline_top:u_cpu|decode_cycle:decode|CSR_Unit:u_csr|mie_meie              ; CLOCK_50     ; CLOCK_50    ; 0.000        ; 0.000      ; 0.657      ;
; 0.391 ; SoC_Top:u_soc|Pipeline_top:u_cpu|execute_cycle:execute|ALUResultE_reg[4]                  ; SoC_Top:u_soc|Pipeline_top:u_cpu|execute_cycle:execute|ALUResultE_reg[4]                  ; CLOCK_50     ; CLOCK_50    ; 0.000        ; 0.000      ; 0.657      ;
; 0.391 ; SoC_Top:u_soc|Pipeline_top:u_cpu|decode_cycle:decode|Imm_Ext_D_reg[31]                    ; SoC_Top:u_soc|Pipeline_top:u_cpu|decode_cycle:decode|Imm_Ext_D_reg[31]                    ; CLOCK_50     ; CLOCK_50    ; 0.000        ; 0.000      ; 0.657      ;
; 0.391 ; SoC_Top:u_soc|Pipeline_top:u_cpu|decode_cycle:decode|CSR_Unit:u_csr|mstatus_mpie          ; SoC_Top:u_soc|Pipeline_top:u_cpu|decode_cycle:decode|CSR_Unit:u_csr|mstatus_mpie          ; CLOCK_50     ; CLOCK_50    ; 0.000        ; 0.000      ; 0.657      ;
; 0.391 ; SoC_Top:u_soc|apb_i2c_master:u_i2c|ack_fail                                               ; SoC_Top:u_soc|apb_i2c_master:u_i2c|ack_fail                                               ; CLOCK_50     ; CLOCK_50    ; 0.000        ; 0.000      ; 0.657      ;
; 0.391 ; SoC_Top:u_soc|Pipeline_top:u_cpu|decode_cycle:decode|Imm_Ext_D_reg[0]                     ; SoC_Top:u_soc|Pipeline_top:u_cpu|decode_cycle:decode|Imm_Ext_D_reg[0]                     ; CLOCK_50     ; CLOCK_50    ; 0.000        ; 0.000      ; 0.657      ;
; 0.391 ; SoC_Top:u_soc|Pipeline_top:u_cpu|decode_cycle:decode|ALUSrcAD_reg[1]                      ; SoC_Top:u_soc|Pipeline_top:u_cpu|decode_cycle:decode|ALUSrcAD_reg[1]                      ; CLOCK_50     ; CLOCK_50    ; 0.000        ; 0.000      ; 0.657      ;
; 0.391 ; SoC_Top:u_soc|Pipeline_top:u_cpu|decode_cycle:decode|BranchD_reg                          ; SoC_Top:u_soc|Pipeline_top:u_cpu|decode_cycle:decode|BranchD_reg                          ; CLOCK_50     ; CLOCK_50    ; 0.000        ; 0.000      ; 0.657      ;
; 0.514 ; SoC_Top:u_soc|Pipeline_top:u_cpu|decode_cycle:decode|CSRReadDataD_reg[12]                 ; SoC_Top:u_soc|Pipeline_top:u_cpu|execute_cycle:execute|CSRReadDataE_reg[12]               ; CLOCK_50     ; CLOCK_50    ; 0.000        ; 0.000      ; 0.780      ;
; 0.514 ; SoC_Top:u_soc|Pipeline_top:u_cpu|decode_cycle:decode|PCPlus4D_reg[20]                     ; SoC_Top:u_soc|Pipeline_top:u_cpu|execute_cycle:execute|PCPlus4E_reg[20]                   ; CLOCK_50     ; CLOCK_50    ; 0.000        ; 0.000      ; 0.780      ;
; 0.514 ; SoC_Top:u_soc|Pipeline_top:u_cpu|decode_cycle:decode|CSRReadDataD_reg[31]                 ; SoC_Top:u_soc|Pipeline_top:u_cpu|execute_cycle:execute|CSRReadDataE_reg[31]               ; CLOCK_50     ; CLOCK_50    ; 0.000        ; 0.000      ; 0.780      ;
; 0.516 ; SoC_Top:u_soc|UART_RX:u_boot_rx|rx_ff1                                                    ; SoC_Top:u_soc|UART_RX:u_boot_rx|rx_ff2                                                    ; CLOCK_50     ; CLOCK_50    ; 0.000        ; 0.000      ; 0.782      ;
; 0.516 ; SoC_Top:u_soc|Pipeline_top:u_cpu|fetch_cycle:fetch|PCF_reg[13]                            ; SoC_Top:u_soc|Pipeline_top:u_cpu|fetch_cycle:fetch|PCF_reg2[13]                           ; CLOCK_50     ; CLOCK_50    ; 0.000        ; 0.000      ; 0.782      ;
; 0.516 ; SoC_Top:u_soc|Pipeline_top:u_cpu|decode_cycle:decode|CSRReadDataD_reg[15]                 ; SoC_Top:u_soc|Pipeline_top:u_cpu|execute_cycle:execute|CSRReadDataE_reg[15]               ; CLOCK_50     ; CLOCK_50    ; 0.000        ; 0.000      ; 0.782      ;
; 0.516 ; SoC_Top:u_soc|Pipeline_top:u_cpu|decode_cycle:decode|PCPlus4D_reg[9]                      ; SoC_Top:u_soc|Pipeline_top:u_cpu|execute_cycle:execute|PCPlus4E_reg[9]                    ; CLOCK_50     ; CLOCK_50    ; 0.000        ; 0.000      ; 0.782      ;
; 0.517 ; SoC_Top:u_soc|Pipeline_top:u_cpu|decode_cycle:decode|PCPlus4D_reg[14]                     ; SoC_Top:u_soc|Pipeline_top:u_cpu|execute_cycle:execute|PCPlus4E_reg[14]                   ; CLOCK_50     ; CLOCK_50    ; 0.000        ; 0.000      ; 0.783      ;
; 0.517 ; SoC_Top:u_soc|Pipeline_top:u_cpu|decode_cycle:decode|PCPlus4D_reg[2]                      ; SoC_Top:u_soc|Pipeline_top:u_cpu|execute_cycle:execute|PCPlus4E_reg[2]                    ; CLOCK_50     ; CLOCK_50    ; 0.000        ; 0.000      ; 0.783      ;
; 0.517 ; SoC_Top:u_soc|apb_i2c_master:u_i2c|cmd_read_ack                                           ; SoC_Top:u_soc|apb_i2c_master:u_i2c|cmd_read                                               ; CLOCK_50     ; CLOCK_50    ; 0.000        ; 0.000      ; 0.783      ;
; 0.517 ; SoC_Top:u_soc|apb_i2c_master:u_i2c|prev_busy                                              ; SoC_Top:u_soc|apb_i2c_master:u_i2c|i2c_irq_flag                                           ; CLOCK_50     ; CLOCK_50    ; 0.000        ; 0.000      ; 0.783      ;
; 0.518 ; SoC_Top:u_soc|UART_LOADER:u_loader|instr_buf[27]                                          ; SoC_Top:u_soc|UART_LOADER:u_loader|write_data[27]                                         ; CLOCK_50     ; CLOCK_50    ; 0.000        ; 0.000      ; 0.784      ;
; 0.518 ; SoC_Top:u_soc|Pipeline_top:u_cpu|fetch_cycle:fetch|PCF_reg[15]                            ; SoC_Top:u_soc|Pipeline_top:u_cpu|fetch_cycle:fetch|PCF_reg2[15]                           ; CLOCK_50     ; CLOCK_50    ; 0.000        ; 0.000      ; 0.784      ;
; 0.518 ; SoC_Top:u_soc|Pipeline_top:u_cpu|decode_cycle:decode|PCPlus4D_reg[27]                     ; SoC_Top:u_soc|Pipeline_top:u_cpu|execute_cycle:execute|PCPlus4E_reg[27]                   ; CLOCK_50     ; CLOCK_50    ; 0.000        ; 0.000      ; 0.784      ;
+-------+-------------------------------------------------------------------------------------------+-------------------------------------------------------------------------------------------+--------------+-------------+--------------+------------+------------+


+--------------------------------------------------------------------------------------------------------------------------------------------------------+
; Slow Model Recovery: 'CLOCK_50'                                                                                                                        ;
+--------+---------------------+---------------------------------------------------+--------------+-------------+--------------+------------+------------+
; Slack  ; From Node           ; To Node                                           ; Launch Clock ; Latch Clock ; Relationship ; Clock Skew ; Data Delay ;
+--------+---------------------+---------------------------------------------------+--------------+-------------+--------------+------------+------------+
; 17.262 ; SoC_Top:u_soc|por_n ; SoC_Top:u_soc|UART_RX:u_boot_rx|rx_ff1            ; CLOCK_50     ; CLOCK_50    ; 20.000       ; -0.004     ; 2.770      ;
; 17.262 ; SoC_Top:u_soc|por_n ; SoC_Top:u_soc|UART_RX:u_boot_rx|rx_ff2            ; CLOCK_50     ; CLOCK_50    ; 20.000       ; -0.004     ; 2.770      ;
; 17.262 ; SoC_Top:u_soc|por_n ; SoC_Top:u_soc|UART_RX:u_boot_rx|bit_idx[0]        ; CLOCK_50     ; CLOCK_50    ; 20.000       ; -0.004     ; 2.770      ;
; 17.262 ; SoC_Top:u_soc|por_n ; SoC_Top:u_soc|UART_RX:u_boot_rx|bit_idx[1]        ; CLOCK_50     ; CLOCK_50    ; 20.000       ; -0.004     ; 2.770      ;
; 17.262 ; SoC_Top:u_soc|por_n ; SoC_Top:u_soc|UART_RX:u_boot_rx|state.S_STOP      ; CLOCK_50     ; CLOCK_50    ; 20.000       ; -0.004     ; 2.770      ;
; 17.262 ; SoC_Top:u_soc|por_n ; SoC_Top:u_soc|UART_RX:u_boot_rx|rx_valid          ; CLOCK_50     ; CLOCK_50    ; 20.000       ; 0.001      ; 2.775      ;
; 17.262 ; SoC_Top:u_soc|por_n ; SoC_Top:u_soc|UART_RX:u_boot_rx|rx_shift[3]       ; CLOCK_50     ; CLOCK_50    ; 20.000       ; 0.001      ; 2.775      ;
; 17.262 ; SoC_Top:u_soc|por_n ; SoC_Top:u_soc|UART_RX:u_boot_rx|rx_data[3]        ; CLOCK_50     ; CLOCK_50    ; 20.000       ; 0.001      ; 2.775      ;
; 17.262 ; SoC_Top:u_soc|por_n ; SoC_Top:u_soc|UART_RX:u_boot_rx|rx_shift[0]       ; CLOCK_50     ; CLOCK_50    ; 20.000       ; 0.001      ; 2.775      ;
; 17.262 ; SoC_Top:u_soc|por_n ; SoC_Top:u_soc|UART_RX:u_boot_rx|rx_data[0]        ; CLOCK_50     ; CLOCK_50    ; 20.000       ; 0.001      ; 2.775      ;
; 17.262 ; SoC_Top:u_soc|por_n ; SoC_Top:u_soc|UART_RX:u_boot_rx|rx_shift[1]       ; CLOCK_50     ; CLOCK_50    ; 20.000       ; 0.001      ; 2.775      ;
; 17.262 ; SoC_Top:u_soc|por_n ; SoC_Top:u_soc|UART_RX:u_boot_rx|rx_data[1]        ; CLOCK_50     ; CLOCK_50    ; 20.000       ; 0.001      ; 2.775      ;
; 17.262 ; SoC_Top:u_soc|por_n ; SoC_Top:u_soc|UART_RX:u_boot_rx|rx_shift[6]       ; CLOCK_50     ; CLOCK_50    ; 20.000       ; 0.001      ; 2.775      ;
; 17.262 ; SoC_Top:u_soc|por_n ; SoC_Top:u_soc|UART_RX:u_boot_rx|rx_data[6]        ; CLOCK_50     ; CLOCK_50    ; 20.000       ; 0.001      ; 2.775      ;
; 17.262 ; SoC_Top:u_soc|por_n ; SoC_Top:u_soc|UART_RX:u_boot_rx|rx_shift[4]       ; CLOCK_50     ; CLOCK_50    ; 20.000       ; 0.001      ; 2.775      ;
; 17.262 ; SoC_Top:u_soc|por_n ; SoC_Top:u_soc|UART_RX:u_boot_rx|rx_data[4]        ; CLOCK_50     ; CLOCK_50    ; 20.000       ; 0.001      ; 2.775      ;
; 17.262 ; SoC_Top:u_soc|por_n ; SoC_Top:u_soc|UART_RX:u_boot_rx|rx_shift[7]       ; CLOCK_50     ; CLOCK_50    ; 20.000       ; 0.001      ; 2.775      ;
; 17.262 ; SoC_Top:u_soc|por_n ; SoC_Top:u_soc|UART_RX:u_boot_rx|rx_data[7]        ; CLOCK_50     ; CLOCK_50    ; 20.000       ; 0.001      ; 2.775      ;
; 17.262 ; SoC_Top:u_soc|por_n ; SoC_Top:u_soc|UART_RX:u_boot_rx|rx_shift[5]       ; CLOCK_50     ; CLOCK_50    ; 20.000       ; -0.004     ; 2.770      ;
; 17.262 ; SoC_Top:u_soc|por_n ; SoC_Top:u_soc|UART_RX:u_boot_rx|rx_data[5]        ; CLOCK_50     ; CLOCK_50    ; 20.000       ; 0.001      ; 2.775      ;
; 17.262 ; SoC_Top:u_soc|por_n ; SoC_Top:u_soc|UART_LOADER:u_loader|state.S_DONE   ; CLOCK_50     ; CLOCK_50    ; 20.000       ; 0.003      ; 2.777      ;
; 17.262 ; SoC_Top:u_soc|por_n ; SoC_Top:u_soc|UART_LOADER:u_loader|state.S_IDLE   ; CLOCK_50     ; CLOCK_50    ; 20.000       ; 0.003      ; 2.777      ;
; 17.262 ; SoC_Top:u_soc|por_n ; SoC_Top:u_soc|UART_LOADER:u_loader|state.S_BYTE0  ; CLOCK_50     ; CLOCK_50    ; 20.000       ; 0.003      ; 2.777      ;
; 17.262 ; SoC_Top:u_soc|por_n ; SoC_Top:u_soc|UART_LOADER:u_loader|state.S_BYTE1  ; CLOCK_50     ; CLOCK_50    ; 20.000       ; 0.003      ; 2.777      ;
; 17.262 ; SoC_Top:u_soc|por_n ; SoC_Top:u_soc|UART_LOADER:u_loader|state.S_BYTE2  ; CLOCK_50     ; CLOCK_50    ; 20.000       ; 0.003      ; 2.777      ;
; 17.262 ; SoC_Top:u_soc|por_n ; SoC_Top:u_soc|UART_LOADER:u_loader|state.S_BYTE3  ; CLOCK_50     ; CLOCK_50    ; 20.000       ; 0.003      ; 2.777      ;
; 17.262 ; SoC_Top:u_soc|por_n ; SoC_Top:u_soc|UART_LOADER:u_loader|state.S_WRITE  ; CLOCK_50     ; CLOCK_50    ; 20.000       ; 0.003      ; 2.777      ;
; 17.262 ; SoC_Top:u_soc|por_n ; SoC_Top:u_soc|UART_LOADER:u_loader|instr_buf[28]  ; CLOCK_50     ; CLOCK_50    ; 20.000       ; 0.004      ; 2.778      ;
; 17.262 ; SoC_Top:u_soc|por_n ; SoC_Top:u_soc|UART_LOADER:u_loader|write_data[28] ; CLOCK_50     ; CLOCK_50    ; 20.000       ; 0.004      ; 2.778      ;
; 17.262 ; SoC_Top:u_soc|por_n ; SoC_Top:u_soc|UART_LOADER:u_loader|instr_buf[31]  ; CLOCK_50     ; CLOCK_50    ; 20.000       ; 0.004      ; 2.778      ;
; 17.262 ; SoC_Top:u_soc|por_n ; SoC_Top:u_soc|UART_LOADER:u_loader|write_data[31] ; CLOCK_50     ; CLOCK_50    ; 20.000       ; 0.004      ; 2.778      ;
; 17.262 ; SoC_Top:u_soc|por_n ; SoC_Top:u_soc|UART_LOADER:u_loader|instr_buf[30]  ; CLOCK_50     ; CLOCK_50    ; 20.000       ; 0.004      ; 2.778      ;
; 17.262 ; SoC_Top:u_soc|por_n ; SoC_Top:u_soc|UART_LOADER:u_loader|write_data[30] ; CLOCK_50     ; CLOCK_50    ; 20.000       ; 0.004      ; 2.778      ;
; 17.262 ; SoC_Top:u_soc|por_n ; SoC_Top:u_soc|UART_LOADER:u_loader|instr_buf[29]  ; CLOCK_50     ; CLOCK_50    ; 20.000       ; 0.004      ; 2.778      ;
; 17.262 ; SoC_Top:u_soc|por_n ; SoC_Top:u_soc|UART_LOADER:u_loader|write_data[29] ; CLOCK_50     ; CLOCK_50    ; 20.000       ; 0.004      ; 2.778      ;
; 17.262 ; SoC_Top:u_soc|por_n ; SoC_Top:u_soc|UART_LOADER:u_loader|write_data[0]  ; CLOCK_50     ; CLOCK_50    ; 20.000       ; 0.002      ; 2.776      ;
; 17.262 ; SoC_Top:u_soc|por_n ; SoC_Top:u_soc|UART_LOADER:u_loader|write_data[1]  ; CLOCK_50     ; CLOCK_50    ; 20.000       ; 0.002      ; 2.776      ;
; 17.262 ; SoC_Top:u_soc|por_n ; SoC_Top:u_soc|UART_LOADER:u_loader|instr_buf[13]  ; CLOCK_50     ; CLOCK_50    ; 20.000       ; -0.001     ; 2.773      ;
; 17.262 ; SoC_Top:u_soc|por_n ; SoC_Top:u_soc|UART_LOADER:u_loader|write_data[13] ; CLOCK_50     ; CLOCK_50    ; 20.000       ; -0.001     ; 2.773      ;
; 17.262 ; SoC_Top:u_soc|por_n ; SoC_Top:u_soc|UART_LOADER:u_loader|instr_buf[14]  ; CLOCK_50     ; CLOCK_50    ; 20.000       ; -0.001     ; 2.773      ;
; 17.262 ; SoC_Top:u_soc|por_n ; SoC_Top:u_soc|UART_LOADER:u_loader|write_data[14] ; CLOCK_50     ; CLOCK_50    ; 20.000       ; -0.001     ; 2.773      ;
; 17.262 ; SoC_Top:u_soc|por_n ; SoC_Top:u_soc|UART_LOADER:u_loader|instr_buf[12]  ; CLOCK_50     ; CLOCK_50    ; 20.000       ; -0.001     ; 2.773      ;
; 17.262 ; SoC_Top:u_soc|por_n ; SoC_Top:u_soc|UART_LOADER:u_loader|write_data[12] ; CLOCK_50     ; CLOCK_50    ; 20.000       ; -0.001     ; 2.773      ;
; 17.262 ; SoC_Top:u_soc|por_n ; SoC_Top:u_soc|UART_LOADER:u_loader|instr_buf[24]  ; CLOCK_50     ; CLOCK_50    ; 20.000       ; 0.004      ; 2.778      ;
; 17.262 ; SoC_Top:u_soc|por_n ; SoC_Top:u_soc|UART_LOADER:u_loader|write_data[24] ; CLOCK_50     ; CLOCK_50    ; 20.000       ; 0.004      ; 2.778      ;
; 17.262 ; SoC_Top:u_soc|por_n ; SoC_Top:u_soc|UART_LOADER:u_loader|instr_buf[23]  ; CLOCK_50     ; CLOCK_50    ; 20.000       ; 0.002      ; 2.776      ;
; 17.262 ; SoC_Top:u_soc|por_n ; SoC_Top:u_soc|UART_LOADER:u_loader|write_data[5]  ; CLOCK_50     ; CLOCK_50    ; 20.000       ; 0.002      ; 2.776      ;
; 17.262 ; SoC_Top:u_soc|por_n ; SoC_Top:u_soc|UART_LOADER:u_loader|write_data[4]  ; CLOCK_50     ; CLOCK_50    ; 20.000       ; 0.002      ; 2.776      ;
; 17.262 ; SoC_Top:u_soc|por_n ; SoC_Top:u_soc|UART_LOADER:u_loader|instr_buf[11]  ; CLOCK_50     ; CLOCK_50    ; 20.000       ; -0.001     ; 2.773      ;
; 17.262 ; SoC_Top:u_soc|por_n ; SoC_Top:u_soc|UART_LOADER:u_loader|write_data[11] ; CLOCK_50     ; CLOCK_50    ; 20.000       ; -0.001     ; 2.773      ;
; 17.262 ; SoC_Top:u_soc|por_n ; SoC_Top:u_soc|UART_LOADER:u_loader|instr_buf[10]  ; CLOCK_50     ; CLOCK_50    ; 20.000       ; -0.001     ; 2.773      ;
; 17.262 ; SoC_Top:u_soc|por_n ; SoC_Top:u_soc|UART_LOADER:u_loader|write_data[10] ; CLOCK_50     ; CLOCK_50    ; 20.000       ; -0.001     ; 2.773      ;
; 17.262 ; SoC_Top:u_soc|por_n ; SoC_Top:u_soc|UART_LOADER:u_loader|instr_buf[9]   ; CLOCK_50     ; CLOCK_50    ; 20.000       ; -0.001     ; 2.773      ;
; 17.262 ; SoC_Top:u_soc|por_n ; SoC_Top:u_soc|UART_LOADER:u_loader|write_data[9]  ; CLOCK_50     ; CLOCK_50    ; 20.000       ; -0.001     ; 2.773      ;
; 17.262 ; SoC_Top:u_soc|por_n ; SoC_Top:u_soc|UART_LOADER:u_loader|instr_buf[15]  ; CLOCK_50     ; CLOCK_50    ; 20.000       ; -0.001     ; 2.773      ;
; 17.262 ; SoC_Top:u_soc|por_n ; SoC_Top:u_soc|UART_LOADER:u_loader|write_data[15] ; CLOCK_50     ; CLOCK_50    ; 20.000       ; -0.001     ; 2.773      ;
; 17.262 ; SoC_Top:u_soc|por_n ; SoC_Top:u_soc|UART_LOADER:u_loader|instr_buf[21]  ; CLOCK_50     ; CLOCK_50    ; 20.000       ; 0.002      ; 2.776      ;
; 17.262 ; SoC_Top:u_soc|por_n ; SoC_Top:u_soc|UART_LOADER:u_loader|write_data[21] ; CLOCK_50     ; CLOCK_50    ; 20.000       ; 0.002      ; 2.776      ;
; 17.262 ; SoC_Top:u_soc|por_n ; SoC_Top:u_soc|UART_LOADER:u_loader|instr_buf[17]  ; CLOCK_50     ; CLOCK_50    ; 20.000       ; 0.002      ; 2.776      ;
; 17.262 ; SoC_Top:u_soc|por_n ; SoC_Top:u_soc|UART_LOADER:u_loader|instr_buf[16]  ; CLOCK_50     ; CLOCK_50    ; 20.000       ; 0.002      ; 2.776      ;
; 17.262 ; SoC_Top:u_soc|por_n ; SoC_Top:u_soc|UART_LOADER:u_loader|instr_buf[20]  ; CLOCK_50     ; CLOCK_50    ; 20.000       ; 0.002      ; 2.776      ;
; 17.262 ; SoC_Top:u_soc|por_n ; SoC_Top:u_soc|UART_LOADER:u_loader|instr_buf[22]  ; CLOCK_50     ; CLOCK_50    ; 20.000       ; 0.002      ; 2.776      ;
; 17.262 ; SoC_Top:u_soc|por_n ; SoC_Top:u_soc|UART_LOADER:u_loader|instr_buf[19]  ; CLOCK_50     ; CLOCK_50    ; 20.000       ; 0.002      ; 2.776      ;
; 17.262 ; SoC_Top:u_soc|por_n ; SoC_Top:u_soc|UART_LOADER:u_loader|instr_buf[18]  ; CLOCK_50     ; CLOCK_50    ; 20.000       ; 0.002      ; 2.776      ;
; 17.262 ; SoC_Top:u_soc|por_n ; SoC_Top:u_soc|UART_LOADER:u_loader|write_data[7]  ; CLOCK_50     ; CLOCK_50    ; 20.000       ; 0.002      ; 2.776      ;
; 17.262 ; SoC_Top:u_soc|por_n ; SoC_Top:u_soc|UART_LOADER:u_loader|instr_buf[27]  ; CLOCK_50     ; CLOCK_50    ; 20.000       ; 0.004      ; 2.778      ;
; 17.262 ; SoC_Top:u_soc|por_n ; SoC_Top:u_soc|UART_LOADER:u_loader|write_data[27] ; CLOCK_50     ; CLOCK_50    ; 20.000       ; 0.004      ; 2.778      ;
; 17.262 ; SoC_Top:u_soc|por_n ; SoC_Top:u_soc|UART_LOADER:u_loader|instr_buf[26]  ; CLOCK_50     ; CLOCK_50    ; 20.000       ; 0.004      ; 2.778      ;
; 17.262 ; SoC_Top:u_soc|por_n ; SoC_Top:u_soc|UART_LOADER:u_loader|write_data[26] ; CLOCK_50     ; CLOCK_50    ; 20.000       ; 0.004      ; 2.778      ;
; 17.262 ; SoC_Top:u_soc|por_n ; SoC_Top:u_soc|UART_LOADER:u_loader|instr_buf[25]  ; CLOCK_50     ; CLOCK_50    ; 20.000       ; 0.004      ; 2.778      ;
; 17.262 ; SoC_Top:u_soc|por_n ; SoC_Top:u_soc|UART_LOADER:u_loader|write_data[25] ; CLOCK_50     ; CLOCK_50    ; 20.000       ; 0.004      ; 2.778      ;
; 17.262 ; SoC_Top:u_soc|por_n ; SoC_Top:u_soc|UART_LOADER:u_loader|instr_buf[8]   ; CLOCK_50     ; CLOCK_50    ; 20.000       ; -0.001     ; 2.773      ;
; 17.262 ; SoC_Top:u_soc|por_n ; SoC_Top:u_soc|UART_LOADER:u_loader|write_data[8]  ; CLOCK_50     ; CLOCK_50    ; 20.000       ; -0.001     ; 2.773      ;
; 17.262 ; SoC_Top:u_soc|por_n ; SoC_Top:u_soc|loading_reg                         ; CLOCK_50     ; CLOCK_50    ; 20.000       ; 0.003      ; 2.777      ;
; 17.262 ; SoC_Top:u_soc|por_n ; SoC_Top:u_soc|UART_LOADER:u_loader|done           ; CLOCK_50     ; CLOCK_50    ; 20.000       ; 0.001      ; 2.775      ;
; 17.262 ; SoC_Top:u_soc|por_n ; SoC_Top:u_soc|done_latch                          ; CLOCK_50     ; CLOCK_50    ; 20.000       ; -0.001     ; 2.773      ;
; 17.263 ; SoC_Top:u_soc|por_n ; SoC_Top:u_soc|UART_RX:u_boot_rx|state.S_START     ; CLOCK_50     ; CLOCK_50    ; 20.000       ; -0.005     ; 2.768      ;
; 17.263 ; SoC_Top:u_soc|por_n ; SoC_Top:u_soc|UART_RX:u_boot_rx|bit_idx[2]        ; CLOCK_50     ; CLOCK_50    ; 20.000       ; -0.005     ; 2.768      ;
; 17.263 ; SoC_Top:u_soc|por_n ; SoC_Top:u_soc|UART_RX:u_boot_rx|state.S_IDLE      ; CLOCK_50     ; CLOCK_50    ; 20.000       ; -0.005     ; 2.768      ;
; 17.263 ; SoC_Top:u_soc|por_n ; SoC_Top:u_soc|UART_RX:u_boot_rx|clk_cnt[0]        ; CLOCK_50     ; CLOCK_50    ; 20.000       ; -0.008     ; 2.765      ;
; 17.263 ; SoC_Top:u_soc|por_n ; SoC_Top:u_soc|UART_RX:u_boot_rx|clk_cnt[1]        ; CLOCK_50     ; CLOCK_50    ; 20.000       ; -0.007     ; 2.766      ;
; 17.263 ; SoC_Top:u_soc|por_n ; SoC_Top:u_soc|UART_RX:u_boot_rx|clk_cnt[2]        ; CLOCK_50     ; CLOCK_50    ; 20.000       ; -0.008     ; 2.765      ;
; 17.263 ; SoC_Top:u_soc|por_n ; SoC_Top:u_soc|UART_RX:u_boot_rx|clk_cnt[3]        ; CLOCK_50     ; CLOCK_50    ; 20.000       ; -0.007     ; 2.766      ;
; 17.263 ; SoC_Top:u_soc|por_n ; SoC_Top:u_soc|UART_RX:u_boot_rx|clk_cnt[4]        ; CLOCK_50     ; CLOCK_50    ; 20.000       ; -0.008     ; 2.765      ;
; 17.263 ; SoC_Top:u_soc|por_n ; SoC_Top:u_soc|UART_RX:u_boot_rx|clk_cnt[5]        ; CLOCK_50     ; CLOCK_50    ; 20.000       ; -0.007     ; 2.766      ;
; 17.263 ; SoC_Top:u_soc|por_n ; SoC_Top:u_soc|UART_RX:u_boot_rx|clk_cnt[6]        ; CLOCK_50     ; CLOCK_50    ; 20.000       ; -0.007     ; 2.766      ;
; 17.263 ; SoC_Top:u_soc|por_n ; SoC_Top:u_soc|UART_RX:u_boot_rx|clk_cnt[7]        ; CLOCK_50     ; CLOCK_50    ; 20.000       ; -0.008     ; 2.765      ;
; 17.263 ; SoC_Top:u_soc|por_n ; SoC_Top:u_soc|UART_RX:u_boot_rx|clk_cnt[8]        ; CLOCK_50     ; CLOCK_50    ; 20.000       ; -0.007     ; 2.766      ;
; 17.263 ; SoC_Top:u_soc|por_n ; SoC_Top:u_soc|UART_RX:u_boot_rx|clk_cnt[9]        ; CLOCK_50     ; CLOCK_50    ; 20.000       ; -0.008     ; 2.765      ;
; 17.263 ; SoC_Top:u_soc|por_n ; SoC_Top:u_soc|UART_RX:u_boot_rx|state.S_DATA      ; CLOCK_50     ; CLOCK_50    ; 20.000       ; -0.005     ; 2.768      ;
; 17.263 ; SoC_Top:u_soc|por_n ; SoC_Top:u_soc|UART_RX:u_boot_rx|rx_shift[2]       ; CLOCK_50     ; CLOCK_50    ; 20.000       ; -0.005     ; 2.768      ;
; 17.263 ; SoC_Top:u_soc|por_n ; SoC_Top:u_soc|UART_RX:u_boot_rx|rx_data[2]        ; CLOCK_50     ; CLOCK_50    ; 20.000       ; -0.005     ; 2.768      ;
; 17.263 ; SoC_Top:u_soc|por_n ; SoC_Top:u_soc|UART_LOADER:u_loader|next_addr[2]   ; CLOCK_50     ; CLOCK_50    ; 20.000       ; -0.003     ; 2.770      ;
; 17.263 ; SoC_Top:u_soc|por_n ; SoC_Top:u_soc|UART_LOADER:u_loader|next_addr[3]   ; CLOCK_50     ; CLOCK_50    ; 20.000       ; -0.003     ; 2.770      ;
; 17.263 ; SoC_Top:u_soc|por_n ; SoC_Top:u_soc|UART_LOADER:u_loader|next_addr[4]   ; CLOCK_50     ; CLOCK_50    ; 20.000       ; -0.003     ; 2.770      ;
; 17.263 ; SoC_Top:u_soc|por_n ; SoC_Top:u_soc|UART_LOADER:u_loader|next_addr[5]   ; CLOCK_50     ; CLOCK_50    ; 20.000       ; -0.003     ; 2.770      ;
; 17.263 ; SoC_Top:u_soc|por_n ; SoC_Top:u_soc|UART_LOADER:u_loader|next_addr[6]   ; CLOCK_50     ; CLOCK_50    ; 20.000       ; -0.003     ; 2.770      ;
; 17.263 ; SoC_Top:u_soc|por_n ; SoC_Top:u_soc|UART_LOADER:u_loader|next_addr[7]   ; CLOCK_50     ; CLOCK_50    ; 20.000       ; -0.003     ; 2.770      ;
; 17.263 ; SoC_Top:u_soc|por_n ; SoC_Top:u_soc|UART_LOADER:u_loader|next_addr[8]   ; CLOCK_50     ; CLOCK_50    ; 20.000       ; -0.003     ; 2.770      ;
; 17.263 ; SoC_Top:u_soc|por_n ; SoC_Top:u_soc|UART_LOADER:u_loader|next_addr[9]   ; CLOCK_50     ; CLOCK_50    ; 20.000       ; -0.003     ; 2.770      ;
+--------+---------------------+---------------------------------------------------+--------------+-------------+--------------+------------+------------+


+-------------------------------------------------------------------------------------------------------------------------------------------------------+
; Slow Model Removal: 'CLOCK_50'                                                                                                                        ;
+-------+---------------------+---------------------------------------------------+--------------+-------------+--------------+------------+------------+
; Slack ; From Node           ; To Node                                           ; Launch Clock ; Latch Clock ; Relationship ; Clock Skew ; Data Delay ;
+-------+---------------------+---------------------------------------------------+--------------+-------------+--------------+------------+------------+
; 2.507 ; SoC_Top:u_soc|por_n ; SoC_Top:u_soc|UART_RX:u_boot_rx|state.S_START     ; CLOCK_50     ; CLOCK_50    ; 0.000        ; -0.005     ; 2.768      ;
; 2.507 ; SoC_Top:u_soc|por_n ; SoC_Top:u_soc|UART_RX:u_boot_rx|bit_idx[2]        ; CLOCK_50     ; CLOCK_50    ; 0.000        ; -0.005     ; 2.768      ;
; 2.507 ; SoC_Top:u_soc|por_n ; SoC_Top:u_soc|UART_RX:u_boot_rx|state.S_IDLE      ; CLOCK_50     ; CLOCK_50    ; 0.000        ; -0.005     ; 2.768      ;
; 2.507 ; SoC_Top:u_soc|por_n ; SoC_Top:u_soc|UART_RX:u_boot_rx|clk_cnt[0]        ; CLOCK_50     ; CLOCK_50    ; 0.000        ; -0.008     ; 2.765      ;
; 2.507 ; SoC_Top:u_soc|por_n ; SoC_Top:u_soc|UART_RX:u_boot_rx|clk_cnt[1]        ; CLOCK_50     ; CLOCK_50    ; 0.000        ; -0.007     ; 2.766      ;
; 2.507 ; SoC_Top:u_soc|por_n ; SoC_Top:u_soc|UART_RX:u_boot_rx|clk_cnt[2]        ; CLOCK_50     ; CLOCK_50    ; 0.000        ; -0.008     ; 2.765      ;
; 2.507 ; SoC_Top:u_soc|por_n ; SoC_Top:u_soc|UART_RX:u_boot_rx|clk_cnt[3]        ; CLOCK_50     ; CLOCK_50    ; 0.000        ; -0.007     ; 2.766      ;
; 2.507 ; SoC_Top:u_soc|por_n ; SoC_Top:u_soc|UART_RX:u_boot_rx|clk_cnt[4]        ; CLOCK_50     ; CLOCK_50    ; 0.000        ; -0.008     ; 2.765      ;
; 2.507 ; SoC_Top:u_soc|por_n ; SoC_Top:u_soc|UART_RX:u_boot_rx|clk_cnt[5]        ; CLOCK_50     ; CLOCK_50    ; 0.000        ; -0.007     ; 2.766      ;
; 2.507 ; SoC_Top:u_soc|por_n ; SoC_Top:u_soc|UART_RX:u_boot_rx|clk_cnt[6]        ; CLOCK_50     ; CLOCK_50    ; 0.000        ; -0.007     ; 2.766      ;
; 2.507 ; SoC_Top:u_soc|por_n ; SoC_Top:u_soc|UART_RX:u_boot_rx|clk_cnt[7]        ; CLOCK_50     ; CLOCK_50    ; 0.000        ; -0.008     ; 2.765      ;
; 2.507 ; SoC_Top:u_soc|por_n ; SoC_Top:u_soc|UART_RX:u_boot_rx|clk_cnt[8]        ; CLOCK_50     ; CLOCK_50    ; 0.000        ; -0.007     ; 2.766      ;
; 2.507 ; SoC_Top:u_soc|por_n ; SoC_Top:u_soc|UART_RX:u_boot_rx|clk_cnt[9]        ; CLOCK_50     ; CLOCK_50    ; 0.000        ; -0.008     ; 2.765      ;
; 2.507 ; SoC_Top:u_soc|por_n ; SoC_Top:u_soc|UART_RX:u_boot_rx|state.S_DATA      ; CLOCK_50     ; CLOCK_50    ; 0.000        ; -0.005     ; 2.768      ;
; 2.507 ; SoC_Top:u_soc|por_n ; SoC_Top:u_soc|UART_RX:u_boot_rx|rx_shift[2]       ; CLOCK_50     ; CLOCK_50    ; 0.000        ; -0.005     ; 2.768      ;
; 2.507 ; SoC_Top:u_soc|por_n ; SoC_Top:u_soc|UART_RX:u_boot_rx|rx_data[2]        ; CLOCK_50     ; CLOCK_50    ; 0.000        ; -0.005     ; 2.768      ;
; 2.507 ; SoC_Top:u_soc|por_n ; SoC_Top:u_soc|UART_LOADER:u_loader|next_addr[2]   ; CLOCK_50     ; CLOCK_50    ; 0.000        ; -0.003     ; 2.770      ;
; 2.507 ; SoC_Top:u_soc|por_n ; SoC_Top:u_soc|UART_LOADER:u_loader|next_addr[3]   ; CLOCK_50     ; CLOCK_50    ; 0.000        ; -0.003     ; 2.770      ;
; 2.507 ; SoC_Top:u_soc|por_n ; SoC_Top:u_soc|UART_LOADER:u_loader|next_addr[4]   ; CLOCK_50     ; CLOCK_50    ; 0.000        ; -0.003     ; 2.770      ;
; 2.507 ; SoC_Top:u_soc|por_n ; SoC_Top:u_soc|UART_LOADER:u_loader|next_addr[5]   ; CLOCK_50     ; CLOCK_50    ; 0.000        ; -0.003     ; 2.770      ;
; 2.507 ; SoC_Top:u_soc|por_n ; SoC_Top:u_soc|UART_LOADER:u_loader|next_addr[6]   ; CLOCK_50     ; CLOCK_50    ; 0.000        ; -0.003     ; 2.770      ;
; 2.507 ; SoC_Top:u_soc|por_n ; SoC_Top:u_soc|UART_LOADER:u_loader|next_addr[7]   ; CLOCK_50     ; CLOCK_50    ; 0.000        ; -0.003     ; 2.770      ;
; 2.507 ; SoC_Top:u_soc|por_n ; SoC_Top:u_soc|UART_LOADER:u_loader|next_addr[8]   ; CLOCK_50     ; CLOCK_50    ; 0.000        ; -0.003     ; 2.770      ;
; 2.507 ; SoC_Top:u_soc|por_n ; SoC_Top:u_soc|UART_LOADER:u_loader|next_addr[9]   ; CLOCK_50     ; CLOCK_50    ; 0.000        ; -0.003     ; 2.770      ;
; 2.507 ; SoC_Top:u_soc|por_n ; SoC_Top:u_soc|UART_LOADER:u_loader|next_addr[10]  ; CLOCK_50     ; CLOCK_50    ; 0.000        ; -0.003     ; 2.770      ;
; 2.507 ; SoC_Top:u_soc|por_n ; SoC_Top:u_soc|UART_LOADER:u_loader|next_addr[11]  ; CLOCK_50     ; CLOCK_50    ; 0.000        ; -0.003     ; 2.770      ;
; 2.507 ; SoC_Top:u_soc|por_n ; SoC_Top:u_soc|UART_LOADER:u_loader|write_addr[11] ; CLOCK_50     ; CLOCK_50    ; 0.000        ; -0.003     ; 2.770      ;
; 2.507 ; SoC_Top:u_soc|por_n ; SoC_Top:u_soc|UART_LOADER:u_loader|write_addr[10] ; CLOCK_50     ; CLOCK_50    ; 0.000        ; -0.003     ; 2.770      ;
; 2.507 ; SoC_Top:u_soc|por_n ; SoC_Top:u_soc|UART_LOADER:u_loader|instr_buf[0]   ; CLOCK_50     ; CLOCK_50    ; 0.000        ; 0.001      ; 2.774      ;
; 2.507 ; SoC_Top:u_soc|por_n ; SoC_Top:u_soc|UART_LOADER:u_loader|instr_buf[6]   ; CLOCK_50     ; CLOCK_50    ; 0.000        ; 0.001      ; 2.774      ;
; 2.507 ; SoC_Top:u_soc|por_n ; SoC_Top:u_soc|UART_LOADER:u_loader|write_data[6]  ; CLOCK_50     ; CLOCK_50    ; 0.000        ; 0.004      ; 2.777      ;
; 2.507 ; SoC_Top:u_soc|por_n ; SoC_Top:u_soc|UART_LOADER:u_loader|instr_buf[2]   ; CLOCK_50     ; CLOCK_50    ; 0.000        ; 0.001      ; 2.774      ;
; 2.507 ; SoC_Top:u_soc|por_n ; SoC_Top:u_soc|UART_LOADER:u_loader|write_data[2]  ; CLOCK_50     ; CLOCK_50    ; 0.000        ; 0.004      ; 2.777      ;
; 2.507 ; SoC_Top:u_soc|por_n ; SoC_Top:u_soc|UART_LOADER:u_loader|instr_buf[1]   ; CLOCK_50     ; CLOCK_50    ; 0.000        ; 0.001      ; 2.774      ;
; 2.507 ; SoC_Top:u_soc|por_n ; SoC_Top:u_soc|UART_LOADER:u_loader|write_addr[6]  ; CLOCK_50     ; CLOCK_50    ; 0.000        ; -0.003     ; 2.770      ;
; 2.507 ; SoC_Top:u_soc|por_n ; SoC_Top:u_soc|UART_LOADER:u_loader|write_addr[5]  ; CLOCK_50     ; CLOCK_50    ; 0.000        ; -0.002     ; 2.771      ;
; 2.507 ; SoC_Top:u_soc|por_n ; SoC_Top:u_soc|UART_LOADER:u_loader|write_addr[8]  ; CLOCK_50     ; CLOCK_50    ; 0.000        ; -0.003     ; 2.770      ;
; 2.507 ; SoC_Top:u_soc|por_n ; SoC_Top:u_soc|UART_LOADER:u_loader|write_addr[7]  ; CLOCK_50     ; CLOCK_50    ; 0.000        ; -0.003     ; 2.770      ;
; 2.507 ; SoC_Top:u_soc|por_n ; SoC_Top:u_soc|UART_LOADER:u_loader|write_addr[3]  ; CLOCK_50     ; CLOCK_50    ; 0.000        ; -0.002     ; 2.771      ;
; 2.507 ; SoC_Top:u_soc|por_n ; SoC_Top:u_soc|UART_LOADER:u_loader|write_addr[2]  ; CLOCK_50     ; CLOCK_50    ; 0.000        ; -0.002     ; 2.771      ;
; 2.507 ; SoC_Top:u_soc|por_n ; SoC_Top:u_soc|UART_LOADER:u_loader|write_addr[4]  ; CLOCK_50     ; CLOCK_50    ; 0.000        ; -0.002     ; 2.771      ;
; 2.507 ; SoC_Top:u_soc|por_n ; SoC_Top:u_soc|UART_LOADER:u_loader|we             ; CLOCK_50     ; CLOCK_50    ; 0.000        ; -0.002     ; 2.771      ;
; 2.507 ; SoC_Top:u_soc|por_n ; SoC_Top:u_soc|UART_LOADER:u_loader|write_addr[9]  ; CLOCK_50     ; CLOCK_50    ; 0.000        ; -0.002     ; 2.771      ;
; 2.507 ; SoC_Top:u_soc|por_n ; SoC_Top:u_soc|UART_LOADER:u_loader|instr_buf[3]   ; CLOCK_50     ; CLOCK_50    ; 0.000        ; 0.001      ; 2.774      ;
; 2.507 ; SoC_Top:u_soc|por_n ; SoC_Top:u_soc|UART_LOADER:u_loader|write_data[3]  ; CLOCK_50     ; CLOCK_50    ; 0.000        ; 0.004      ; 2.777      ;
; 2.507 ; SoC_Top:u_soc|por_n ; SoC_Top:u_soc|UART_LOADER:u_loader|write_data[23] ; CLOCK_50     ; CLOCK_50    ; 0.000        ; 0.004      ; 2.777      ;
; 2.507 ; SoC_Top:u_soc|por_n ; SoC_Top:u_soc|UART_LOADER:u_loader|instr_buf[5]   ; CLOCK_50     ; CLOCK_50    ; 0.000        ; 0.001      ; 2.774      ;
; 2.507 ; SoC_Top:u_soc|por_n ; SoC_Top:u_soc|UART_LOADER:u_loader|instr_buf[4]   ; CLOCK_50     ; CLOCK_50    ; 0.000        ; 0.001      ; 2.774      ;
; 2.507 ; SoC_Top:u_soc|por_n ; SoC_Top:u_soc|UART_LOADER:u_loader|write_data[17] ; CLOCK_50     ; CLOCK_50    ; 0.000        ; 0.004      ; 2.777      ;
; 2.507 ; SoC_Top:u_soc|por_n ; SoC_Top:u_soc|UART_LOADER:u_loader|write_data[16] ; CLOCK_50     ; CLOCK_50    ; 0.000        ; 0.004      ; 2.777      ;
; 2.507 ; SoC_Top:u_soc|por_n ; SoC_Top:u_soc|UART_LOADER:u_loader|write_data[20] ; CLOCK_50     ; CLOCK_50    ; 0.000        ; 0.004      ; 2.777      ;
; 2.507 ; SoC_Top:u_soc|por_n ; SoC_Top:u_soc|UART_LOADER:u_loader|write_data[22] ; CLOCK_50     ; CLOCK_50    ; 0.000        ; 0.004      ; 2.777      ;
; 2.507 ; SoC_Top:u_soc|por_n ; SoC_Top:u_soc|UART_LOADER:u_loader|write_data[19] ; CLOCK_50     ; CLOCK_50    ; 0.000        ; 0.004      ; 2.777      ;
; 2.507 ; SoC_Top:u_soc|por_n ; SoC_Top:u_soc|UART_LOADER:u_loader|write_data[18] ; CLOCK_50     ; CLOCK_50    ; 0.000        ; 0.004      ; 2.777      ;
; 2.507 ; SoC_Top:u_soc|por_n ; SoC_Top:u_soc|UART_LOADER:u_loader|instr_buf[7]   ; CLOCK_50     ; CLOCK_50    ; 0.000        ; 0.001      ; 2.774      ;
; 2.508 ; SoC_Top:u_soc|por_n ; SoC_Top:u_soc|UART_RX:u_boot_rx|rx_ff1            ; CLOCK_50     ; CLOCK_50    ; 0.000        ; -0.004     ; 2.770      ;
; 2.508 ; SoC_Top:u_soc|por_n ; SoC_Top:u_soc|UART_RX:u_boot_rx|rx_ff2            ; CLOCK_50     ; CLOCK_50    ; 0.000        ; -0.004     ; 2.770      ;
; 2.508 ; SoC_Top:u_soc|por_n ; SoC_Top:u_soc|UART_RX:u_boot_rx|bit_idx[0]        ; CLOCK_50     ; CLOCK_50    ; 0.000        ; -0.004     ; 2.770      ;
; 2.508 ; SoC_Top:u_soc|por_n ; SoC_Top:u_soc|UART_RX:u_boot_rx|bit_idx[1]        ; CLOCK_50     ; CLOCK_50    ; 0.000        ; -0.004     ; 2.770      ;
; 2.508 ; SoC_Top:u_soc|por_n ; SoC_Top:u_soc|UART_RX:u_boot_rx|state.S_STOP      ; CLOCK_50     ; CLOCK_50    ; 0.000        ; -0.004     ; 2.770      ;
; 2.508 ; SoC_Top:u_soc|por_n ; SoC_Top:u_soc|UART_RX:u_boot_rx|rx_valid          ; CLOCK_50     ; CLOCK_50    ; 0.000        ; 0.001      ; 2.775      ;
; 2.508 ; SoC_Top:u_soc|por_n ; SoC_Top:u_soc|UART_RX:u_boot_rx|rx_shift[3]       ; CLOCK_50     ; CLOCK_50    ; 0.000        ; 0.001      ; 2.775      ;
; 2.508 ; SoC_Top:u_soc|por_n ; SoC_Top:u_soc|UART_RX:u_boot_rx|rx_data[3]        ; CLOCK_50     ; CLOCK_50    ; 0.000        ; 0.001      ; 2.775      ;
; 2.508 ; SoC_Top:u_soc|por_n ; SoC_Top:u_soc|UART_RX:u_boot_rx|rx_shift[0]       ; CLOCK_50     ; CLOCK_50    ; 0.000        ; 0.001      ; 2.775      ;
; 2.508 ; SoC_Top:u_soc|por_n ; SoC_Top:u_soc|UART_RX:u_boot_rx|rx_data[0]        ; CLOCK_50     ; CLOCK_50    ; 0.000        ; 0.001      ; 2.775      ;
; 2.508 ; SoC_Top:u_soc|por_n ; SoC_Top:u_soc|UART_RX:u_boot_rx|rx_shift[1]       ; CLOCK_50     ; CLOCK_50    ; 0.000        ; 0.001      ; 2.775      ;
; 2.508 ; SoC_Top:u_soc|por_n ; SoC_Top:u_soc|UART_RX:u_boot_rx|rx_data[1]        ; CLOCK_50     ; CLOCK_50    ; 0.000        ; 0.001      ; 2.775      ;
; 2.508 ; SoC_Top:u_soc|por_n ; SoC_Top:u_soc|UART_RX:u_boot_rx|rx_shift[6]       ; CLOCK_50     ; CLOCK_50    ; 0.000        ; 0.001      ; 2.775      ;
; 2.508 ; SoC_Top:u_soc|por_n ; SoC_Top:u_soc|UART_RX:u_boot_rx|rx_data[6]        ; CLOCK_50     ; CLOCK_50    ; 0.000        ; 0.001      ; 2.775      ;
; 2.508 ; SoC_Top:u_soc|por_n ; SoC_Top:u_soc|UART_RX:u_boot_rx|rx_shift[4]       ; CLOCK_50     ; CLOCK_50    ; 0.000        ; 0.001      ; 2.775      ;
; 2.508 ; SoC_Top:u_soc|por_n ; SoC_Top:u_soc|UART_RX:u_boot_rx|rx_data[4]        ; CLOCK_50     ; CLOCK_50    ; 0.000        ; 0.001      ; 2.775      ;
; 2.508 ; SoC_Top:u_soc|por_n ; SoC_Top:u_soc|UART_RX:u_boot_rx|rx_shift[7]       ; CLOCK_50     ; CLOCK_50    ; 0.000        ; 0.001      ; 2.775      ;
; 2.508 ; SoC_Top:u_soc|por_n ; SoC_Top:u_soc|UART_RX:u_boot_rx|rx_data[7]        ; CLOCK_50     ; CLOCK_50    ; 0.000        ; 0.001      ; 2.775      ;
; 2.508 ; SoC_Top:u_soc|por_n ; SoC_Top:u_soc|UART_RX:u_boot_rx|rx_shift[5]       ; CLOCK_50     ; CLOCK_50    ; 0.000        ; -0.004     ; 2.770      ;
; 2.508 ; SoC_Top:u_soc|por_n ; SoC_Top:u_soc|UART_RX:u_boot_rx|rx_data[5]        ; CLOCK_50     ; CLOCK_50    ; 0.000        ; 0.001      ; 2.775      ;
; 2.508 ; SoC_Top:u_soc|por_n ; SoC_Top:u_soc|UART_LOADER:u_loader|state.S_DONE   ; CLOCK_50     ; CLOCK_50    ; 0.000        ; 0.003      ; 2.777      ;
; 2.508 ; SoC_Top:u_soc|por_n ; SoC_Top:u_soc|UART_LOADER:u_loader|state.S_IDLE   ; CLOCK_50     ; CLOCK_50    ; 0.000        ; 0.003      ; 2.777      ;
; 2.508 ; SoC_Top:u_soc|por_n ; SoC_Top:u_soc|UART_LOADER:u_loader|state.S_BYTE0  ; CLOCK_50     ; CLOCK_50    ; 0.000        ; 0.003      ; 2.777      ;
; 2.508 ; SoC_Top:u_soc|por_n ; SoC_Top:u_soc|UART_LOADER:u_loader|state.S_BYTE1  ; CLOCK_50     ; CLOCK_50    ; 0.000        ; 0.003      ; 2.777      ;
; 2.508 ; SoC_Top:u_soc|por_n ; SoC_Top:u_soc|UART_LOADER:u_loader|state.S_BYTE2  ; CLOCK_50     ; CLOCK_50    ; 0.000        ; 0.003      ; 2.777      ;
; 2.508 ; SoC_Top:u_soc|por_n ; SoC_Top:u_soc|UART_LOADER:u_loader|state.S_BYTE3  ; CLOCK_50     ; CLOCK_50    ; 0.000        ; 0.003      ; 2.777      ;
; 2.508 ; SoC_Top:u_soc|por_n ; SoC_Top:u_soc|UART_LOADER:u_loader|state.S_WRITE  ; CLOCK_50     ; CLOCK_50    ; 0.000        ; 0.003      ; 2.777      ;
; 2.508 ; SoC_Top:u_soc|por_n ; SoC_Top:u_soc|UART_LOADER:u_loader|instr_buf[28]  ; CLOCK_50     ; CLOCK_50    ; 0.000        ; 0.004      ; 2.778      ;
; 2.508 ; SoC_Top:u_soc|por_n ; SoC_Top:u_soc|UART_LOADER:u_loader|write_data[28] ; CLOCK_50     ; CLOCK_50    ; 0.000        ; 0.004      ; 2.778      ;
; 2.508 ; SoC_Top:u_soc|por_n ; SoC_Top:u_soc|UART_LOADER:u_loader|instr_buf[31]  ; CLOCK_50     ; CLOCK_50    ; 0.000        ; 0.004      ; 2.778      ;
; 2.508 ; SoC_Top:u_soc|por_n ; SoC_Top:u_soc|UART_LOADER:u_loader|write_data[31] ; CLOCK_50     ; CLOCK_50    ; 0.000        ; 0.004      ; 2.778      ;
; 2.508 ; SoC_Top:u_soc|por_n ; SoC_Top:u_soc|UART_LOADER:u_loader|instr_buf[30]  ; CLOCK_50     ; CLOCK_50    ; 0.000        ; 0.004      ; 2.778      ;
; 2.508 ; SoC_Top:u_soc|por_n ; SoC_Top:u_soc|UART_LOADER:u_loader|write_data[30] ; CLOCK_50     ; CLOCK_50    ; 0.000        ; 0.004      ; 2.778      ;
; 2.508 ; SoC_Top:u_soc|por_n ; SoC_Top:u_soc|UART_LOADER:u_loader|instr_buf[29]  ; CLOCK_50     ; CLOCK_50    ; 0.000        ; 0.004      ; 2.778      ;
; 2.508 ; SoC_Top:u_soc|por_n ; SoC_Top:u_soc|UART_LOADER:u_loader|write_data[29] ; CLOCK_50     ; CLOCK_50    ; 0.000        ; 0.004      ; 2.778      ;
; 2.508 ; SoC_Top:u_soc|por_n ; SoC_Top:u_soc|UART_LOADER:u_loader|write_data[0]  ; CLOCK_50     ; CLOCK_50    ; 0.000        ; 0.002      ; 2.776      ;
; 2.508 ; SoC_Top:u_soc|por_n ; SoC_Top:u_soc|UART_LOADER:u_loader|write_data[1]  ; CLOCK_50     ; CLOCK_50    ; 0.000        ; 0.002      ; 2.776      ;
; 2.508 ; SoC_Top:u_soc|por_n ; SoC_Top:u_soc|UART_LOADER:u_loader|instr_buf[13]  ; CLOCK_50     ; CLOCK_50    ; 0.000        ; -0.001     ; 2.773      ;
; 2.508 ; SoC_Top:u_soc|por_n ; SoC_Top:u_soc|UART_LOADER:u_loader|write_data[13] ; CLOCK_50     ; CLOCK_50    ; 0.000        ; -0.001     ; 2.773      ;
; 2.508 ; SoC_Top:u_soc|por_n ; SoC_Top:u_soc|UART_LOADER:u_loader|instr_buf[14]  ; CLOCK_50     ; CLOCK_50    ; 0.000        ; -0.001     ; 2.773      ;
; 2.508 ; SoC_Top:u_soc|por_n ; SoC_Top:u_soc|UART_LOADER:u_loader|write_data[14] ; CLOCK_50     ; CLOCK_50    ; 0.000        ; -0.001     ; 2.773      ;
; 2.508 ; SoC_Top:u_soc|por_n ; SoC_Top:u_soc|UART_LOADER:u_loader|instr_buf[12]  ; CLOCK_50     ; CLOCK_50    ; 0.000        ; -0.001     ; 2.773      ;
; 2.508 ; SoC_Top:u_soc|por_n ; SoC_Top:u_soc|UART_LOADER:u_loader|write_data[12] ; CLOCK_50     ; CLOCK_50    ; 0.000        ; -0.001     ; 2.773      ;
; 2.508 ; SoC_Top:u_soc|por_n ; SoC_Top:u_soc|UART_LOADER:u_loader|instr_buf[24]  ; CLOCK_50     ; CLOCK_50    ; 0.000        ; 0.004      ; 2.778      ;
; 2.508 ; SoC_Top:u_soc|por_n ; SoC_Top:u_soc|UART_LOADER:u_loader|write_data[24] ; CLOCK_50     ; CLOCK_50    ; 0.000        ; 0.004      ; 2.778      ;
+-------+---------------------+---------------------------------------------------+--------------+-------------+--------------+------------+------------+


+--------------------------------------------------------------------------------------------------------------------------------------------------------------------------------------------------------------------------------------------------------+
; Slow Model Minimum Pulse Width: 'CLOCK_50'                                                                                                                                                                                                             ;
+-------+--------------+----------------+------------------+----------+------------+---------------------------------------------------------------------------------------------------------------------------------------------------------------------+
; Slack ; Actual Width ; Required Width ; Type             ; Clock    ; Clock Edge ; Target                                                                                                                                                              ;
+-------+--------------+----------------+------------------+----------+------------+---------------------------------------------------------------------------------------------------------------------------------------------------------------------+
; 7.873 ; 10.000       ; 2.127          ; High Pulse Width ; CLOCK_50 ; Rise       ; SoC_Top:u_soc|Pipeline_top:u_cpu|fetch_cycle:fetch|Instruction_Memory:I_Memory|altsyncram:mem_rtl_0|altsyncram_70e1:auto_generated|ram_block1a0~porta_address_reg0  ;
; 7.873 ; 10.000       ; 2.127          ; Low Pulse Width  ; CLOCK_50 ; Rise       ; SoC_Top:u_soc|Pipeline_top:u_cpu|fetch_cycle:fetch|Instruction_Memory:I_Memory|altsyncram:mem_rtl_0|altsyncram_70e1:auto_generated|ram_block1a0~porta_address_reg0  ;
; 7.873 ; 10.000       ; 2.127          ; High Pulse Width ; CLOCK_50 ; Rise       ; SoC_Top:u_soc|Pipeline_top:u_cpu|fetch_cycle:fetch|Instruction_Memory:I_Memory|altsyncram:mem_rtl_0|altsyncram_70e1:auto_generated|ram_block1a0~porta_address_reg1  ;
; 7.873 ; 10.000       ; 2.127          ; Low Pulse Width  ; CLOCK_50 ; Rise       ; SoC_Top:u_soc|Pipeline_top:u_cpu|fetch_cycle:fetch|Instruction_Memory:I_Memory|altsyncram:mem_rtl_0|altsyncram_70e1:auto_generated|ram_block1a0~porta_address_reg1  ;
; 7.873 ; 10.000       ; 2.127          ; High Pulse Width ; CLOCK_50 ; Rise       ; SoC_Top:u_soc|Pipeline_top:u_cpu|fetch_cycle:fetch|Instruction_Memory:I_Memory|altsyncram:mem_rtl_0|altsyncram_70e1:auto_generated|ram_block1a0~porta_address_reg2  ;
; 7.873 ; 10.000       ; 2.127          ; Low Pulse Width  ; CLOCK_50 ; Rise       ; SoC_Top:u_soc|Pipeline_top:u_cpu|fetch_cycle:fetch|Instruction_Memory:I_Memory|altsyncram:mem_rtl_0|altsyncram_70e1:auto_generated|ram_block1a0~porta_address_reg2  ;
; 7.873 ; 10.000       ; 2.127          ; High Pulse Width ; CLOCK_50 ; Rise       ; SoC_Top:u_soc|Pipeline_top:u_cpu|fetch_cycle:fetch|Instruction_Memory:I_Memory|altsyncram:mem_rtl_0|altsyncram_70e1:auto_generated|ram_block1a0~porta_address_reg3  ;
; 7.873 ; 10.000       ; 2.127          ; Low Pulse Width  ; CLOCK_50 ; Rise       ; SoC_Top:u_soc|Pipeline_top:u_cpu|fetch_cycle:fetch|Instruction_Memory:I_Memory|altsyncram:mem_rtl_0|altsyncram_70e1:auto_generated|ram_block1a0~porta_address_reg3  ;
; 7.873 ; 10.000       ; 2.127          ; High Pulse Width ; CLOCK_50 ; Rise       ; SoC_Top:u_soc|Pipeline_top:u_cpu|fetch_cycle:fetch|Instruction_Memory:I_Memory|altsyncram:mem_rtl_0|altsyncram_70e1:auto_generated|ram_block1a0~porta_address_reg4  ;
; 7.873 ; 10.000       ; 2.127          ; Low Pulse Width  ; CLOCK_50 ; Rise       ; SoC_Top:u_soc|Pipeline_top:u_cpu|fetch_cycle:fetch|Instruction_Memory:I_Memory|altsyncram:mem_rtl_0|altsyncram_70e1:auto_generated|ram_block1a0~porta_address_reg4  ;
; 7.873 ; 10.000       ; 2.127          ; High Pulse Width ; CLOCK_50 ; Rise       ; SoC_Top:u_soc|Pipeline_top:u_cpu|fetch_cycle:fetch|Instruction_Memory:I_Memory|altsyncram:mem_rtl_0|altsyncram_70e1:auto_generated|ram_block1a0~porta_address_reg5  ;
; 7.873 ; 10.000       ; 2.127          ; Low Pulse Width  ; CLOCK_50 ; Rise       ; SoC_Top:u_soc|Pipeline_top:u_cpu|fetch_cycle:fetch|Instruction_Memory:I_Memory|altsyncram:mem_rtl_0|altsyncram_70e1:auto_generated|ram_block1a0~porta_address_reg5  ;
; 7.873 ; 10.000       ; 2.127          ; High Pulse Width ; CLOCK_50 ; Rise       ; SoC_Top:u_soc|Pipeline_top:u_cpu|fetch_cycle:fetch|Instruction_Memory:I_Memory|altsyncram:mem_rtl_0|altsyncram_70e1:auto_generated|ram_block1a0~porta_address_reg6  ;
; 7.873 ; 10.000       ; 2.127          ; Low Pulse Width  ; CLOCK_50 ; Rise       ; SoC_Top:u_soc|Pipeline_top:u_cpu|fetch_cycle:fetch|Instruction_Memory:I_Memory|altsyncram:mem_rtl_0|altsyncram_70e1:auto_generated|ram_block1a0~porta_address_reg6  ;
; 7.873 ; 10.000       ; 2.127          ; High Pulse Width ; CLOCK_50 ; Rise       ; SoC_Top:u_soc|Pipeline_top:u_cpu|fetch_cycle:fetch|Instruction_Memory:I_Memory|altsyncram:mem_rtl_0|altsyncram_70e1:auto_generated|ram_block1a0~porta_address_reg7  ;
; 7.873 ; 10.000       ; 2.127          ; Low Pulse Width  ; CLOCK_50 ; Rise       ; SoC_Top:u_soc|Pipeline_top:u_cpu|fetch_cycle:fetch|Instruction_Memory:I_Memory|altsyncram:mem_rtl_0|altsyncram_70e1:auto_generated|ram_block1a0~porta_address_reg7  ;
; 7.873 ; 10.000       ; 2.127          ; High Pulse Width ; CLOCK_50 ; Rise       ; SoC_Top:u_soc|Pipeline_top:u_cpu|fetch_cycle:fetch|Instruction_Memory:I_Memory|altsyncram:mem_rtl_0|altsyncram_70e1:auto_generated|ram_block1a0~porta_address_reg8  ;
; 7.873 ; 10.000       ; 2.127          ; Low Pulse Width  ; CLOCK_50 ; Rise       ; SoC_Top:u_soc|Pipeline_top:u_cpu|fetch_cycle:fetch|Instruction_Memory:I_Memory|altsyncram:mem_rtl_0|altsyncram_70e1:auto_generated|ram_block1a0~porta_address_reg8  ;
; 7.873 ; 10.000       ; 2.127          ; High Pulse Width ; CLOCK_50 ; Rise       ; SoC_Top:u_soc|Pipeline_top:u_cpu|fetch_cycle:fetch|Instruction_Memory:I_Memory|altsyncram:mem_rtl_0|altsyncram_70e1:auto_generated|ram_block1a0~porta_address_reg9  ;
; 7.873 ; 10.000       ; 2.127          ; Low Pulse Width  ; CLOCK_50 ; Rise       ; SoC_Top:u_soc|Pipeline_top:u_cpu|fetch_cycle:fetch|Instruction_Memory:I_Memory|altsyncram:mem_rtl_0|altsyncram_70e1:auto_generated|ram_block1a0~porta_address_reg9  ;
; 7.873 ; 10.000       ; 2.127          ; High Pulse Width ; CLOCK_50 ; Rise       ; SoC_Top:u_soc|Pipeline_top:u_cpu|fetch_cycle:fetch|Instruction_Memory:I_Memory|altsyncram:mem_rtl_0|altsyncram_70e1:auto_generated|ram_block1a0~porta_datain_reg0   ;
; 7.873 ; 10.000       ; 2.127          ; Low Pulse Width  ; CLOCK_50 ; Rise       ; SoC_Top:u_soc|Pipeline_top:u_cpu|fetch_cycle:fetch|Instruction_Memory:I_Memory|altsyncram:mem_rtl_0|altsyncram_70e1:auto_generated|ram_block1a0~porta_datain_reg0   ;
; 7.873 ; 10.000       ; 2.127          ; High Pulse Width ; CLOCK_50 ; Rise       ; SoC_Top:u_soc|Pipeline_top:u_cpu|fetch_cycle:fetch|Instruction_Memory:I_Memory|altsyncram:mem_rtl_0|altsyncram_70e1:auto_generated|ram_block1a0~porta_datain_reg1   ;
; 7.873 ; 10.000       ; 2.127          ; Low Pulse Width  ; CLOCK_50 ; Rise       ; SoC_Top:u_soc|Pipeline_top:u_cpu|fetch_cycle:fetch|Instruction_Memory:I_Memory|altsyncram:mem_rtl_0|altsyncram_70e1:auto_generated|ram_block1a0~porta_datain_reg1   ;
; 7.873 ; 10.000       ; 2.127          ; High Pulse Width ; CLOCK_50 ; Rise       ; SoC_Top:u_soc|Pipeline_top:u_cpu|fetch_cycle:fetch|Instruction_Memory:I_Memory|altsyncram:mem_rtl_0|altsyncram_70e1:auto_generated|ram_block1a0~porta_datain_reg2   ;
; 7.873 ; 10.000       ; 2.127          ; Low Pulse Width  ; CLOCK_50 ; Rise       ; SoC_Top:u_soc|Pipeline_top:u_cpu|fetch_cycle:fetch|Instruction_Memory:I_Memory|altsyncram:mem_rtl_0|altsyncram_70e1:auto_generated|ram_block1a0~porta_datain_reg2   ;
; 7.873 ; 10.000       ; 2.127          ; High Pulse Width ; CLOCK_50 ; Rise       ; SoC_Top:u_soc|Pipeline_top:u_cpu|fetch_cycle:fetch|Instruction_Memory:I_Memory|altsyncram:mem_rtl_0|altsyncram_70e1:auto_generated|ram_block1a0~porta_datain_reg3   ;
; 7.873 ; 10.000       ; 2.127          ; Low Pulse Width  ; CLOCK_50 ; Rise       ; SoC_Top:u_soc|Pipeline_top:u_cpu|fetch_cycle:fetch|Instruction_Memory:I_Memory|altsyncram:mem_rtl_0|altsyncram_70e1:auto_generated|ram_block1a0~porta_datain_reg3   ;
; 7.873 ; 10.000       ; 2.127          ; High Pulse Width ; CLOCK_50 ; Rise       ; SoC_Top:u_soc|Pipeline_top:u_cpu|fetch_cycle:fetch|Instruction_Memory:I_Memory|altsyncram:mem_rtl_0|altsyncram_70e1:auto_generated|ram_block1a0~porta_memory_reg0   ;
; 7.873 ; 10.000       ; 2.127          ; Low Pulse Width  ; CLOCK_50 ; Rise       ; SoC_Top:u_soc|Pipeline_top:u_cpu|fetch_cycle:fetch|Instruction_Memory:I_Memory|altsyncram:mem_rtl_0|altsyncram_70e1:auto_generated|ram_block1a0~porta_memory_reg0   ;
; 7.873 ; 10.000       ; 2.127          ; High Pulse Width ; CLOCK_50 ; Rise       ; SoC_Top:u_soc|Pipeline_top:u_cpu|fetch_cycle:fetch|Instruction_Memory:I_Memory|altsyncram:mem_rtl_0|altsyncram_70e1:auto_generated|ram_block1a0~porta_we_reg        ;
; 7.873 ; 10.000       ; 2.127          ; Low Pulse Width  ; CLOCK_50 ; Rise       ; SoC_Top:u_soc|Pipeline_top:u_cpu|fetch_cycle:fetch|Instruction_Memory:I_Memory|altsyncram:mem_rtl_0|altsyncram_70e1:auto_generated|ram_block1a0~porta_we_reg        ;
; 7.873 ; 10.000       ; 2.127          ; High Pulse Width ; CLOCK_50 ; Rise       ; SoC_Top:u_soc|Pipeline_top:u_cpu|fetch_cycle:fetch|Instruction_Memory:I_Memory|altsyncram:mem_rtl_0|altsyncram_70e1:auto_generated|ram_block1a0~portb_address_reg0  ;
; 7.873 ; 10.000       ; 2.127          ; Low Pulse Width  ; CLOCK_50 ; Rise       ; SoC_Top:u_soc|Pipeline_top:u_cpu|fetch_cycle:fetch|Instruction_Memory:I_Memory|altsyncram:mem_rtl_0|altsyncram_70e1:auto_generated|ram_block1a0~portb_address_reg0  ;
; 7.873 ; 10.000       ; 2.127          ; High Pulse Width ; CLOCK_50 ; Rise       ; SoC_Top:u_soc|Pipeline_top:u_cpu|fetch_cycle:fetch|Instruction_Memory:I_Memory|altsyncram:mem_rtl_0|altsyncram_70e1:auto_generated|ram_block1a0~portb_address_reg1  ;
; 7.873 ; 10.000       ; 2.127          ; Low Pulse Width  ; CLOCK_50 ; Rise       ; SoC_Top:u_soc|Pipeline_top:u_cpu|fetch_cycle:fetch|Instruction_Memory:I_Memory|altsyncram:mem_rtl_0|altsyncram_70e1:auto_generated|ram_block1a0~portb_address_reg1  ;
; 7.873 ; 10.000       ; 2.127          ; High Pulse Width ; CLOCK_50 ; Rise       ; SoC_Top:u_soc|Pipeline_top:u_cpu|fetch_cycle:fetch|Instruction_Memory:I_Memory|altsyncram:mem_rtl_0|altsyncram_70e1:auto_generated|ram_block1a0~portb_address_reg2  ;
; 7.873 ; 10.000       ; 2.127          ; Low Pulse Width  ; CLOCK_50 ; Rise       ; SoC_Top:u_soc|Pipeline_top:u_cpu|fetch_cycle:fetch|Instruction_Memory:I_Memory|altsyncram:mem_rtl_0|altsyncram_70e1:auto_generated|ram_block1a0~portb_address_reg2  ;
; 7.873 ; 10.000       ; 2.127          ; High Pulse Width ; CLOCK_50 ; Rise       ; SoC_Top:u_soc|Pipeline_top:u_cpu|fetch_cycle:fetch|Instruction_Memory:I_Memory|altsyncram:mem_rtl_0|altsyncram_70e1:auto_generated|ram_block1a0~portb_address_reg3  ;
; 7.873 ; 10.000       ; 2.127          ; Low Pulse Width  ; CLOCK_50 ; Rise       ; SoC_Top:u_soc|Pipeline_top:u_cpu|fetch_cycle:fetch|Instruction_Memory:I_Memory|altsyncram:mem_rtl_0|altsyncram_70e1:auto_generated|ram_block1a0~portb_address_reg3  ;
; 7.873 ; 10.000       ; 2.127          ; High Pulse Width ; CLOCK_50 ; Rise       ; SoC_Top:u_soc|Pipeline_top:u_cpu|fetch_cycle:fetch|Instruction_Memory:I_Memory|altsyncram:mem_rtl_0|altsyncram_70e1:auto_generated|ram_block1a0~portb_address_reg4  ;
; 7.873 ; 10.000       ; 2.127          ; Low Pulse Width  ; CLOCK_50 ; Rise       ; SoC_Top:u_soc|Pipeline_top:u_cpu|fetch_cycle:fetch|Instruction_Memory:I_Memory|altsyncram:mem_rtl_0|altsyncram_70e1:auto_generated|ram_block1a0~portb_address_reg4  ;
; 7.873 ; 10.000       ; 2.127          ; High Pulse Width ; CLOCK_50 ; Rise       ; SoC_Top:u_soc|Pipeline_top:u_cpu|fetch_cycle:fetch|Instruction_Memory:I_Memory|altsyncram:mem_rtl_0|altsyncram_70e1:auto_generated|ram_block1a0~portb_address_reg5  ;
; 7.873 ; 10.000       ; 2.127          ; Low Pulse Width  ; CLOCK_50 ; Rise       ; SoC_Top:u_soc|Pipeline_top:u_cpu|fetch_cycle:fetch|Instruction_Memory:I_Memory|altsyncram:mem_rtl_0|altsyncram_70e1:auto_generated|ram_block1a0~portb_address_reg5  ;
; 7.873 ; 10.000       ; 2.127          ; High Pulse Width ; CLOCK_50 ; Rise       ; SoC_Top:u_soc|Pipeline_top:u_cpu|fetch_cycle:fetch|Instruction_Memory:I_Memory|altsyncram:mem_rtl_0|altsyncram_70e1:auto_generated|ram_block1a0~portb_address_reg6  ;
; 7.873 ; 10.000       ; 2.127          ; Low Pulse Width  ; CLOCK_50 ; Rise       ; SoC_Top:u_soc|Pipeline_top:u_cpu|fetch_cycle:fetch|Instruction_Memory:I_Memory|altsyncram:mem_rtl_0|altsyncram_70e1:auto_generated|ram_block1a0~portb_address_reg6  ;
; 7.873 ; 10.000       ; 2.127          ; High Pulse Width ; CLOCK_50 ; Rise       ; SoC_Top:u_soc|Pipeline_top:u_cpu|fetch_cycle:fetch|Instruction_Memory:I_Memory|altsyncram:mem_rtl_0|altsyncram_70e1:auto_generated|ram_block1a0~portb_address_reg7  ;
; 7.873 ; 10.000       ; 2.127          ; Low Pulse Width  ; CLOCK_50 ; Rise       ; SoC_Top:u_soc|Pipeline_top:u_cpu|fetch_cycle:fetch|Instruction_Memory:I_Memory|altsyncram:mem_rtl_0|altsyncram_70e1:auto_generated|ram_block1a0~portb_address_reg7  ;
; 7.873 ; 10.000       ; 2.127          ; High Pulse Width ; CLOCK_50 ; Rise       ; SoC_Top:u_soc|Pipeline_top:u_cpu|fetch_cycle:fetch|Instruction_Memory:I_Memory|altsyncram:mem_rtl_0|altsyncram_70e1:auto_generated|ram_block1a0~portb_address_reg8  ;
; 7.873 ; 10.000       ; 2.127          ; Low Pulse Width  ; CLOCK_50 ; Rise       ; SoC_Top:u_soc|Pipeline_top:u_cpu|fetch_cycle:fetch|Instruction_Memory:I_Memory|altsyncram:mem_rtl_0|altsyncram_70e1:auto_generated|ram_block1a0~portb_address_reg8  ;
; 7.873 ; 10.000       ; 2.127          ; High Pulse Width ; CLOCK_50 ; Rise       ; SoC_Top:u_soc|Pipeline_top:u_cpu|fetch_cycle:fetch|Instruction_Memory:I_Memory|altsyncram:mem_rtl_0|altsyncram_70e1:auto_generated|ram_block1a0~portb_address_reg9  ;
; 7.873 ; 10.000       ; 2.127          ; Low Pulse Width  ; CLOCK_50 ; Rise       ; SoC_Top:u_soc|Pipeline_top:u_cpu|fetch_cycle:fetch|Instruction_Memory:I_Memory|altsyncram:mem_rtl_0|altsyncram_70e1:auto_generated|ram_block1a0~portb_address_reg9  ;
; 7.873 ; 10.000       ; 2.127          ; High Pulse Width ; CLOCK_50 ; Rise       ; SoC_Top:u_soc|Pipeline_top:u_cpu|fetch_cycle:fetch|Instruction_Memory:I_Memory|altsyncram:mem_rtl_0|altsyncram_70e1:auto_generated|ram_block1a10~porta_memory_reg0  ;
; 7.873 ; 10.000       ; 2.127          ; Low Pulse Width  ; CLOCK_50 ; Rise       ; SoC_Top:u_soc|Pipeline_top:u_cpu|fetch_cycle:fetch|Instruction_Memory:I_Memory|altsyncram:mem_rtl_0|altsyncram_70e1:auto_generated|ram_block1a10~porta_memory_reg0  ;
; 7.873 ; 10.000       ; 2.127          ; High Pulse Width ; CLOCK_50 ; Rise       ; SoC_Top:u_soc|Pipeline_top:u_cpu|fetch_cycle:fetch|Instruction_Memory:I_Memory|altsyncram:mem_rtl_0|altsyncram_70e1:auto_generated|ram_block1a11~porta_memory_reg0  ;
; 7.873 ; 10.000       ; 2.127          ; Low Pulse Width  ; CLOCK_50 ; Rise       ; SoC_Top:u_soc|Pipeline_top:u_cpu|fetch_cycle:fetch|Instruction_Memory:I_Memory|altsyncram:mem_rtl_0|altsyncram_70e1:auto_generated|ram_block1a11~porta_memory_reg0  ;
; 7.873 ; 10.000       ; 2.127          ; High Pulse Width ; CLOCK_50 ; Rise       ; SoC_Top:u_soc|Pipeline_top:u_cpu|fetch_cycle:fetch|Instruction_Memory:I_Memory|altsyncram:mem_rtl_0|altsyncram_70e1:auto_generated|ram_block1a12~porta_memory_reg0  ;
; 7.873 ; 10.000       ; 2.127          ; Low Pulse Width  ; CLOCK_50 ; Rise       ; SoC_Top:u_soc|Pipeline_top:u_cpu|fetch_cycle:fetch|Instruction_Memory:I_Memory|altsyncram:mem_rtl_0|altsyncram_70e1:auto_generated|ram_block1a12~porta_memory_reg0  ;
; 7.873 ; 10.000       ; 2.127          ; High Pulse Width ; CLOCK_50 ; Rise       ; SoC_Top:u_soc|Pipeline_top:u_cpu|fetch_cycle:fetch|Instruction_Memory:I_Memory|altsyncram:mem_rtl_0|altsyncram_70e1:auto_generated|ram_block1a13~porta_memory_reg0  ;
; 7.873 ; 10.000       ; 2.127          ; Low Pulse Width  ; CLOCK_50 ; Rise       ; SoC_Top:u_soc|Pipeline_top:u_cpu|fetch_cycle:fetch|Instruction_Memory:I_Memory|altsyncram:mem_rtl_0|altsyncram_70e1:auto_generated|ram_block1a13~porta_memory_reg0  ;
; 7.873 ; 10.000       ; 2.127          ; High Pulse Width ; CLOCK_50 ; Rise       ; SoC_Top:u_soc|Pipeline_top:u_cpu|fetch_cycle:fetch|Instruction_Memory:I_Memory|altsyncram:mem_rtl_0|altsyncram_70e1:auto_generated|ram_block1a14~porta_memory_reg0  ;
; 7.873 ; 10.000       ; 2.127          ; Low Pulse Width  ; CLOCK_50 ; Rise       ; SoC_Top:u_soc|Pipeline_top:u_cpu|fetch_cycle:fetch|Instruction_Memory:I_Memory|altsyncram:mem_rtl_0|altsyncram_70e1:auto_generated|ram_block1a14~porta_memory_reg0  ;
; 7.873 ; 10.000       ; 2.127          ; High Pulse Width ; CLOCK_50 ; Rise       ; SoC_Top:u_soc|Pipeline_top:u_cpu|fetch_cycle:fetch|Instruction_Memory:I_Memory|altsyncram:mem_rtl_0|altsyncram_70e1:auto_generated|ram_block1a15~porta_address_reg0 ;
; 7.873 ; 10.000       ; 2.127          ; Low Pulse Width  ; CLOCK_50 ; Rise       ; SoC_Top:u_soc|Pipeline_top:u_cpu|fetch_cycle:fetch|Instruction_Memory:I_Memory|altsyncram:mem_rtl_0|altsyncram_70e1:auto_generated|ram_block1a15~porta_address_reg0 ;
; 7.873 ; 10.000       ; 2.127          ; High Pulse Width ; CLOCK_50 ; Rise       ; SoC_Top:u_soc|Pipeline_top:u_cpu|fetch_cycle:fetch|Instruction_Memory:I_Memory|altsyncram:mem_rtl_0|altsyncram_70e1:auto_generated|ram_block1a15~porta_address_reg1 ;
; 7.873 ; 10.000       ; 2.127          ; Low Pulse Width  ; CLOCK_50 ; Rise       ; SoC_Top:u_soc|Pipeline_top:u_cpu|fetch_cycle:fetch|Instruction_Memory:I_Memory|altsyncram:mem_rtl_0|altsyncram_70e1:auto_generated|ram_block1a15~porta_address_reg1 ;
; 7.873 ; 10.000       ; 2.127          ; High Pulse Width ; CLOCK_50 ; Rise       ; SoC_Top:u_soc|Pipeline_top:u_cpu|fetch_cycle:fetch|Instruction_Memory:I_Memory|altsyncram:mem_rtl_0|altsyncram_70e1:auto_generated|ram_block1a15~porta_address_reg2 ;
; 7.873 ; 10.000       ; 2.127          ; Low Pulse Width  ; CLOCK_50 ; Rise       ; SoC_Top:u_soc|Pipeline_top:u_cpu|fetch_cycle:fetch|Instruction_Memory:I_Memory|altsyncram:mem_rtl_0|altsyncram_70e1:auto_generated|ram_block1a15~porta_address_reg2 ;
; 7.873 ; 10.000       ; 2.127          ; High Pulse Width ; CLOCK_50 ; Rise       ; SoC_Top:u_soc|Pipeline_top:u_cpu|fetch_cycle:fetch|Instruction_Memory:I_Memory|altsyncram:mem_rtl_0|altsyncram_70e1:auto_generated|ram_block1a15~porta_address_reg3 ;
; 7.873 ; 10.000       ; 2.127          ; Low Pulse Width  ; CLOCK_50 ; Rise       ; SoC_Top:u_soc|Pipeline_top:u_cpu|fetch_cycle:fetch|Instruction_Memory:I_Memory|altsyncram:mem_rtl_0|altsyncram_70e1:auto_generated|ram_block1a15~porta_address_reg3 ;
; 7.873 ; 10.000       ; 2.127          ; High Pulse Width ; CLOCK_50 ; Rise       ; SoC_Top:u_soc|Pipeline_top:u_cpu|fetch_cycle:fetch|Instruction_Memory:I_Memory|altsyncram:mem_rtl_0|altsyncram_70e1:auto_generated|ram_block1a15~porta_address_reg4 ;
; 7.873 ; 10.000       ; 2.127          ; Low Pulse Width  ; CLOCK_50 ; Rise       ; SoC_Top:u_soc|Pipeline_top:u_cpu|fetch_cycle:fetch|Instruction_Memory:I_Memory|altsyncram:mem_rtl_0|altsyncram_70e1:auto_generated|ram_block1a15~porta_address_reg4 ;
; 7.873 ; 10.000       ; 2.127          ; High Pulse Width ; CLOCK_50 ; Rise       ; SoC_Top:u_soc|Pipeline_top:u_cpu|fetch_cycle:fetch|Instruction_Memory:I_Memory|altsyncram:mem_rtl_0|altsyncram_70e1:auto_generated|ram_block1a15~porta_address_reg5 ;
; 7.873 ; 10.000       ; 2.127          ; Low Pulse Width  ; CLOCK_50 ; Rise       ; SoC_Top:u_soc|Pipeline_top:u_cpu|fetch_cycle:fetch|Instruction_Memory:I_Memory|altsyncram:mem_rtl_0|altsyncram_70e1:auto_generated|ram_block1a15~porta_address_reg5 ;
; 7.873 ; 10.000       ; 2.127          ; High Pulse Width ; CLOCK_50 ; Rise       ; SoC_Top:u_soc|Pipeline_top:u_cpu|fetch_cycle:fetch|Instruction_Memory:I_Memory|altsyncram:mem_rtl_0|altsyncram_70e1:auto_generated|ram_block1a15~porta_address_reg6 ;
; 7.873 ; 10.000       ; 2.127          ; Low Pulse Width  ; CLOCK_50 ; Rise       ; SoC_Top:u_soc|Pipeline_top:u_cpu|fetch_cycle:fetch|Instruction_Memory:I_Memory|altsyncram:mem_rtl_0|altsyncram_70e1:auto_generated|ram_block1a15~porta_address_reg6 ;
; 7.873 ; 10.000       ; 2.127          ; High Pulse Width ; CLOCK_50 ; Rise       ; SoC_Top:u_soc|Pipeline_top:u_cpu|fetch_cycle:fetch|Instruction_Memory:I_Memory|altsyncram:mem_rtl_0|altsyncram_70e1:auto_generated|ram_block1a15~porta_address_reg7 ;
; 7.873 ; 10.000       ; 2.127          ; Low Pulse Width  ; CLOCK_50 ; Rise       ; SoC_Top:u_soc|Pipeline_top:u_cpu|fetch_cycle:fetch|Instruction_Memory:I_Memory|altsyncram:mem_rtl_0|altsyncram_70e1:auto_generated|ram_block1a15~porta_address_reg7 ;
; 7.873 ; 10.000       ; 2.127          ; High Pulse Width ; CLOCK_50 ; Rise       ; SoC_Top:u_soc|Pipeline_top:u_cpu|fetch_cycle:fetch|Instruction_Memory:I_Memory|altsyncram:mem_rtl_0|altsyncram_70e1:auto_generated|ram_block1a15~porta_address_reg8 ;
; 7.873 ; 10.000       ; 2.127          ; Low Pulse Width  ; CLOCK_50 ; Rise       ; SoC_Top:u_soc|Pipeline_top:u_cpu|fetch_cycle:fetch|Instruction_Memory:I_Memory|altsyncram:mem_rtl_0|altsyncram_70e1:auto_generated|ram_block1a15~porta_address_reg8 ;
; 7.873 ; 10.000       ; 2.127          ; High Pulse Width ; CLOCK_50 ; Rise       ; SoC_Top:u_soc|Pipeline_top:u_cpu|fetch_cycle:fetch|Instruction_Memory:I_Memory|altsyncram:mem_rtl_0|altsyncram_70e1:auto_generated|ram_block1a15~porta_address_reg9 ;
; 7.873 ; 10.000       ; 2.127          ; Low Pulse Width  ; CLOCK_50 ; Rise       ; SoC_Top:u_soc|Pipeline_top:u_cpu|fetch_cycle:fetch|Instruction_Memory:I_Memory|altsyncram:mem_rtl_0|altsyncram_70e1:auto_generated|ram_block1a15~porta_address_reg9 ;
; 7.873 ; 10.000       ; 2.127          ; High Pulse Width ; CLOCK_50 ; Rise       ; SoC_Top:u_soc|Pipeline_top:u_cpu|fetch_cycle:fetch|Instruction_Memory:I_Memory|altsyncram:mem_rtl_0|altsyncram_70e1:auto_generated|ram_block1a15~porta_datain_reg0  ;
; 7.873 ; 10.000       ; 2.127          ; Low Pulse Width  ; CLOCK_50 ; Rise       ; SoC_Top:u_soc|Pipeline_top:u_cpu|fetch_cycle:fetch|Instruction_Memory:I_Memory|altsyncram:mem_rtl_0|altsyncram_70e1:auto_generated|ram_block1a15~porta_datain_reg0  ;
; 7.873 ; 10.000       ; 2.127          ; High Pulse Width ; CLOCK_50 ; Rise       ; SoC_Top:u_soc|Pipeline_top:u_cpu|fetch_cycle:fetch|Instruction_Memory:I_Memory|altsyncram:mem_rtl_0|altsyncram_70e1:auto_generated|ram_block1a15~porta_datain_reg1  ;
; 7.873 ; 10.000       ; 2.127          ; Low Pulse Width  ; CLOCK_50 ; Rise       ; SoC_Top:u_soc|Pipeline_top:u_cpu|fetch_cycle:fetch|Instruction_Memory:I_Memory|altsyncram:mem_rtl_0|altsyncram_70e1:auto_generated|ram_block1a15~porta_datain_reg1  ;
; 7.873 ; 10.000       ; 2.127          ; High Pulse Width ; CLOCK_50 ; Rise       ; SoC_Top:u_soc|Pipeline_top:u_cpu|fetch_cycle:fetch|Instruction_Memory:I_Memory|altsyncram:mem_rtl_0|altsyncram_70e1:auto_generated|ram_block1a15~porta_datain_reg2  ;
; 7.873 ; 10.000       ; 2.127          ; Low Pulse Width  ; CLOCK_50 ; Rise       ; SoC_Top:u_soc|Pipeline_top:u_cpu|fetch_cycle:fetch|Instruction_Memory:I_Memory|altsyncram:mem_rtl_0|altsyncram_70e1:auto_generated|ram_block1a15~porta_datain_reg2  ;
; 7.873 ; 10.000       ; 2.127          ; High Pulse Width ; CLOCK_50 ; Rise       ; SoC_Top:u_soc|Pipeline_top:u_cpu|fetch_cycle:fetch|Instruction_Memory:I_Memory|altsyncram:mem_rtl_0|altsyncram_70e1:auto_generated|ram_block1a15~porta_datain_reg3  ;
; 7.873 ; 10.000       ; 2.127          ; Low Pulse Width  ; CLOCK_50 ; Rise       ; SoC_Top:u_soc|Pipeline_top:u_cpu|fetch_cycle:fetch|Instruction_Memory:I_Memory|altsyncram:mem_rtl_0|altsyncram_70e1:auto_generated|ram_block1a15~porta_datain_reg3  ;
; 7.873 ; 10.000       ; 2.127          ; High Pulse Width ; CLOCK_50 ; Rise       ; SoC_Top:u_soc|Pipeline_top:u_cpu|fetch_cycle:fetch|Instruction_Memory:I_Memory|altsyncram:mem_rtl_0|altsyncram_70e1:auto_generated|ram_block1a15~porta_memory_reg0  ;
; 7.873 ; 10.000       ; 2.127          ; Low Pulse Width  ; CLOCK_50 ; Rise       ; SoC_Top:u_soc|Pipeline_top:u_cpu|fetch_cycle:fetch|Instruction_Memory:I_Memory|altsyncram:mem_rtl_0|altsyncram_70e1:auto_generated|ram_block1a15~porta_memory_reg0  ;
; 7.873 ; 10.000       ; 2.127          ; High Pulse Width ; CLOCK_50 ; Rise       ; SoC_Top:u_soc|Pipeline_top:u_cpu|fetch_cycle:fetch|Instruction_Memory:I_Memory|altsyncram:mem_rtl_0|altsyncram_70e1:auto_generated|ram_block1a15~porta_we_reg       ;
; 7.873 ; 10.000       ; 2.127          ; Low Pulse Width  ; CLOCK_50 ; Rise       ; SoC_Top:u_soc|Pipeline_top:u_cpu|fetch_cycle:fetch|Instruction_Memory:I_Memory|altsyncram:mem_rtl_0|altsyncram_70e1:auto_generated|ram_block1a15~porta_we_reg       ;
; 7.873 ; 10.000       ; 2.127          ; High Pulse Width ; CLOCK_50 ; Rise       ; SoC_Top:u_soc|Pipeline_top:u_cpu|fetch_cycle:fetch|Instruction_Memory:I_Memory|altsyncram:mem_rtl_0|altsyncram_70e1:auto_generated|ram_block1a15~portb_address_reg0 ;
; 7.873 ; 10.000       ; 2.127          ; Low Pulse Width  ; CLOCK_50 ; Rise       ; SoC_Top:u_soc|Pipeline_top:u_cpu|fetch_cycle:fetch|Instruction_Memory:I_Memory|altsyncram:mem_rtl_0|altsyncram_70e1:auto_generated|ram_block1a15~portb_address_reg0 ;
; 7.873 ; 10.000       ; 2.127          ; High Pulse Width ; CLOCK_50 ; Rise       ; SoC_Top:u_soc|Pipeline_top:u_cpu|fetch_cycle:fetch|Instruction_Memory:I_Memory|altsyncram:mem_rtl_0|altsyncram_70e1:auto_generated|ram_block1a15~portb_address_reg1 ;
; 7.873 ; 10.000       ; 2.127          ; Low Pulse Width  ; CLOCK_50 ; Rise       ; SoC_Top:u_soc|Pipeline_top:u_cpu|fetch_cycle:fetch|Instruction_Memory:I_Memory|altsyncram:mem_rtl_0|altsyncram_70e1:auto_generated|ram_block1a15~portb_address_reg1 ;
; 7.873 ; 10.000       ; 2.127          ; High Pulse Width ; CLOCK_50 ; Rise       ; SoC_Top:u_soc|Pipeline_top:u_cpu|fetch_cycle:fetch|Instruction_Memory:I_Memory|altsyncram:mem_rtl_0|altsyncram_70e1:auto_generated|ram_block1a15~portb_address_reg2 ;
; 7.873 ; 10.000       ; 2.127          ; Low Pulse Width  ; CLOCK_50 ; Rise       ; SoC_Top:u_soc|Pipeline_top:u_cpu|fetch_cycle:fetch|Instruction_Memory:I_Memory|altsyncram:mem_rtl_0|altsyncram_70e1:auto_generated|ram_block1a15~portb_address_reg2 ;
+-------+--------------+----------------+------------------+----------+------------+---------------------------------------------------------------------------------------------------------------------------------------------------------------------+


+-----------------------------------------------------------------------+
; Setup Times                                                           ;
+-----------+------------+-------+-------+------------+-----------------+
; Data Port ; Clock Port ; Rise  ; Fall  ; Clock Edge ; Clock Reference ;
+-----------+------------+-------+-------+------------+-----------------+
; KEY[*]    ; CLOCK_50   ; 7.250 ; 7.250 ; Rise       ; CLOCK_50        ;
;  KEY[0]   ; CLOCK_50   ; 6.626 ; 6.626 ; Rise       ; CLOCK_50        ;
;  KEY[1]   ; CLOCK_50   ; 6.242 ; 6.242 ; Rise       ; CLOCK_50        ;
;  KEY[2]   ; CLOCK_50   ; 6.342 ; 6.342 ; Rise       ; CLOCK_50        ;
;  KEY[3]   ; CLOCK_50   ; 7.250 ; 7.250 ; Rise       ; CLOCK_50        ;
+-----------+------------+-------+-------+------------+-----------------+


+-------------------------------------------------------------------------+
; Hold Times                                                              ;
+-----------+------------+--------+--------+------------+-----------------+
; Data Port ; Clock Port ; Rise   ; Fall   ; Clock Edge ; Clock Reference ;
+-----------+------------+--------+--------+------------+-----------------+
; KEY[*]    ; CLOCK_50   ; -3.978 ; -3.978 ; Rise       ; CLOCK_50        ;
;  KEY[0]   ; CLOCK_50   ; -4.335 ; -4.335 ; Rise       ; CLOCK_50        ;
;  KEY[1]   ; CLOCK_50   ; -4.194 ; -4.194 ; Rise       ; CLOCK_50        ;
;  KEY[2]   ; CLOCK_50   ; -4.316 ; -4.316 ; Rise       ; CLOCK_50        ;
;  KEY[3]   ; CLOCK_50   ; -3.978 ; -3.978 ; Rise       ; CLOCK_50        ;
+-----------+------------+--------+--------+------------+-----------------+


+--------------------------------------------------------------+
; Propagation Delay                                            ;
+------------+-------------+--------+--------+--------+--------+
; Input Port ; Output Port ; RR     ; RF     ; FR     ; FF     ;
+------------+-------------+--------+--------+--------+--------+
; SW[0]      ; HEX4[0]     ; 8.031  ; 8.031  ; 8.031  ; 8.031  ;
; SW[0]      ; HEX4[1]     ; 8.404  ; 8.404  ; 8.404  ; 8.404  ;
; SW[0]      ; HEX4[2]     ;        ; 8.404  ; 8.404  ;        ;
; SW[0]      ; HEX4[3]     ; 8.094  ; 8.094  ; 8.094  ; 8.094  ;
; SW[0]      ; HEX4[4]     ; 7.875  ;        ;        ; 7.875  ;
; SW[0]      ; HEX4[5]     ; 7.627  ;        ;        ; 7.627  ;
; SW[0]      ; HEX4[6]     ; 8.107  ; 8.107  ; 8.107  ; 8.107  ;
; SW[1]      ; HEX4[0]     ; 7.968  ; 7.968  ; 7.968  ; 7.968  ;
; SW[1]      ; HEX4[1]     ; 7.811  ; 7.811  ; 7.811  ; 7.811  ;
; SW[1]      ; HEX4[2]     ; 8.345  ;        ;        ; 8.345  ;
; SW[1]      ; HEX4[3]     ; 7.496  ; 7.496  ; 7.496  ; 7.496  ;
; SW[1]      ; HEX4[4]     ;        ; 7.289  ; 7.289  ;        ;
; SW[1]      ; HEX4[5]     ; 7.041  ; 7.041  ; 7.041  ; 7.041  ;
; SW[1]      ; HEX4[6]     ; 8.057  ; 8.057  ; 8.057  ; 8.057  ;
; SW[2]      ; HEX4[0]     ; 8.426  ; 8.426  ; 8.426  ; 8.426  ;
; SW[2]      ; HEX4[1]     ; 9.105  ;        ;        ; 9.105  ;
; SW[2]      ; HEX4[2]     ; 8.800  ; 8.800  ; 8.800  ; 8.800  ;
; SW[2]      ; HEX4[3]     ; 8.793  ; 8.793  ; 8.793  ; 8.793  ;
; SW[2]      ; HEX4[4]     ; 8.572  ; 8.572  ; 8.572  ; 8.572  ;
; SW[2]      ; HEX4[5]     ; 8.324  ; 8.324  ; 8.324  ; 8.324  ;
; SW[2]      ; HEX4[6]     ; 8.496  ; 8.496  ; 8.496  ; 8.496  ;
; SW[3]      ; HEX4[0]     ; 7.569  ; 7.569  ; 7.569  ; 7.569  ;
; SW[3]      ; HEX4[1]     ; 7.951  ; 7.951  ; 7.951  ; 7.951  ;
; SW[3]      ; HEX4[2]     ; 7.918  ; 7.918  ; 7.918  ; 7.918  ;
; SW[3]      ; HEX4[3]     ; 7.606  ; 7.606  ; 7.606  ; 7.606  ;
; SW[3]      ; HEX4[4]     ;        ; 7.425  ; 7.425  ;        ;
; SW[3]      ; HEX4[5]     ; 7.180  ; 7.180  ; 7.180  ; 7.180  ;
; SW[3]      ; HEX4[6]     ; 7.661  ; 7.661  ; 7.661  ; 7.661  ;
; SW[4]      ; HEX5[0]     ; 6.834  ; 6.834  ; 6.834  ; 6.834  ;
; SW[4]      ; HEX5[1]     ; 7.021  ; 7.021  ; 7.021  ; 7.021  ;
; SW[4]      ; HEX5[2]     ;        ; 7.468  ; 7.468  ;        ;
; SW[4]      ; HEX5[3]     ; 7.811  ; 7.811  ; 7.811  ; 7.811  ;
; SW[4]      ; HEX5[4]     ; 7.795  ;        ;        ; 7.795  ;
; SW[4]      ; HEX5[5]     ; 7.522  ;        ;        ; 7.522  ;
; SW[4]      ; HEX5[6]     ; 7.320  ; 7.320  ; 7.320  ; 7.320  ;
; SW[5]      ; HEX5[0]     ; 7.089  ; 7.089  ; 7.089  ; 7.089  ;
; SW[5]      ; HEX5[1]     ; 7.275  ; 7.275  ; 7.275  ; 7.275  ;
; SW[5]      ; HEX5[2]     ; 7.761  ;        ;        ; 7.761  ;
; SW[5]      ; HEX5[3]     ; 8.082  ; 8.082  ; 8.082  ; 8.082  ;
; SW[5]      ; HEX5[4]     ;        ; 8.059  ; 8.059  ;        ;
; SW[5]      ; HEX5[5]     ; 7.777  ; 7.777  ; 7.777  ; 7.777  ;
; SW[5]      ; HEX5[6]     ; 7.586  ; 7.586  ; 7.586  ; 7.586  ;
; SW[6]      ; HEX5[0]     ; 6.984  ; 6.984  ; 6.984  ; 6.984  ;
; SW[6]      ; HEX5[1]     ; 7.172  ;        ;        ; 7.172  ;
; SW[6]      ; HEX5[2]     ; 7.644  ; 7.644  ; 7.644  ; 7.644  ;
; SW[6]      ; HEX5[3]     ; 7.963  ; 7.963  ; 7.963  ; 7.963  ;
; SW[6]      ; HEX5[4]     ; 7.940  ; 7.940  ; 7.940  ; 7.940  ;
; SW[6]      ; HEX5[5]     ; 7.669  ; 7.669  ; 7.669  ; 7.669  ;
; SW[6]      ; HEX5[6]     ; 7.465  ; 7.465  ; 7.465  ; 7.465  ;
; SW[7]      ; HEX5[0]     ; 7.144  ; 7.144  ; 7.144  ; 7.144  ;
; SW[7]      ; HEX5[1]     ; 7.331  ; 7.331  ; 7.331  ; 7.331  ;
; SW[7]      ; HEX5[2]     ; 7.816  ; 7.816  ; 7.816  ; 7.816  ;
; SW[7]      ; HEX5[3]     ; 8.137  ; 8.137  ; 8.137  ; 8.137  ;
; SW[7]      ; HEX5[4]     ;        ; 8.114  ; 8.114  ;        ;
; SW[7]      ; HEX5[5]     ; 7.829  ; 7.829  ; 7.829  ; 7.829  ;
; SW[7]      ; HEX5[6]     ; 7.639  ; 7.639  ; 7.639  ; 7.639  ;
; SW[8]      ; HEX6[0]     ; 7.508  ; 7.508  ; 7.508  ; 7.508  ;
; SW[8]      ; HEX6[1]     ; 7.919  ; 7.919  ; 7.919  ; 7.919  ;
; SW[8]      ; HEX6[2]     ;        ; 8.440  ; 8.440  ;        ;
; SW[8]      ; HEX6[3]     ; 8.274  ; 8.274  ; 8.274  ; 8.274  ;
; SW[8]      ; HEX6[4]     ; 8.138  ;        ;        ; 8.138  ;
; SW[8]      ; HEX6[5]     ; 7.671  ;        ;        ; 7.671  ;
; SW[8]      ; HEX6[6]     ; 8.012  ; 8.012  ; 8.012  ; 8.012  ;
; SW[9]      ; HEX6[0]     ; 6.861  ; 6.861  ; 6.861  ; 6.861  ;
; SW[9]      ; HEX6[1]     ; 8.155  ; 8.155  ; 8.155  ; 8.155  ;
; SW[9]      ; HEX6[2]     ; 7.838  ;        ;        ; 7.838  ;
; SW[9]      ; HEX6[3]     ; 8.511  ; 8.511  ; 8.511  ; 8.511  ;
; SW[9]      ; HEX6[4]     ;        ; 8.355  ; 8.355  ;        ;
; SW[9]      ; HEX6[5]     ; 7.905  ; 7.905  ; 7.905  ; 7.905  ;
; SW[9]      ; HEX6[6]     ; 7.366  ; 7.366  ; 7.366  ; 7.366  ;
; SW[10]     ; HEX6[0]     ; 6.584  ; 6.584  ; 6.584  ; 6.584  ;
; SW[10]     ; HEX6[1]     ; 7.581  ;        ;        ; 7.581  ;
; SW[10]     ; HEX6[2]     ; 7.569  ; 7.569  ; 7.569  ; 7.569  ;
; SW[10]     ; HEX6[3]     ; 7.938  ; 7.938  ; 7.938  ; 7.938  ;
; SW[10]     ; HEX6[4]     ; 7.805  ; 7.805  ; 7.805  ; 7.805  ;
; SW[10]     ; HEX6[5]     ; 7.328  ; 7.328  ; 7.328  ; 7.328  ;
; SW[10]     ; HEX6[6]     ; 7.088  ; 7.088  ; 7.088  ; 7.088  ;
; SW[11]     ; HEX6[0]     ; 6.292  ; 6.292  ; 6.292  ; 6.292  ;
; SW[11]     ; HEX6[1]     ; 7.276  ; 7.276  ; 7.276  ; 7.276  ;
; SW[11]     ; HEX6[2]     ; 7.260  ; 7.260  ; 7.260  ; 7.260  ;
; SW[11]     ; HEX6[3]     ; 7.633  ; 7.633  ; 7.633  ; 7.633  ;
; SW[11]     ; HEX6[4]     ;        ; 7.464  ; 7.464  ;        ;
; SW[11]     ; HEX6[5]     ; 6.996  ; 6.996  ; 6.996  ; 6.996  ;
; SW[11]     ; HEX6[6]     ; 6.798  ; 6.798  ; 6.798  ; 6.798  ;
; SW[12]     ; HEX7[0]     ; 5.255  ; 5.255  ; 5.255  ; 5.255  ;
; SW[12]     ; HEX7[1]     ; 5.267  ; 5.267  ; 5.267  ; 5.267  ;
; SW[12]     ; HEX7[2]     ;        ; 5.217  ; 5.217  ;        ;
; SW[12]     ; HEX7[3]     ; 5.235  ; 5.235  ; 5.235  ; 5.235  ;
; SW[12]     ; HEX7[4]     ; 5.222  ;        ;        ; 5.222  ;
; SW[12]     ; HEX7[5]     ; 5.538  ;        ;        ; 5.538  ;
; SW[12]     ; HEX7[6]     ; 5.423  ; 5.423  ; 5.423  ; 5.423  ;
; SW[13]     ; HEX7[0]     ; 9.813  ; 9.813  ; 9.813  ; 9.813  ;
; SW[13]     ; HEX7[1]     ; 9.826  ; 9.826  ; 9.826  ; 9.826  ;
; SW[13]     ; HEX7[2]     ; 9.787  ;        ;        ; 9.787  ;
; SW[13]     ; HEX7[3]     ; 9.795  ; 9.795  ; 9.795  ; 9.795  ;
; SW[13]     ; HEX7[4]     ;        ; 9.787  ; 9.787  ;        ;
; SW[13]     ; HEX7[5]     ; 10.095 ; 10.095 ; 10.095 ; 10.095 ;
; SW[13]     ; HEX7[6]     ; 9.978  ; 9.978  ; 9.978  ; 9.978  ;
; SW[14]     ; HEX7[0]     ; 10.136 ; 10.136 ; 10.136 ; 10.136 ;
; SW[14]     ; HEX7[1]     ; 10.148 ;        ;        ; 10.148 ;
; SW[14]     ; HEX7[2]     ; 10.108 ; 10.108 ; 10.108 ; 10.108 ;
; SW[14]     ; HEX7[3]     ; 10.117 ; 10.117 ; 10.117 ; 10.117 ;
; SW[14]     ; HEX7[4]     ; 10.109 ; 10.109 ; 10.109 ; 10.109 ;
; SW[14]     ; HEX7[5]     ; 10.392 ; 10.392 ; 10.392 ; 10.392 ;
; SW[14]     ; HEX7[6]     ; 10.300 ; 10.300 ; 10.300 ; 10.300 ;
; SW[15]     ; HEX7[0]     ; 10.264 ; 10.264 ; 10.264 ; 10.264 ;
; SW[15]     ; HEX7[1]     ; 10.307 ; 10.307 ; 10.307 ; 10.307 ;
; SW[15]     ; HEX7[2]     ; 10.268 ; 10.268 ; 10.268 ; 10.268 ;
; SW[15]     ; HEX7[3]     ; 10.271 ; 10.271 ; 10.271 ; 10.271 ;
; SW[15]     ; HEX7[4]     ;        ; 10.233 ; 10.233 ;        ;
; SW[15]     ; HEX7[5]     ; 10.544 ; 10.544 ; 10.544 ; 10.544 ;
; SW[15]     ; HEX7[6]     ; 10.459 ; 10.459 ; 10.459 ; 10.459 ;
; SW[17]     ; LEDG[2]     ; 10.177 ;        ;        ; 10.177 ;
+------------+-------------+--------+--------+--------+--------+


+--------------------------------------------------------------+
; Minimum Propagation Delay                                    ;
+------------+-------------+--------+--------+--------+--------+
; Input Port ; Output Port ; RR     ; RF     ; FR     ; FF     ;
+------------+-------------+--------+--------+--------+--------+
; SW[0]      ; HEX4[0]     ; 8.031  ; 8.031  ; 8.031  ; 8.031  ;
; SW[0]      ; HEX4[1]     ; 8.404  ; 8.404  ; 8.404  ; 8.404  ;
; SW[0]      ; HEX4[2]     ;        ; 8.404  ; 8.404  ;        ;
; SW[0]      ; HEX4[3]     ; 8.094  ; 8.094  ; 8.094  ; 8.094  ;
; SW[0]      ; HEX4[4]     ; 7.875  ;        ;        ; 7.875  ;
; SW[0]      ; HEX4[5]     ; 7.627  ;        ;        ; 7.627  ;
; SW[0]      ; HEX4[6]     ; 8.107  ; 8.107  ; 8.107  ; 8.107  ;
; SW[1]      ; HEX4[0]     ; 7.968  ; 7.968  ; 7.968  ; 7.968  ;
; SW[1]      ; HEX4[1]     ; 7.811  ; 7.811  ; 7.811  ; 7.811  ;
; SW[1]      ; HEX4[2]     ; 8.345  ;        ;        ; 8.345  ;
; SW[1]      ; HEX4[3]     ; 7.496  ; 7.496  ; 7.496  ; 7.496  ;
; SW[1]      ; HEX4[4]     ;        ; 7.289  ; 7.289  ;        ;
; SW[1]      ; HEX4[5]     ; 7.041  ; 7.041  ; 7.041  ; 7.041  ;
; SW[1]      ; HEX4[6]     ; 8.057  ; 8.057  ; 8.057  ; 8.057  ;
; SW[2]      ; HEX4[0]     ; 8.426  ; 8.426  ; 8.426  ; 8.426  ;
; SW[2]      ; HEX4[1]     ; 9.105  ;        ;        ; 9.105  ;
; SW[2]      ; HEX4[2]     ; 8.800  ; 8.800  ; 8.800  ; 8.800  ;
; SW[2]      ; HEX4[3]     ; 8.793  ; 8.793  ; 8.793  ; 8.793  ;
; SW[2]      ; HEX4[4]     ; 8.572  ; 8.572  ; 8.572  ; 8.572  ;
; SW[2]      ; HEX4[5]     ; 8.324  ; 8.324  ; 8.324  ; 8.324  ;
; SW[2]      ; HEX4[6]     ; 8.496  ; 8.496  ; 8.496  ; 8.496  ;
; SW[3]      ; HEX4[0]     ; 7.569  ; 7.569  ; 7.569  ; 7.569  ;
; SW[3]      ; HEX4[1]     ; 7.951  ; 7.951  ; 7.951  ; 7.951  ;
; SW[3]      ; HEX4[2]     ; 7.918  ; 7.918  ; 7.918  ; 7.918  ;
; SW[3]      ; HEX4[3]     ; 7.606  ; 7.606  ; 7.606  ; 7.606  ;
; SW[3]      ; HEX4[4]     ;        ; 7.425  ; 7.425  ;        ;
; SW[3]      ; HEX4[5]     ; 7.180  ; 7.180  ; 7.180  ; 7.180  ;
; SW[3]      ; HEX4[6]     ; 7.661  ; 7.661  ; 7.661  ; 7.661  ;
; SW[4]      ; HEX5[0]     ; 6.834  ; 6.834  ; 6.834  ; 6.834  ;
; SW[4]      ; HEX5[1]     ; 7.021  ; 7.021  ; 7.021  ; 7.021  ;
; SW[4]      ; HEX5[2]     ;        ; 7.468  ; 7.468  ;        ;
; SW[4]      ; HEX5[3]     ; 7.811  ; 7.811  ; 7.811  ; 7.811  ;
; SW[4]      ; HEX5[4]     ; 7.795  ;        ;        ; 7.795  ;
; SW[4]      ; HEX5[5]     ; 7.522  ;        ;        ; 7.522  ;
; SW[4]      ; HEX5[6]     ; 7.320  ; 7.320  ; 7.320  ; 7.320  ;
; SW[5]      ; HEX5[0]     ; 7.089  ; 7.089  ; 7.089  ; 7.089  ;
; SW[5]      ; HEX5[1]     ; 7.275  ; 7.275  ; 7.275  ; 7.275  ;
; SW[5]      ; HEX5[2]     ; 7.761  ;        ;        ; 7.761  ;
; SW[5]      ; HEX5[3]     ; 8.082  ; 8.082  ; 8.082  ; 8.082  ;
; SW[5]      ; HEX5[4]     ;        ; 8.059  ; 8.059  ;        ;
; SW[5]      ; HEX5[5]     ; 7.777  ; 7.777  ; 7.777  ; 7.777  ;
; SW[5]      ; HEX5[6]     ; 7.586  ; 7.586  ; 7.586  ; 7.586  ;
; SW[6]      ; HEX5[0]     ; 6.984  ; 6.984  ; 6.984  ; 6.984  ;
; SW[6]      ; HEX5[1]     ; 7.172  ;        ;        ; 7.172  ;
; SW[6]      ; HEX5[2]     ; 7.644  ; 7.644  ; 7.644  ; 7.644  ;
; SW[6]      ; HEX5[3]     ; 7.963  ; 7.963  ; 7.963  ; 7.963  ;
; SW[6]      ; HEX5[4]     ; 7.940  ; 7.940  ; 7.940  ; 7.940  ;
; SW[6]      ; HEX5[5]     ; 7.669  ; 7.669  ; 7.669  ; 7.669  ;
; SW[6]      ; HEX5[6]     ; 7.465  ; 7.465  ; 7.465  ; 7.465  ;
; SW[7]      ; HEX5[0]     ; 7.144  ; 7.144  ; 7.144  ; 7.144  ;
; SW[7]      ; HEX5[1]     ; 7.331  ; 7.331  ; 7.331  ; 7.331  ;
; SW[7]      ; HEX5[2]     ; 7.816  ; 7.816  ; 7.816  ; 7.816  ;
; SW[7]      ; HEX5[3]     ; 8.137  ; 8.137  ; 8.137  ; 8.137  ;
; SW[7]      ; HEX5[4]     ;        ; 8.114  ; 8.114  ;        ;
; SW[7]      ; HEX5[5]     ; 7.829  ; 7.829  ; 7.829  ; 7.829  ;
; SW[7]      ; HEX5[6]     ; 7.639  ; 7.639  ; 7.639  ; 7.639  ;
; SW[8]      ; HEX6[0]     ; 7.508  ; 7.508  ; 7.508  ; 7.508  ;
; SW[8]      ; HEX6[1]     ; 7.919  ; 7.919  ; 7.919  ; 7.919  ;
; SW[8]      ; HEX6[2]     ;        ; 8.440  ; 8.440  ;        ;
; SW[8]      ; HEX6[3]     ; 8.274  ; 8.274  ; 8.274  ; 8.274  ;
; SW[8]      ; HEX6[4]     ; 8.138  ;        ;        ; 8.138  ;
; SW[8]      ; HEX6[5]     ; 7.671  ;        ;        ; 7.671  ;
; SW[8]      ; HEX6[6]     ; 8.012  ; 8.012  ; 8.012  ; 8.012  ;
; SW[9]      ; HEX6[0]     ; 6.861  ; 6.861  ; 6.861  ; 6.861  ;
; SW[9]      ; HEX6[1]     ; 8.155  ; 8.155  ; 8.155  ; 8.155  ;
; SW[9]      ; HEX6[2]     ; 7.838  ;        ;        ; 7.838  ;
; SW[9]      ; HEX6[3]     ; 8.511  ; 8.511  ; 8.511  ; 8.511  ;
; SW[9]      ; HEX6[4]     ;        ; 8.355  ; 8.355  ;        ;
; SW[9]      ; HEX6[5]     ; 7.905  ; 7.905  ; 7.905  ; 7.905  ;
; SW[9]      ; HEX6[6]     ; 7.366  ; 7.366  ; 7.366  ; 7.366  ;
; SW[10]     ; HEX6[0]     ; 6.584  ; 6.584  ; 6.584  ; 6.584  ;
; SW[10]     ; HEX6[1]     ; 7.581  ;        ;        ; 7.581  ;
; SW[10]     ; HEX6[2]     ; 7.569  ; 7.569  ; 7.569  ; 7.569  ;
; SW[10]     ; HEX6[3]     ; 7.938  ; 7.938  ; 7.938  ; 7.938  ;
; SW[10]     ; HEX6[4]     ; 7.805  ; 7.805  ; 7.805  ; 7.805  ;
; SW[10]     ; HEX6[5]     ; 7.328  ; 7.328  ; 7.328  ; 7.328  ;
; SW[10]     ; HEX6[6]     ; 7.088  ; 7.088  ; 7.088  ; 7.088  ;
; SW[11]     ; HEX6[0]     ; 6.292  ; 6.292  ; 6.292  ; 6.292  ;
; SW[11]     ; HEX6[1]     ; 7.276  ; 7.276  ; 7.276  ; 7.276  ;
; SW[11]     ; HEX6[2]     ; 7.260  ; 7.260  ; 7.260  ; 7.260  ;
; SW[11]     ; HEX6[3]     ; 7.633  ; 7.633  ; 7.633  ; 7.633  ;
; SW[11]     ; HEX6[4]     ;        ; 7.464  ; 7.464  ;        ;
; SW[11]     ; HEX6[5]     ; 6.996  ; 6.996  ; 6.996  ; 6.996  ;
; SW[11]     ; HEX6[6]     ; 6.798  ; 6.798  ; 6.798  ; 6.798  ;
; SW[12]     ; HEX7[0]     ; 5.255  ; 5.255  ; 5.255  ; 5.255  ;
; SW[12]     ; HEX7[1]     ; 5.267  ; 5.267  ; 5.267  ; 5.267  ;
; SW[12]     ; HEX7[2]     ;        ; 5.217  ; 5.217  ;        ;
; SW[12]     ; HEX7[3]     ; 5.235  ; 5.235  ; 5.235  ; 5.235  ;
; SW[12]     ; HEX7[4]     ; 5.222  ;        ;        ; 5.222  ;
; SW[12]     ; HEX7[5]     ; 5.538  ;        ;        ; 5.538  ;
; SW[12]     ; HEX7[6]     ; 5.423  ; 5.423  ; 5.423  ; 5.423  ;
; SW[13]     ; HEX7[0]     ; 9.813  ; 9.813  ; 9.813  ; 9.813  ;
; SW[13]     ; HEX7[1]     ; 9.826  ; 9.826  ; 9.826  ; 9.826  ;
; SW[13]     ; HEX7[2]     ; 9.787  ;        ;        ; 9.787  ;
; SW[13]     ; HEX7[3]     ; 9.795  ; 9.795  ; 9.795  ; 9.795  ;
; SW[13]     ; HEX7[4]     ;        ; 9.787  ; 9.787  ;        ;
; SW[13]     ; HEX7[5]     ; 10.095 ; 10.095 ; 10.095 ; 10.095 ;
; SW[13]     ; HEX7[6]     ; 9.978  ; 9.978  ; 9.978  ; 9.978  ;
; SW[14]     ; HEX7[0]     ; 10.136 ; 10.136 ; 10.136 ; 10.136 ;
; SW[14]     ; HEX7[1]     ; 10.148 ;        ;        ; 10.148 ;
; SW[14]     ; HEX7[2]     ; 10.108 ; 10.108 ; 10.108 ; 10.108 ;
; SW[14]     ; HEX7[3]     ; 10.117 ; 10.117 ; 10.117 ; 10.117 ;
; SW[14]     ; HEX7[4]     ; 10.109 ; 10.109 ; 10.109 ; 10.109 ;
; SW[14]     ; HEX7[5]     ; 10.392 ; 10.392 ; 10.392 ; 10.392 ;
; SW[14]     ; HEX7[6]     ; 10.300 ; 10.300 ; 10.300 ; 10.300 ;
; SW[15]     ; HEX7[0]     ; 10.264 ; 10.264 ; 10.264 ; 10.264 ;
; SW[15]     ; HEX7[1]     ; 10.307 ; 10.307 ; 10.307 ; 10.307 ;
; SW[15]     ; HEX7[2]     ; 10.268 ; 10.268 ; 10.268 ; 10.268 ;
; SW[15]     ; HEX7[3]     ; 10.271 ; 10.271 ; 10.271 ; 10.271 ;
; SW[15]     ; HEX7[4]     ;        ; 10.233 ; 10.233 ;        ;
; SW[15]     ; HEX7[5]     ; 10.544 ; 10.544 ; 10.544 ; 10.544 ;
; SW[15]     ; HEX7[6]     ; 10.459 ; 10.459 ; 10.459 ; 10.459 ;
; SW[17]     ; LEDG[2]     ; 10.177 ;        ;        ; 10.177 ;
+------------+-------------+--------+--------+--------+--------+


+----------------------------------+
; Fast Model Setup Summary         ;
+----------+-------+---------------+
; Clock    ; Slack ; End Point TNS ;
+----------+-------+---------------+
; CLOCK_50 ; 6.336 ; 0.000         ;
+----------+-------+---------------+


+----------------------------------+
; Fast Model Hold Summary          ;
+----------+-------+---------------+
; Clock    ; Slack ; End Point TNS ;
+----------+-------+---------------+
; CLOCK_50 ; 0.215 ; 0.000         ;
+----------+-------+---------------+


+-----------------------------------+
; Fast Model Recovery Summary       ;
+----------+--------+---------------+
; Clock    ; Slack  ; End Point TNS ;
+----------+--------+---------------+
; CLOCK_50 ; 18.367 ; 0.000         ;
+----------+--------+---------------+


+----------------------------------+
; Fast Model Removal Summary       ;
+----------+-------+---------------+
; Clock    ; Slack ; End Point TNS ;
+----------+-------+---------------+
; CLOCK_50 ; 1.512 ; 0.000         ;
+----------+-------+---------------+


+----------------------------------------+
; Fast Model Minimum Pulse Width Summary ;
+----------+-------+---------------------+
; Clock    ; Slack ; End Point TNS       ;
+----------+-------+---------------------+
; CLOCK_50 ; 7.873 ; 0.000               ;
+----------+-------+---------------------+


+-----------------------------------------------------------------------------------------------------------------------------------------------------------------------------------------------------------------------------------------------------------+
; Fast Model Setup: 'CLOCK_50'                                                                                                                                                                                                                              ;
+-------+------------------------------------------------------------------------------------------+----------------------------------------------------------------------------------+--------------+-------------+--------------+------------+------------+
; Slack ; From Node                                                                                ; To Node                                                                          ; Launch Clock ; Latch Clock ; Relationship ; Clock Skew ; Data Delay ;
+-------+------------------------------------------------------------------------------------------+----------------------------------------------------------------------------------+--------------+-------------+--------------+------------+------------+
; 6.336 ; SoC_Top:u_soc|Pipeline_top:u_cpu|decode_cycle:decode|Register_File:Reg_file|Register~711 ; SoC_Top:u_soc|Pipeline_top:u_cpu|decode_cycle:decode|CSR_Unit:u_csr|mepc[7]      ; CLOCK_50     ; CLOCK_50    ; 10.000       ; 0.009      ; 3.705      ;
; 6.387 ; SoC_Top:u_soc|Pipeline_top:u_cpu|decode_cycle:decode|Register_File:Reg_file|Register~341 ; SoC_Top:u_soc|Pipeline_top:u_cpu|decode_cycle:decode|CSR_Unit:u_csr|mepc[21]     ; CLOCK_50     ; CLOCK_50    ; 10.000       ; 0.016      ; 3.661      ;
; 6.413 ; SoC_Top:u_soc|Pipeline_top:u_cpu|decode_cycle:decode|Register_File:Reg_file|Register~341 ; SoC_Top:u_soc|Pipeline_top:u_cpu|decode_cycle:decode|CSR_Unit:u_csr|mcause[21]   ; CLOCK_50     ; CLOCK_50    ; 10.000       ; 0.021      ; 3.640      ;
; 6.446 ; SoC_Top:u_soc|Pipeline_top:u_cpu|decode_cycle:decode|Register_File:Reg_file|Register~801 ; SoC_Top:u_soc|Pipeline_top:u_cpu|decode_cycle:decode|CSR_Unit:u_csr|mepc[1]      ; CLOCK_50     ; CLOCK_50    ; 10.000       ; 0.011      ; 3.597      ;
; 6.476 ; SoC_Top:u_soc|Pipeline_top:u_cpu|decode_cycle:decode|Register_File:Reg_file|Register~778 ; SoC_Top:u_soc|Pipeline_top:u_cpu|decode_cycle:decode|CSR_Unit:u_csr|mepc[10]     ; CLOCK_50     ; CLOCK_50    ; 10.000       ; 0.029      ; 3.585      ;
; 6.482 ; SoC_Top:u_soc|Pipeline_top:u_cpu|decode_cycle:decode|Register_File:Reg_file|Register~583 ; SoC_Top:u_soc|Pipeline_top:u_cpu|decode_cycle:decode|CSR_Unit:u_csr|mepc[7]      ; CLOCK_50     ; CLOCK_50    ; 10.000       ; 0.009      ; 3.559      ;
; 6.492 ; SoC_Top:u_soc|Pipeline_top:u_cpu|decode_cycle:decode|Register_File:Reg_file|Register~529 ; SoC_Top:u_soc|Pipeline_top:u_cpu|decode_cycle:decode|CSR_Unit:u_csr|mepc[17]     ; CLOCK_50     ; CLOCK_50    ; 10.000       ; 0.016      ; 3.556      ;
; 6.530 ; SoC_Top:u_soc|Pipeline_top:u_cpu|decode_cycle:decode|Register_File:Reg_file|Register~277 ; SoC_Top:u_soc|Pipeline_top:u_cpu|decode_cycle:decode|CSR_Unit:u_csr|mepc[21]     ; CLOCK_50     ; CLOCK_50    ; 10.000       ; 0.016      ; 3.518      ;
; 6.538 ; SoC_Top:u_soc|Pipeline_top:u_cpu|decode_cycle:decode|Register_File:Reg_file|Register~711 ; SoC_Top:u_soc|Pipeline_top:u_cpu|decode_cycle:decode|CSR_Unit:u_csr|mstatus_mpie ; CLOCK_50     ; CLOCK_50    ; 10.000       ; -0.013     ; 3.481      ;
; 6.556 ; SoC_Top:u_soc|Pipeline_top:u_cpu|decode_cycle:decode|Register_File:Reg_file|Register~277 ; SoC_Top:u_soc|Pipeline_top:u_cpu|decode_cycle:decode|CSR_Unit:u_csr|mcause[21]   ; CLOCK_50     ; CLOCK_50    ; 10.000       ; 0.021      ; 3.497      ;
; 6.562 ; SoC_Top:u_soc|Pipeline_top:u_cpu|decode_cycle:decode|Register_File:Reg_file|Register~727 ; SoC_Top:u_soc|Pipeline_top:u_cpu|decode_cycle:decode|CSR_Unit:u_csr|mepc[23]     ; CLOCK_50     ; CLOCK_50    ; 10.000       ; -0.002     ; 3.468      ;
; 6.580 ; SoC_Top:u_soc|Pipeline_top:u_cpu|decode_cycle:decode|Register_File:Reg_file|Register~663 ; SoC_Top:u_soc|Pipeline_top:u_cpu|decode_cycle:decode|CSR_Unit:u_csr|mepc[23]     ; CLOCK_50     ; CLOCK_50    ; 10.000       ; -0.003     ; 3.449      ;
; 6.597 ; SoC_Top:u_soc|Pipeline_top:u_cpu|decode_cycle:decode|Register_File:Reg_file|Register~674 ; SoC_Top:u_soc|Pipeline_top:u_cpu|decode_cycle:decode|CSR_Unit:u_csr|mepc[2]      ; CLOCK_50     ; CLOCK_50    ; 10.000       ; 0.012      ; 3.447      ;
; 6.599 ; SoC_Top:u_soc|Pipeline_top:u_cpu|decode_cycle:decode|Register_File:Reg_file|Register~833 ; SoC_Top:u_soc|Pipeline_top:u_cpu|decode_cycle:decode|CSR_Unit:u_csr|mepc[1]      ; CLOCK_50     ; CLOCK_50    ; 10.000       ; 0.007      ; 3.440      ;
; 6.603 ; SoC_Top:u_soc|Pipeline_top:u_cpu|decode_cycle:decode|Register_File:Reg_file|Register~535 ; SoC_Top:u_soc|Pipeline_top:u_cpu|decode_cycle:decode|CSR_Unit:u_csr|mepc[23]     ; CLOCK_50     ; CLOCK_50    ; 10.000       ; -0.003     ; 3.426      ;
; 6.606 ; SoC_Top:u_soc|Pipeline_top:u_cpu|decode_cycle:decode|Register_File:Reg_file|Register~522 ; SoC_Top:u_soc|Pipeline_top:u_cpu|decode_cycle:decode|CSR_Unit:u_csr|mepc[10]     ; CLOCK_50     ; CLOCK_50    ; 10.000       ; 0.029      ; 3.455      ;
; 6.607 ; SoC_Top:u_soc|Pipeline_top:u_cpu|decode_cycle:decode|Register_File:Reg_file|Register~657 ; SoC_Top:u_soc|Pipeline_top:u_cpu|decode_cycle:decode|CSR_Unit:u_csr|mepc[17]     ; CLOCK_50     ; CLOCK_50    ; 10.000       ; 0.016      ; 3.441      ;
; 6.635 ; SoC_Top:u_soc|Pipeline_top:u_cpu|decode_cycle:decode|Register_File:Reg_file|Register~52  ; SoC_Top:u_soc|Pipeline_top:u_cpu|decode_cycle:decode|CSR_Unit:u_csr|mepc[20]     ; CLOCK_50     ; CLOCK_50    ; 10.000       ; 0.013      ; 3.410      ;
; 6.639 ; SoC_Top:u_soc|Pipeline_top:u_cpu|decode_cycle:decode|Register_File:Reg_file|Register~676 ; SoC_Top:u_soc|Pipeline_top:u_cpu|decode_cycle:decode|CSR_Unit:u_csr|mepc[4]      ; CLOCK_50     ; CLOCK_50    ; 10.000       ; 0.009      ; 3.402      ;
; 6.640 ; SoC_Top:u_soc|Pipeline_top:u_cpu|decode_cycle:decode|Register_File:Reg_file|Register~682 ; SoC_Top:u_soc|Pipeline_top:u_cpu|decode_cycle:decode|CSR_Unit:u_csr|mepc[10]     ; CLOCK_50     ; CLOCK_50    ; 10.000       ; 0.004      ; 3.396      ;
; 6.650 ; SoC_Top:u_soc|Pipeline_top:u_cpu|decode_cycle:decode|Register_File:Reg_file|Register~56  ; SoC_Top:u_soc|Pipeline_top:u_cpu|decode_cycle:decode|CSR_Unit:u_csr|mepc[24]     ; CLOCK_50     ; CLOCK_50    ; 10.000       ; 0.025      ; 3.407      ;
; 6.657 ; SoC_Top:u_soc|Pipeline_top:u_cpu|decode_cycle:decode|Register_File:Reg_file|Register~705 ; SoC_Top:u_soc|Pipeline_top:u_cpu|decode_cycle:decode|CSR_Unit:u_csr|mepc[1]      ; CLOCK_50     ; CLOCK_50    ; 10.000       ; 0.008      ; 3.383      ;
; 6.667 ; SoC_Top:u_soc|Pipeline_top:u_cpu|decode_cycle:decode|Register_File:Reg_file|Register~780 ; SoC_Top:u_soc|Pipeline_top:u_cpu|decode_cycle:decode|CSR_Unit:u_csr|mepc[12]     ; CLOCK_50     ; CLOCK_50    ; 10.000       ; 0.029      ; 3.394      ;
; 6.667 ; SoC_Top:u_soc|Pipeline_top:u_cpu|decode_cycle:decode|Register_File:Reg_file|Register~554 ; SoC_Top:u_soc|Pipeline_top:u_cpu|decode_cycle:decode|CSR_Unit:u_csr|mepc[10]     ; CLOCK_50     ; CLOCK_50    ; 10.000       ; 0.004      ; 3.369      ;
; 6.674 ; SoC_Top:u_soc|Pipeline_top:u_cpu|decode_cycle:decode|Register_File:Reg_file|Register~36  ; SoC_Top:u_soc|Pipeline_top:u_cpu|decode_cycle:decode|CSR_Unit:u_csr|mepc[4]      ; CLOCK_50     ; CLOCK_50    ; 10.000       ; 0.014      ; 3.372      ;
; 6.684 ; SoC_Top:u_soc|Pipeline_top:u_cpu|decode_cycle:decode|Register_File:Reg_file|Register~583 ; SoC_Top:u_soc|Pipeline_top:u_cpu|decode_cycle:decode|CSR_Unit:u_csr|mstatus_mpie ; CLOCK_50     ; CLOCK_50    ; 10.000       ; -0.013     ; 3.335      ;
; 6.688 ; SoC_Top:u_soc|Pipeline_top:u_cpu|decode_cycle:decode|Register_File:Reg_file|Register~54  ; SoC_Top:u_soc|Pipeline_top:u_cpu|decode_cycle:decode|CSR_Unit:u_csr|mepc[22]     ; CLOCK_50     ; CLOCK_50    ; 10.000       ; 0.018      ; 3.362      ;
; 6.696 ; SoC_Top:u_soc|Pipeline_top:u_cpu|decode_cycle:decode|Register_File:Reg_file|Register~212 ; SoC_Top:u_soc|Pipeline_top:u_cpu|decode_cycle:decode|CSR_Unit:u_csr|mepc[20]     ; CLOCK_50     ; CLOCK_50    ; 10.000       ; 0.010      ; 3.346      ;
; 6.702 ; SoC_Top:u_soc|Pipeline_top:u_cpu|decode_cycle:decode|Register_File:Reg_file|Register~591 ; SoC_Top:u_soc|Pipeline_top:u_cpu|decode_cycle:decode|CSR_Unit:u_csr|mepc[15]     ; CLOCK_50     ; CLOCK_50    ; 10.000       ; -0.007     ; 3.323      ;
; 6.705 ; SoC_Top:u_soc|Pipeline_top:u_cpu|decode_cycle:decode|Register_File:Reg_file|Register~641 ; SoC_Top:u_soc|Pipeline_top:u_cpu|decode_cycle:decode|CSR_Unit:u_csr|mepc[1]      ; CLOCK_50     ; CLOCK_50    ; 10.000       ; 0.009      ; 3.336      ;
; 6.711 ; SoC_Top:u_soc|Pipeline_top:u_cpu|decode_cycle:decode|Register_File:Reg_file|Register~591 ; SoC_Top:u_soc|Pipeline_top:u_cpu|decode_cycle:decode|CSR_Unit:u_csr|mcause[15]   ; CLOCK_50     ; CLOCK_50    ; 10.000       ; -0.007     ; 3.314      ;
; 6.713 ; SoC_Top:u_soc|Pipeline_top:u_cpu|decode_cycle:decode|Register_File:Reg_file|Register~599 ; SoC_Top:u_soc|Pipeline_top:u_cpu|decode_cycle:decode|CSR_Unit:u_csr|mepc[23]     ; CLOCK_50     ; CLOCK_50    ; 10.000       ; -0.002     ; 3.317      ;
; 6.722 ; SoC_Top:u_soc|Pipeline_top:u_cpu|decode_cycle:decode|Register_File:Reg_file|Register~842 ; SoC_Top:u_soc|Pipeline_top:u_cpu|decode_cycle:decode|CSR_Unit:u_csr|mepc[10]     ; CLOCK_50     ; CLOCK_50    ; 10.000       ; 0.000      ; 3.310      ;
; 6.723 ; SoC_Top:u_soc|Pipeline_top:u_cpu|decode_cycle:decode|Register_File:Reg_file|Register~385 ; SoC_Top:u_soc|Pipeline_top:u_cpu|decode_cycle:decode|CSR_Unit:u_csr|mepc[1]      ; CLOCK_50     ; CLOCK_50    ; 10.000       ; 0.006      ; 3.315      ;
; 6.723 ; SoC_Top:u_soc|Pipeline_top:u_cpu|decode_cycle:decode|Register_File:Reg_file|Register~545 ; SoC_Top:u_soc|Pipeline_top:u_cpu|decode_cycle:decode|CSR_Unit:u_csr|mepc[1]      ; CLOCK_50     ; CLOCK_50    ; 10.000       ; 0.007      ; 3.316      ;
; 6.725 ; SoC_Top:u_soc|Pipeline_top:u_cpu|decode_cycle:decode|Register_File:Reg_file|Register~516 ; SoC_Top:u_soc|Pipeline_top:u_cpu|decode_cycle:decode|CSR_Unit:u_csr|mepc[4]      ; CLOCK_50     ; CLOCK_50    ; 10.000       ; 0.008      ; 3.315      ;
; 6.725 ; SoC_Top:u_soc|Pipeline_top:u_cpu|decode_cycle:decode|Register_File:Reg_file|Register~120 ; SoC_Top:u_soc|Pipeline_top:u_cpu|decode_cycle:decode|CSR_Unit:u_csr|mepc[24]     ; CLOCK_50     ; CLOCK_50    ; 10.000       ; 0.029      ; 3.336      ;
; 6.729 ; SoC_Top:u_soc|Pipeline_top:u_cpu|decode_cycle:decode|Register_File:Reg_file|Register~748 ; SoC_Top:u_soc|Pipeline_top:u_cpu|decode_cycle:decode|CSR_Unit:u_csr|mepc[12]     ; CLOCK_50     ; CLOCK_50    ; 10.000       ; 0.012      ; 3.315      ;
; 6.731 ; SoC_Top:u_soc|Pipeline_top:u_cpu|decode_cycle:decode|Register_File:Reg_file|Register~148 ; SoC_Top:u_soc|Pipeline_top:u_cpu|decode_cycle:decode|CSR_Unit:u_csr|mepc[20]     ; CLOCK_50     ; CLOCK_50    ; 10.000       ; 0.011      ; 3.312      ;
; 6.733 ; SoC_Top:u_soc|Pipeline_top:u_cpu|decode_cycle:decode|Register_File:Reg_file|Register~696 ; SoC_Top:u_soc|Pipeline_top:u_cpu|decode_cycle:decode|CSR_Unit:u_csr|mepc[24]     ; CLOCK_50     ; CLOCK_50    ; 10.000       ; 0.012      ; 3.311      ;
; 6.738 ; SoC_Top:u_soc|Pipeline_top:u_cpu|decode_cycle:decode|Register_File:Reg_file|Register~452 ; SoC_Top:u_soc|Pipeline_top:u_cpu|decode_cycle:decode|CSR_Unit:u_csr|mepc[4]      ; CLOCK_50     ; CLOCK_50    ; 10.000       ; 0.012      ; 3.306      ;
; 6.739 ; SoC_Top:u_soc|Pipeline_top:u_cpu|decode_cycle:decode|Register_File:Reg_file|Register~698 ; SoC_Top:u_soc|Pipeline_top:u_cpu|decode_cycle:decode|CSR_Unit:u_csr|mepc[26]     ; CLOCK_50     ; CLOCK_50    ; 10.000       ; 0.013      ; 3.306      ;
; 6.742 ; SoC_Top:u_soc|Pipeline_top:u_cpu|decode_cycle:decode|Register_File:Reg_file|Register~760 ; SoC_Top:u_soc|Pipeline_top:u_cpu|decode_cycle:decode|CSR_Unit:u_csr|mepc[24]     ; CLOCK_50     ; CLOCK_50    ; 10.000       ; 0.019      ; 3.309      ;
; 6.744 ; SoC_Top:u_soc|Pipeline_top:u_cpu|decode_cycle:decode|Register_File:Reg_file|Register~417 ; SoC_Top:u_soc|Pipeline_top:u_cpu|decode_cycle:decode|CSR_Unit:u_csr|mepc[1]      ; CLOCK_50     ; CLOCK_50    ; 10.000       ; 0.006      ; 3.294      ;
; 6.751 ; SoC_Top:u_soc|Pipeline_top:u_cpu|decode_cycle:decode|Register_File:Reg_file|Register~85  ; SoC_Top:u_soc|Pipeline_top:u_cpu|decode_cycle:decode|CSR_Unit:u_csr|mepc[21]     ; CLOCK_50     ; CLOCK_50    ; 10.000       ; 0.007      ; 3.288      ;
; 6.752 ; SoC_Top:u_soc|Pipeline_top:u_cpu|decode_cycle:decode|Register_File:Reg_file|Register~196 ; SoC_Top:u_soc|Pipeline_top:u_cpu|decode_cycle:decode|CSR_Unit:u_csr|mepc[4]      ; CLOCK_50     ; CLOCK_50    ; 10.000       ; 0.008      ; 3.288      ;
; 6.754 ; SoC_Top:u_soc|Pipeline_top:u_cpu|decode_cycle:decode|Register_File:Reg_file|Register~620 ; SoC_Top:u_soc|Pipeline_top:u_cpu|decode_cycle:decode|CSR_Unit:u_csr|mepc[12]     ; CLOCK_50     ; CLOCK_50    ; 10.000       ; 0.012      ; 3.290      ;
; 6.761 ; SoC_Top:u_soc|Pipeline_top:u_cpu|decode_cycle:decode|Register_File:Reg_file|Register~772 ; SoC_Top:u_soc|Pipeline_top:u_cpu|decode_cycle:decode|CSR_Unit:u_csr|mepc[4]      ; CLOCK_50     ; CLOCK_50    ; 10.000       ; 0.007      ; 3.278      ;
; 6.765 ; SoC_Top:u_soc|Pipeline_top:u_cpu|decode_cycle:decode|Register_File:Reg_file|Register~586 ; SoC_Top:u_soc|Pipeline_top:u_cpu|decode_cycle:decode|CSR_Unit:u_csr|mepc[10]     ; CLOCK_50     ; CLOCK_50    ; 10.000       ; 0.000      ; 3.267      ;
; 6.770 ; SoC_Top:u_soc|Pipeline_top:u_cpu|decode_cycle:decode|Register_File:Reg_file|Register~869 ; SoC_Top:u_soc|Pipeline_top:u_cpu|decode_cycle:decode|CSR_Unit:u_csr|mepc[5]      ; CLOCK_50     ; CLOCK_50    ; 10.000       ; 0.002      ; 3.264      ;
; 6.770 ; SoC_Top:u_soc|Pipeline_top:u_cpu|decode_cycle:decode|Register_File:Reg_file|Register~930 ; SoC_Top:u_soc|Pipeline_top:u_cpu|decode_cycle:decode|CSR_Unit:u_csr|mepc[2]      ; CLOCK_50     ; CLOCK_50    ; 10.000       ; 0.009      ; 3.271      ;
; 6.774 ; SoC_Top:u_soc|Pipeline_top:u_cpu|decode_cycle:decode|Register_File:Reg_file|Register~24  ; SoC_Top:u_soc|Pipeline_top:u_cpu|decode_cycle:decode|CSR_Unit:u_csr|mepc[24]     ; CLOCK_50     ; CLOCK_50    ; 10.000       ; 0.024      ; 3.282      ;
; 6.777 ; SoC_Top:u_soc|Pipeline_top:u_cpu|decode_cycle:decode|Register_File:Reg_file|Register~869 ; SoC_Top:u_soc|Pipeline_top:u_cpu|decode_cycle:decode|CSR_Unit:u_csr|mcause[5]    ; CLOCK_50     ; CLOCK_50    ; 10.000       ; 0.002      ; 3.257      ;
; 6.777 ; SoC_Top:u_soc|Pipeline_top:u_cpu|decode_cycle:decode|Register_File:Reg_file|Register~85  ; SoC_Top:u_soc|Pipeline_top:u_cpu|decode_cycle:decode|CSR_Unit:u_csr|mcause[21]   ; CLOCK_50     ; CLOCK_50    ; 10.000       ; 0.012      ; 3.267      ;
; 6.782 ; SoC_Top:u_soc|Pipeline_top:u_cpu|decode_cycle:decode|Register_File:Reg_file|Register~437 ; SoC_Top:u_soc|Pipeline_top:u_cpu|decode_cycle:decode|CSR_Unit:u_csr|mepc[21]     ; CLOCK_50     ; CLOCK_50    ; 10.000       ; -0.005     ; 3.245      ;
; 6.789 ; SoC_Top:u_soc|Pipeline_top:u_cpu|decode_cycle:decode|Register_File:Reg_file|Register~181 ; SoC_Top:u_soc|Pipeline_top:u_cpu|decode_cycle:decode|CSR_Unit:u_csr|mepc[21]     ; CLOCK_50     ; CLOCK_50    ; 10.000       ; 0.001      ; 3.244      ;
; 6.789 ; SoC_Top:u_soc|Pipeline_top:u_cpu|decode_cycle:decode|Register_File:Reg_file|Register~577 ; SoC_Top:u_soc|Pipeline_top:u_cpu|decode_cycle:decode|CSR_Unit:u_csr|mepc[1]      ; CLOCK_50     ; CLOCK_50    ; 10.000       ; 0.008      ; 3.251      ;
; 6.792 ; SoC_Top:u_soc|Pipeline_top:u_cpu|decode_cycle:decode|Register_File:Reg_file|Register~770 ; SoC_Top:u_soc|Pipeline_top:u_cpu|decode_cycle:decode|CSR_Unit:u_csr|mepc[2]      ; CLOCK_50     ; CLOCK_50    ; 10.000       ; 0.012      ; 3.252      ;
; 6.797 ; SoC_Top:u_soc|Pipeline_top:u_cpu|decode_cycle:decode|Register_File:Reg_file|Register~684 ; SoC_Top:u_soc|Pipeline_top:u_cpu|decode_cycle:decode|CSR_Unit:u_csr|mepc[12]     ; CLOCK_50     ; CLOCK_50    ; 10.000       ; 0.004      ; 3.239      ;
; 6.798 ; SoC_Top:u_soc|Pipeline_top:u_cpu|decode_cycle:decode|Register_File:Reg_file|Register~21  ; SoC_Top:u_soc|Pipeline_top:u_cpu|decode_cycle:decode|CSR_Unit:u_csr|mepc[21]     ; CLOCK_50     ; CLOCK_50    ; 10.000       ; 0.007      ; 3.241      ;
; 6.801 ; SoC_Top:u_soc|Pipeline_top:u_cpu|decode_cycle:decode|Register_File:Reg_file|Register~406 ; SoC_Top:u_soc|Pipeline_top:u_cpu|decode_cycle:decode|CSR_Unit:u_csr|mepc[22]     ; CLOCK_50     ; CLOCK_50    ; 10.000       ; 0.012      ; 3.243      ;
; 6.803 ; SoC_Top:u_soc|Pipeline_top:u_cpu|decode_cycle:decode|Register_File:Reg_file|Register~774 ; SoC_Top:u_soc|Pipeline_top:u_cpu|decode_cycle:decode|CSR_Unit:u_csr|mepc[6]      ; CLOCK_50     ; CLOCK_50    ; 10.000       ; 0.036      ; 3.265      ;
; 6.808 ; SoC_Top:u_soc|Pipeline_top:u_cpu|decode_cycle:decode|Register_File:Reg_file|Register~437 ; SoC_Top:u_soc|Pipeline_top:u_cpu|decode_cycle:decode|CSR_Unit:u_csr|mcause[21]   ; CLOCK_50     ; CLOCK_50    ; 10.000       ; 0.000      ; 3.224      ;
; 6.809 ; SoC_Top:u_soc|Pipeline_top:u_cpu|decode_cycle:decode|Register_File:Reg_file|Register~81  ; SoC_Top:u_soc|Pipeline_top:u_cpu|decode_cycle:decode|CSR_Unit:u_csr|mepc[17]     ; CLOCK_50     ; CLOCK_50    ; 10.000       ; 0.016      ; 3.239      ;
; 6.809 ; SoC_Top:u_soc|Pipeline_top:u_cpu|decode_cycle:decode|Register_File:Reg_file|Register~129 ; SoC_Top:u_soc|Pipeline_top:u_cpu|decode_cycle:decode|CSR_Unit:u_csr|mepc[1]      ; CLOCK_50     ; CLOCK_50    ; 10.000       ; 0.009      ; 3.232      ;
; 6.812 ; SoC_Top:u_soc|Pipeline_top:u_cpu|decode_cycle:decode|Register_File:Reg_file|Register~117 ; SoC_Top:u_soc|Pipeline_top:u_cpu|decode_cycle:decode|CSR_Unit:u_csr|mepc[21]     ; CLOCK_50     ; CLOCK_50    ; 10.000       ; 0.006      ; 3.226      ;
; 6.813 ; SoC_Top:u_soc|Pipeline_top:u_cpu|decode_cycle:decode|Register_File:Reg_file|Register~149 ; SoC_Top:u_soc|Pipeline_top:u_cpu|decode_cycle:decode|CSR_Unit:u_csr|mepc[21]     ; CLOCK_50     ; CLOCK_50    ; 10.000       ; 0.001      ; 3.220      ;
; 6.814 ; SoC_Top:u_soc|Pipeline_top:u_cpu|decode_cycle:decode|Register_File:Reg_file|Register~897 ; SoC_Top:u_soc|Pipeline_top:u_cpu|decode_cycle:decode|CSR_Unit:u_csr|mepc[1]      ; CLOCK_50     ; CLOCK_50    ; 10.000       ; 0.009      ; 3.227      ;
; 6.815 ; SoC_Top:u_soc|Pipeline_top:u_cpu|decode_cycle:decode|Register_File:Reg_file|Register~181 ; SoC_Top:u_soc|Pipeline_top:u_cpu|decode_cycle:decode|CSR_Unit:u_csr|mcause[21]   ; CLOCK_50     ; CLOCK_50    ; 10.000       ; 0.006      ; 3.223      ;
; 6.818 ; SoC_Top:u_soc|Pipeline_top:u_cpu|decode_cycle:decode|Register_File:Reg_file|Register~719 ; SoC_Top:u_soc|Pipeline_top:u_cpu|decode_cycle:decode|CSR_Unit:u_csr|mepc[15]     ; CLOCK_50     ; CLOCK_50    ; 10.000       ; -0.007     ; 3.207      ;
; 6.822 ; SoC_Top:u_soc|Pipeline_top:u_cpu|decode_cycle:decode|Register_File:Reg_file|Register~552 ; SoC_Top:u_soc|Pipeline_top:u_cpu|decode_cycle:decode|CSR_Unit:u_csr|mcause[8]    ; CLOCK_50     ; CLOCK_50    ; 10.000       ; 0.000      ; 3.210      ;
; 6.822 ; SoC_Top:u_soc|Pipeline_top:u_cpu|decode_cycle:decode|Register_File:Reg_file|Register~22  ; SoC_Top:u_soc|Pipeline_top:u_cpu|decode_cycle:decode|CSR_Unit:u_csr|mepc[22]     ; CLOCK_50     ; CLOCK_50    ; 10.000       ; 0.018      ; 3.228      ;
; 6.823 ; SoC_Top:u_soc|Pipeline_top:u_cpu|decode_cycle:decode|Register_File:Reg_file|Register~546 ; SoC_Top:u_soc|Pipeline_top:u_cpu|decode_cycle:decode|CSR_Unit:u_csr|mepc[2]      ; CLOCK_50     ; CLOCK_50    ; 10.000       ; 0.009      ; 3.218      ;
; 6.823 ; SoC_Top:u_soc|Pipeline_top:u_cpu|decode_cycle:decode|Register_File:Reg_file|Register~556 ; SoC_Top:u_soc|Pipeline_top:u_cpu|decode_cycle:decode|CSR_Unit:u_csr|mepc[12]     ; CLOCK_50     ; CLOCK_50    ; 10.000       ; 0.004      ; 3.213      ;
; 6.824 ; SoC_Top:u_soc|Pipeline_top:u_cpu|decode_cycle:decode|Register_File:Reg_file|Register~21  ; SoC_Top:u_soc|Pipeline_top:u_cpu|decode_cycle:decode|CSR_Unit:u_csr|mcause[21]   ; CLOCK_50     ; CLOCK_50    ; 10.000       ; 0.012      ; 3.220      ;
; 6.825 ; SoC_Top:u_soc|Pipeline_top:u_cpu|decode_cycle:decode|Register_File:Reg_file|Register~849 ; SoC_Top:u_soc|Pipeline_top:u_cpu|decode_cycle:decode|CSR_Unit:u_csr|mepc[17]     ; CLOCK_50     ; CLOCK_50    ; 10.000       ; 0.008      ; 3.215      ;
; 6.826 ; SoC_Top:u_soc|Pipeline_top:u_cpu|decode_cycle:decode|Register_File:Reg_file|Register~524 ; SoC_Top:u_soc|Pipeline_top:u_cpu|decode_cycle:decode|CSR_Unit:u_csr|mepc[12]     ; CLOCK_50     ; CLOCK_50    ; 10.000       ; 0.029      ; 3.235      ;
; 6.827 ; SoC_Top:u_soc|Pipeline_top:u_cpu|decode_cycle:decode|Register_File:Reg_file|Register~719 ; SoC_Top:u_soc|Pipeline_top:u_cpu|decode_cycle:decode|CSR_Unit:u_csr|mcause[15]   ; CLOCK_50     ; CLOCK_50    ; 10.000       ; -0.007     ; 3.198      ;
; 6.831 ; SoC_Top:u_soc|Pipeline_top:u_cpu|decode_cycle:decode|Register_File:Reg_file|Register~647 ; SoC_Top:u_soc|Pipeline_top:u_cpu|decode_cycle:decode|CSR_Unit:u_csr|mepc[7]      ; CLOCK_50     ; CLOCK_50    ; 10.000       ; 0.008      ; 3.209      ;
; 6.834 ; SoC_Top:u_soc|Pipeline_top:u_cpu|decode_cycle:decode|Register_File:Reg_file|Register~815 ; SoC_Top:u_soc|Pipeline_top:u_cpu|decode_cycle:decode|CSR_Unit:u_csr|mepc[15]     ; CLOCK_50     ; CLOCK_50    ; 10.000       ; -0.012     ; 3.186      ;
; 6.838 ; SoC_Top:u_soc|Pipeline_top:u_cpu|decode_cycle:decode|Register_File:Reg_file|Register~117 ; SoC_Top:u_soc|Pipeline_top:u_cpu|decode_cycle:decode|CSR_Unit:u_csr|mcause[21]   ; CLOCK_50     ; CLOCK_50    ; 10.000       ; 0.011      ; 3.205      ;
; 6.838 ; SoC_Top:u_soc|Pipeline_top:u_cpu|decode_cycle:decode|Register_File:Reg_file|Register~721 ; SoC_Top:u_soc|Pipeline_top:u_cpu|decode_cycle:decode|CSR_Unit:u_csr|mepc[17]     ; CLOCK_50     ; CLOCK_50    ; 10.000       ; 0.005      ; 3.199      ;
; 6.839 ; SoC_Top:u_soc|Pipeline_top:u_cpu|decode_cycle:decode|Register_File:Reg_file|Register~149 ; SoC_Top:u_soc|Pipeline_top:u_cpu|decode_cycle:decode|CSR_Unit:u_csr|mcause[21]   ; CLOCK_50     ; CLOCK_50    ; 10.000       ; 0.006      ; 3.199      ;
; 6.843 ; SoC_Top:u_soc|Pipeline_top:u_cpu|decode_cycle:decode|Register_File:Reg_file|Register~815 ; SoC_Top:u_soc|Pipeline_top:u_cpu|decode_cycle:decode|CSR_Unit:u_csr|mcause[15]   ; CLOCK_50     ; CLOCK_50    ; 10.000       ; -0.012     ; 3.177      ;
; 6.849 ; SoC_Top:u_soc|Pipeline_top:u_cpu|decode_cycle:decode|Register_File:Reg_file|Register~711 ; SoC_Top:u_soc|Pipeline_top:u_cpu|decode_cycle:decode|CSR_Unit:u_csr|mcause[7]    ; CLOCK_50     ; CLOCK_50    ; 10.000       ; -0.019     ; 3.164      ;
; 6.849 ; SoC_Top:u_soc|Pipeline_top:u_cpu|decode_cycle:decode|Register_File:Reg_file|Register~405 ; SoC_Top:u_soc|Pipeline_top:u_cpu|decode_cycle:decode|CSR_Unit:u_csr|mepc[21]     ; CLOCK_50     ; CLOCK_50    ; 10.000       ; -0.005     ; 3.178      ;
; 6.850 ; SoC_Top:u_soc|Pipeline_top:u_cpu|decode_cycle:decode|Register_File:Reg_file|Register~514 ; SoC_Top:u_soc|Pipeline_top:u_cpu|decode_cycle:decode|CSR_Unit:u_csr|mepc[2]      ; CLOCK_50     ; CLOCK_50    ; 10.000       ; 0.013      ; 3.195      ;
; 6.852 ; SoC_Top:u_soc|Pipeline_top:u_cpu|decode_cycle:decode|Register_File:Reg_file|Register~16  ; SoC_Top:u_soc|Pipeline_top:u_cpu|decode_cycle:decode|CSR_Unit:u_csr|mepc[16]     ; CLOCK_50     ; CLOCK_50    ; 10.000       ; 0.026      ; 3.206      ;
; 6.853 ; SoC_Top:u_soc|Pipeline_top:u_cpu|decode_cycle:decode|Register_File:Reg_file|Register~702 ; SoC_Top:u_soc|Pipeline_top:u_cpu|decode_cycle:decode|CSR_Unit:u_csr|mepc[30]     ; CLOCK_50     ; CLOCK_50    ; 10.000       ; 0.000      ; 3.179      ;
; 6.853 ; SoC_Top:u_soc|Pipeline_top:u_cpu|decode_cycle:decode|Register_File:Reg_file|Register~309 ; SoC_Top:u_soc|Pipeline_top:u_cpu|decode_cycle:decode|CSR_Unit:u_csr|mepc[21]     ; CLOCK_50     ; CLOCK_50    ; 10.000       ; 0.018      ; 3.197      ;
; 6.854 ; SoC_Top:u_soc|Pipeline_top:u_cpu|decode_cycle:decode|Register_File:Reg_file|Register~132 ; SoC_Top:u_soc|Pipeline_top:u_cpu|decode_cycle:decode|CSR_Unit:u_csr|mepc[4]      ; CLOCK_50     ; CLOCK_50    ; 10.000       ; 0.010      ; 3.188      ;
; 6.856 ; SoC_Top:u_soc|Pipeline_top:u_cpu|decode_cycle:decode|Register_File:Reg_file|Register~91  ; SoC_Top:u_soc|Pipeline_top:u_cpu|decode_cycle:decode|CSR_Unit:u_csr|mepc[27]     ; CLOCK_50     ; CLOCK_50    ; 10.000       ; 0.020      ; 3.196      ;
; 6.857 ; SoC_Top:u_soc|Pipeline_top:u_cpu|decode_cycle:decode|Register_File:Reg_file|Register~707 ; SoC_Top:u_soc|Pipeline_top:u_cpu|decode_cycle:decode|CSR_Unit:u_csr|mepc[3]      ; CLOCK_50     ; CLOCK_50    ; 10.000       ; 0.012      ; 3.187      ;
; 6.857 ; SoC_Top:u_soc|Pipeline_top:u_cpu|decode_cycle:decode|Register_File:Reg_file|Register~468 ; SoC_Top:u_soc|Pipeline_top:u_cpu|decode_cycle:decode|CSR_Unit:u_csr|mepc[20]     ; CLOCK_50     ; CLOCK_50    ; 10.000       ; 0.005      ; 3.180      ;
; 6.858 ; SoC_Top:u_soc|Pipeline_top:u_cpu|decode_cycle:decode|Register_File:Reg_file|Register~519 ; SoC_Top:u_soc|Pipeline_top:u_cpu|decode_cycle:decode|CSR_Unit:u_csr|mepc[7]      ; CLOCK_50     ; CLOCK_50    ; 10.000       ; 0.008      ; 3.182      ;
; 6.864 ; SoC_Top:u_soc|Pipeline_top:u_cpu|decode_cycle:decode|Register_File:Reg_file|Register~593 ; SoC_Top:u_soc|Pipeline_top:u_cpu|decode_cycle:decode|CSR_Unit:u_csr|mepc[17]     ; CLOCK_50     ; CLOCK_50    ; 10.000       ; 0.005      ; 3.173      ;
; 6.865 ; SoC_Top:u_soc|Pipeline_top:u_cpu|decode_cycle:decode|Register_File:Reg_file|Register~632 ; SoC_Top:u_soc|Pipeline_top:u_cpu|decode_cycle:decode|CSR_Unit:u_csr|mepc[24]     ; CLOCK_50     ; CLOCK_50    ; 10.000       ; 0.019      ; 3.186      ;
; 6.869 ; SoC_Top:u_soc|Pipeline_top:u_cpu|decode_cycle:decode|Register_File:Reg_file|Register~513 ; SoC_Top:u_soc|Pipeline_top:u_cpu|decode_cycle:decode|CSR_Unit:u_csr|mepc[1]      ; CLOCK_50     ; CLOCK_50    ; 10.000       ; 0.012      ; 3.175      ;
; 6.869 ; SoC_Top:u_soc|Pipeline_top:u_cpu|decode_cycle:decode|Register_File:Reg_file|Register~559 ; SoC_Top:u_soc|Pipeline_top:u_cpu|decode_cycle:decode|CSR_Unit:u_csr|mepc[15]     ; CLOCK_50     ; CLOCK_50    ; 10.000       ; -0.012     ; 3.151      ;
; 6.873 ; SoC_Top:u_soc|Pipeline_top:u_cpu|decode_cycle:decode|Register_File:Reg_file|Register~534 ; SoC_Top:u_soc|Pipeline_top:u_cpu|decode_cycle:decode|CSR_Unit:u_csr|mepc[22]     ; CLOCK_50     ; CLOCK_50    ; 10.000       ; 0.012      ; 3.171      ;
+-------+------------------------------------------------------------------------------------------+----------------------------------------------------------------------------------+--------------+-------------+--------------+------------+------------+


+---------------------------------------------------------------------------------------------------------------------------------------------------------------------------------------------------------------------------------------------------------------------+
; Fast Model Hold: 'CLOCK_50'                                                                                                                                                                                                                                         ;
+-------+-------------------------------------------------------------------------------------------+-------------------------------------------------------------------------------------------+--------------+-------------+--------------+------------+------------+
; Slack ; From Node                                                                                 ; To Node                                                                                   ; Launch Clock ; Latch Clock ; Relationship ; Clock Skew ; Data Delay ;
+-------+-------------------------------------------------------------------------------------------+-------------------------------------------------------------------------------------------+--------------+-------------+--------------+------------+------------+
; 0.215 ; SoC_Top:u_soc|por_count[0]                                                                ; SoC_Top:u_soc|por_count[0]                                                                ; CLOCK_50     ; CLOCK_50    ; 0.000        ; 0.000      ; 0.367      ;
; 0.215 ; SoC_Top:u_soc|por_count[1]                                                                ; SoC_Top:u_soc|por_count[1]                                                                ; CLOCK_50     ; CLOCK_50    ; 0.000        ; 0.000      ; 0.367      ;
; 0.215 ; SoC_Top:u_soc|por_count[2]                                                                ; SoC_Top:u_soc|por_count[2]                                                                ; CLOCK_50     ; CLOCK_50    ; 0.000        ; 0.000      ; 0.367      ;
; 0.215 ; SoC_Top:u_soc|por_count[3]                                                                ; SoC_Top:u_soc|por_count[3]                                                                ; CLOCK_50     ; CLOCK_50    ; 0.000        ; 0.000      ; 0.367      ;
; 0.215 ; SoC_Top:u_soc|UART_RX:u_boot_rx|bit_idx[0]                                                ; SoC_Top:u_soc|UART_RX:u_boot_rx|bit_idx[0]                                                ; CLOCK_50     ; CLOCK_50    ; 0.000        ; 0.000      ; 0.367      ;
; 0.215 ; SoC_Top:u_soc|UART_RX:u_boot_rx|bit_idx[1]                                                ; SoC_Top:u_soc|UART_RX:u_boot_rx|bit_idx[1]                                                ; CLOCK_50     ; CLOCK_50    ; 0.000        ; 0.000      ; 0.367      ;
; 0.215 ; SoC_Top:u_soc|UART_RX:u_boot_rx|bit_idx[2]                                                ; SoC_Top:u_soc|UART_RX:u_boot_rx|bit_idx[2]                                                ; CLOCK_50     ; CLOCK_50    ; 0.000        ; 0.000      ; 0.367      ;
; 0.215 ; SoC_Top:u_soc|UART_RX:u_boot_rx|state.S_IDLE                                              ; SoC_Top:u_soc|UART_RX:u_boot_rx|state.S_IDLE                                              ; CLOCK_50     ; CLOCK_50    ; 0.000        ; 0.000      ; 0.367      ;
; 0.215 ; SoC_Top:u_soc|UART_RX:u_boot_rx|state.S_DATA                                              ; SoC_Top:u_soc|UART_RX:u_boot_rx|state.S_DATA                                              ; CLOCK_50     ; CLOCK_50    ; 0.000        ; 0.000      ; 0.367      ;
; 0.215 ; SoC_Top:u_soc|UART_RX:u_boot_rx|state.S_STOP                                              ; SoC_Top:u_soc|UART_RX:u_boot_rx|state.S_STOP                                              ; CLOCK_50     ; CLOCK_50    ; 0.000        ; 0.000      ; 0.367      ;
; 0.215 ; SoC_Top:u_soc|UART_RX:u_boot_rx|rx_shift[3]                                               ; SoC_Top:u_soc|UART_RX:u_boot_rx|rx_shift[3]                                               ; CLOCK_50     ; CLOCK_50    ; 0.000        ; 0.000      ; 0.367      ;
; 0.215 ; SoC_Top:u_soc|UART_RX:u_boot_rx|rx_shift[0]                                               ; SoC_Top:u_soc|UART_RX:u_boot_rx|rx_shift[0]                                               ; CLOCK_50     ; CLOCK_50    ; 0.000        ; 0.000      ; 0.367      ;
; 0.215 ; SoC_Top:u_soc|UART_RX:u_boot_rx|rx_shift[1]                                               ; SoC_Top:u_soc|UART_RX:u_boot_rx|rx_shift[1]                                               ; CLOCK_50     ; CLOCK_50    ; 0.000        ; 0.000      ; 0.367      ;
; 0.215 ; SoC_Top:u_soc|UART_RX:u_boot_rx|rx_shift[2]                                               ; SoC_Top:u_soc|UART_RX:u_boot_rx|rx_shift[2]                                               ; CLOCK_50     ; CLOCK_50    ; 0.000        ; 0.000      ; 0.367      ;
; 0.215 ; SoC_Top:u_soc|UART_RX:u_boot_rx|rx_shift[6]                                               ; SoC_Top:u_soc|UART_RX:u_boot_rx|rx_shift[6]                                               ; CLOCK_50     ; CLOCK_50    ; 0.000        ; 0.000      ; 0.367      ;
; 0.215 ; SoC_Top:u_soc|UART_RX:u_boot_rx|rx_shift[4]                                               ; SoC_Top:u_soc|UART_RX:u_boot_rx|rx_shift[4]                                               ; CLOCK_50     ; CLOCK_50    ; 0.000        ; 0.000      ; 0.367      ;
; 0.215 ; SoC_Top:u_soc|UART_RX:u_boot_rx|rx_shift[7]                                               ; SoC_Top:u_soc|UART_RX:u_boot_rx|rx_shift[7]                                               ; CLOCK_50     ; CLOCK_50    ; 0.000        ; 0.000      ; 0.367      ;
; 0.215 ; SoC_Top:u_soc|UART_RX:u_boot_rx|rx_shift[5]                                               ; SoC_Top:u_soc|UART_RX:u_boot_rx|rx_shift[5]                                               ; CLOCK_50     ; CLOCK_50    ; 0.000        ; 0.000      ; 0.367      ;
; 0.215 ; SoC_Top:u_soc|UART_LOADER:u_loader|state.S_IDLE                                           ; SoC_Top:u_soc|UART_LOADER:u_loader|state.S_IDLE                                           ; CLOCK_50     ; CLOCK_50    ; 0.000        ; 0.000      ; 0.367      ;
; 0.215 ; SoC_Top:u_soc|UART_LOADER:u_loader|state.S_BYTE0                                          ; SoC_Top:u_soc|UART_LOADER:u_loader|state.S_BYTE0                                          ; CLOCK_50     ; CLOCK_50    ; 0.000        ; 0.000      ; 0.367      ;
; 0.215 ; SoC_Top:u_soc|Pipeline_top:u_cpu|memory_cycle:memory|apb_master:u_apb_master|PSEL         ; SoC_Top:u_soc|Pipeline_top:u_cpu|memory_cycle:memory|apb_master:u_apb_master|PSEL         ; CLOCK_50     ; CLOCK_50    ; 0.000        ; 0.000      ; 0.367      ;
; 0.215 ; SoC_Top:u_soc|apb_spi_master:u_spi|spi_state.S_IDLE                                       ; SoC_Top:u_soc|apb_spi_master:u_spi|spi_state.S_IDLE                                       ; CLOCK_50     ; CLOCK_50    ; 0.000        ; 0.000      ; 0.367      ;
; 0.215 ; SoC_Top:u_soc|apb_spi_master:u_spi|clk_cnt[0]                                             ; SoC_Top:u_soc|apb_spi_master:u_spi|clk_cnt[0]                                             ; CLOCK_50     ; CLOCK_50    ; 0.000        ; 0.000      ; 0.367      ;
; 0.215 ; SoC_Top:u_soc|apb_spi_master:u_spi|clk_cnt[1]                                             ; SoC_Top:u_soc|apb_spi_master:u_spi|clk_cnt[1]                                             ; CLOCK_50     ; CLOCK_50    ; 0.000        ; 0.000      ; 0.367      ;
; 0.215 ; SoC_Top:u_soc|apb_spi_master:u_spi|clk_cnt[2]                                             ; SoC_Top:u_soc|apb_spi_master:u_spi|clk_cnt[2]                                             ; CLOCK_50     ; CLOCK_50    ; 0.000        ; 0.000      ; 0.367      ;
; 0.215 ; SoC_Top:u_soc|apb_spi_master:u_spi|clk_cnt[3]                                             ; SoC_Top:u_soc|apb_spi_master:u_spi|clk_cnt[3]                                             ; CLOCK_50     ; CLOCK_50    ; 0.000        ; 0.000      ; 0.367      ;
; 0.215 ; SoC_Top:u_soc|apb_spi_master:u_spi|clk_cnt[4]                                             ; SoC_Top:u_soc|apb_spi_master:u_spi|clk_cnt[4]                                             ; CLOCK_50     ; CLOCK_50    ; 0.000        ; 0.000      ; 0.367      ;
; 0.215 ; SoC_Top:u_soc|apb_spi_master:u_spi|clk_cnt[5]                                             ; SoC_Top:u_soc|apb_spi_master:u_spi|clk_cnt[5]                                             ; CLOCK_50     ; CLOCK_50    ; 0.000        ; 0.000      ; 0.367      ;
; 0.215 ; SoC_Top:u_soc|apb_i2c_master:u_i2c|cmd_read                                               ; SoC_Top:u_soc|apb_i2c_master:u_i2c|cmd_read                                               ; CLOCK_50     ; CLOCK_50    ; 0.000        ; 0.000      ; 0.367      ;
; 0.215 ; SoC_Top:u_soc|apb_i2c_master:u_i2c|cmd_start                                              ; SoC_Top:u_soc|apb_i2c_master:u_i2c|cmd_start                                              ; CLOCK_50     ; CLOCK_50    ; 0.000        ; 0.000      ; 0.367      ;
; 0.215 ; SoC_Top:u_soc|apb_i2c_master:u_i2c|state.ST_START_1                                       ; SoC_Top:u_soc|apb_i2c_master:u_i2c|state.ST_START_1                                       ; CLOCK_50     ; CLOCK_50    ; 0.000        ; 0.000      ; 0.367      ;
; 0.215 ; SoC_Top:u_soc|apb_i2c_master:u_i2c|state.ST_ACK_CHECK                                     ; SoC_Top:u_soc|apb_i2c_master:u_i2c|state.ST_ACK_CHECK                                     ; CLOCK_50     ; CLOCK_50    ; 0.000        ; 0.000      ; 0.367      ;
; 0.215 ; SoC_Top:u_soc|apb_i2c_master:u_i2c|cmd_stop                                               ; SoC_Top:u_soc|apb_i2c_master:u_i2c|cmd_stop                                               ; CLOCK_50     ; CLOCK_50    ; 0.000        ; 0.000      ; 0.367      ;
; 0.215 ; SoC_Top:u_soc|apb_i2c_master:u_i2c|state.ST_RX_BIT                                        ; SoC_Top:u_soc|apb_i2c_master:u_i2c|state.ST_RX_BIT                                        ; CLOCK_50     ; CLOCK_50    ; 0.000        ; 0.000      ; 0.367      ;
; 0.215 ; SoC_Top:u_soc|apb_i2c_master:u_i2c|state.ST_ACK_SEND                                      ; SoC_Top:u_soc|apb_i2c_master:u_i2c|state.ST_ACK_SEND                                      ; CLOCK_50     ; CLOCK_50    ; 0.000        ; 0.000      ; 0.367      ;
; 0.215 ; SoC_Top:u_soc|apb_i2c_master:u_i2c|state.ST_STOP_1                                        ; SoC_Top:u_soc|apb_i2c_master:u_i2c|state.ST_STOP_1                                        ; CLOCK_50     ; CLOCK_50    ; 0.000        ; 0.000      ; 0.367      ;
; 0.215 ; SoC_Top:u_soc|apb_i2c_master:u_i2c|cmd_ack_en                                             ; SoC_Top:u_soc|apb_i2c_master:u_i2c|cmd_ack_en                                             ; CLOCK_50     ; CLOCK_50    ; 0.000        ; 0.000      ; 0.367      ;
; 0.215 ; SoC_Top:u_soc|apb_i2c_master:u_i2c|sda_oen_reg                                            ; SoC_Top:u_soc|apb_i2c_master:u_i2c|sda_oen_reg                                            ; CLOCK_50     ; CLOCK_50    ; 0.000        ; 0.000      ; 0.367      ;
; 0.215 ; SoC_Top:u_soc|apb_uart:u_uart|UART_TOP:u_uart|UART_RX:u_rx|bit_idx[0]                     ; SoC_Top:u_soc|apb_uart:u_uart|UART_TOP:u_uart|UART_RX:u_rx|bit_idx[0]                     ; CLOCK_50     ; CLOCK_50    ; 0.000        ; 0.000      ; 0.367      ;
; 0.215 ; SoC_Top:u_soc|apb_uart:u_uart|UART_TOP:u_uart|UART_RX:u_rx|bit_idx[1]                     ; SoC_Top:u_soc|apb_uart:u_uart|UART_TOP:u_uart|UART_RX:u_rx|bit_idx[1]                     ; CLOCK_50     ; CLOCK_50    ; 0.000        ; 0.000      ; 0.367      ;
; 0.215 ; SoC_Top:u_soc|apb_uart:u_uart|UART_TOP:u_uart|UART_RX:u_rx|bit_idx[2]                     ; SoC_Top:u_soc|apb_uart:u_uart|UART_TOP:u_uart|UART_RX:u_rx|bit_idx[2]                     ; CLOCK_50     ; CLOCK_50    ; 0.000        ; 0.000      ; 0.367      ;
; 0.215 ; SoC_Top:u_soc|apb_uart:u_uart|UART_TOP:u_uart|UART_RX:u_rx|state.S_DATA                   ; SoC_Top:u_soc|apb_uart:u_uart|UART_TOP:u_uart|UART_RX:u_rx|state.S_DATA                   ; CLOCK_50     ; CLOCK_50    ; 0.000        ; 0.000      ; 0.367      ;
; 0.215 ; SoC_Top:u_soc|apb_uart:u_uart|UART_TOP:u_uart|UART_RX:u_rx|state.S_STOP                   ; SoC_Top:u_soc|apb_uart:u_uart|UART_TOP:u_uart|UART_RX:u_rx|state.S_STOP                   ; CLOCK_50     ; CLOCK_50    ; 0.000        ; 0.000      ; 0.367      ;
; 0.215 ; SoC_Top:u_soc|apb_uart:u_uart|UART_TOP:u_uart|UART_RX:u_rx|state.S_IDLE                   ; SoC_Top:u_soc|apb_uart:u_uart|UART_TOP:u_uart|UART_RX:u_rx|state.S_IDLE                   ; CLOCK_50     ; CLOCK_50    ; 0.000        ; 0.000      ; 0.367      ;
; 0.215 ; SoC_Top:u_soc|apb_uart:u_uart|UART_TOP:u_uart|UART_RX:u_rx|rx_shift[5]                    ; SoC_Top:u_soc|apb_uart:u_uart|UART_TOP:u_uart|UART_RX:u_rx|rx_shift[5]                    ; CLOCK_50     ; CLOCK_50    ; 0.000        ; 0.000      ; 0.367      ;
; 0.215 ; SoC_Top:u_soc|apb_spi_master:u_spi|sclk_edge                                              ; SoC_Top:u_soc|apb_spi_master:u_spi|sclk_edge                                              ; CLOCK_50     ; CLOCK_50    ; 0.000        ; 0.000      ; 0.367      ;
; 0.215 ; SoC_Top:u_soc|apb_uart:u_uart|UART_TOP:u_uart|UART_RX:u_rx|rx_shift[4]                    ; SoC_Top:u_soc|apb_uart:u_uart|UART_TOP:u_uart|UART_RX:u_rx|rx_shift[4]                    ; CLOCK_50     ; CLOCK_50    ; 0.000        ; 0.000      ; 0.367      ;
; 0.215 ; SoC_Top:u_soc|apb_i2c_master:u_i2c|bit_cnt[1]                                             ; SoC_Top:u_soc|apb_i2c_master:u_i2c|bit_cnt[1]                                             ; CLOCK_50     ; CLOCK_50    ; 0.000        ; 0.000      ; 0.367      ;
; 0.215 ; SoC_Top:u_soc|apb_i2c_master:u_i2c|bit_cnt[2]                                             ; SoC_Top:u_soc|apb_i2c_master:u_i2c|bit_cnt[2]                                             ; CLOCK_50     ; CLOCK_50    ; 0.000        ; 0.000      ; 0.367      ;
; 0.215 ; SoC_Top:u_soc|apb_i2c_master:u_i2c|bit_cnt[0]                                             ; SoC_Top:u_soc|apb_i2c_master:u_i2c|bit_cnt[0]                                             ; CLOCK_50     ; CLOCK_50    ; 0.000        ; 0.000      ; 0.367      ;
; 0.215 ; SoC_Top:u_soc|apb_uart:u_uart|UART_TOP:u_uart|UART_RX:u_rx|rx_shift[6]                    ; SoC_Top:u_soc|apb_uart:u_uart|UART_TOP:u_uart|UART_RX:u_rx|rx_shift[6]                    ; CLOCK_50     ; CLOCK_50    ; 0.000        ; 0.000      ; 0.367      ;
; 0.215 ; SoC_Top:u_soc|apb_spi_master:u_spi|clk_cnt[6]                                             ; SoC_Top:u_soc|apb_spi_master:u_spi|clk_cnt[6]                                             ; CLOCK_50     ; CLOCK_50    ; 0.000        ; 0.000      ; 0.367      ;
; 0.215 ; SoC_Top:u_soc|apb_spi_master:u_spi|clk_cnt[7]                                             ; SoC_Top:u_soc|apb_spi_master:u_spi|clk_cnt[7]                                             ; CLOCK_50     ; CLOCK_50    ; 0.000        ; 0.000      ; 0.367      ;
; 0.215 ; SoC_Top:u_soc|apb_spi_master:u_spi|bit_cnt[1]                                             ; SoC_Top:u_soc|apb_spi_master:u_spi|bit_cnt[1]                                             ; CLOCK_50     ; CLOCK_50    ; 0.000        ; 0.000      ; 0.367      ;
; 0.215 ; SoC_Top:u_soc|apb_spi_master:u_spi|bit_cnt[0]                                             ; SoC_Top:u_soc|apb_spi_master:u_spi|bit_cnt[0]                                             ; CLOCK_50     ; CLOCK_50    ; 0.000        ; 0.000      ; 0.367      ;
; 0.215 ; SoC_Top:u_soc|apb_spi_master:u_spi|bit_cnt[2]                                             ; SoC_Top:u_soc|apb_spi_master:u_spi|bit_cnt[2]                                             ; CLOCK_50     ; CLOCK_50    ; 0.000        ; 0.000      ; 0.367      ;
; 0.215 ; SoC_Top:u_soc|apb_spi_master:u_spi|spi_irq_flag                                           ; SoC_Top:u_soc|apb_spi_master:u_spi|spi_irq_flag                                           ; CLOCK_50     ; CLOCK_50    ; 0.000        ; 0.000      ; 0.367      ;
; 0.215 ; SoC_Top:u_soc|apb_i2c_master:u_i2c|i2c_irq_flag                                           ; SoC_Top:u_soc|apb_i2c_master:u_i2c|i2c_irq_flag                                           ; CLOCK_50     ; CLOCK_50    ; 0.000        ; 0.000      ; 0.367      ;
; 0.215 ; SoC_Top:u_soc|apb_timer:u_timer|status_reg                                                ; SoC_Top:u_soc|apb_timer:u_timer|status_reg                                                ; CLOCK_50     ; CLOCK_50    ; 0.000        ; 0.000      ; 0.367      ;
; 0.215 ; SoC_Top:u_soc|apb_uart:u_uart|UART_TOP:u_uart|UART_RX:u_rx|rx_shift[0]                    ; SoC_Top:u_soc|apb_uart:u_uart|UART_TOP:u_uart|UART_RX:u_rx|rx_shift[0]                    ; CLOCK_50     ; CLOCK_50    ; 0.000        ; 0.000      ; 0.367      ;
; 0.215 ; SoC_Top:u_soc|apb_uart:u_uart|UART_TOP:u_uart|UART_TX:u_tx|state.S_START                  ; SoC_Top:u_soc|apb_uart:u_uart|UART_TOP:u_uart|UART_TX:u_tx|state.S_START                  ; CLOCK_50     ; CLOCK_50    ; 0.000        ; 0.000      ; 0.367      ;
; 0.215 ; SoC_Top:u_soc|apb_uart:u_uart|UART_TOP:u_uart|UART_TX:u_tx|bit_idx[0]                     ; SoC_Top:u_soc|apb_uart:u_uart|UART_TOP:u_uart|UART_TX:u_tx|bit_idx[0]                     ; CLOCK_50     ; CLOCK_50    ; 0.000        ; 0.000      ; 0.367      ;
; 0.215 ; SoC_Top:u_soc|apb_uart:u_uart|UART_TOP:u_uart|UART_TX:u_tx|bit_idx[1]                     ; SoC_Top:u_soc|apb_uart:u_uart|UART_TOP:u_uart|UART_TX:u_tx|bit_idx[1]                     ; CLOCK_50     ; CLOCK_50    ; 0.000        ; 0.000      ; 0.367      ;
; 0.215 ; SoC_Top:u_soc|apb_uart:u_uart|UART_TOP:u_uart|UART_TX:u_tx|bit_idx[2]                     ; SoC_Top:u_soc|apb_uart:u_uart|UART_TOP:u_uart|UART_TX:u_tx|bit_idx[2]                     ; CLOCK_50     ; CLOCK_50    ; 0.000        ; 0.000      ; 0.367      ;
; 0.215 ; SoC_Top:u_soc|apb_uart:u_uart|UART_TOP:u_uart|UART_TX:u_tx|state.S_STOP                   ; SoC_Top:u_soc|apb_uart:u_uart|UART_TOP:u_uart|UART_TX:u_tx|state.S_STOP                   ; CLOCK_50     ; CLOCK_50    ; 0.000        ; 0.000      ; 0.367      ;
; 0.215 ; SoC_Top:u_soc|apb_uart:u_uart|UART_TOP:u_uart|UART_TX:u_tx|state.S_IDLE                   ; SoC_Top:u_soc|apb_uart:u_uart|UART_TOP:u_uart|UART_TX:u_tx|state.S_IDLE                   ; CLOCK_50     ; CLOCK_50    ; 0.000        ; 0.000      ; 0.367      ;
; 0.215 ; SoC_Top:u_soc|apb_uart:u_uart|UART_TOP:u_uart|UART_TX:u_tx|tx_busy                        ; SoC_Top:u_soc|apb_uart:u_uart|UART_TOP:u_uart|UART_TX:u_tx|tx_busy                        ; CLOCK_50     ; CLOCK_50    ; 0.000        ; 0.000      ; 0.367      ;
; 0.215 ; SoC_Top:u_soc|apb_spi_master:u_spi|spi_busy                                               ; SoC_Top:u_soc|apb_spi_master:u_spi|spi_busy                                               ; CLOCK_50     ; CLOCK_50    ; 0.000        ; 0.000      ; 0.367      ;
; 0.215 ; SoC_Top:u_soc|apb_spi_master:u_spi|cs_reg                                                 ; SoC_Top:u_soc|apb_spi_master:u_spi|cs_reg                                                 ; CLOCK_50     ; CLOCK_50    ; 0.000        ; 0.000      ; 0.367      ;
; 0.215 ; SoC_Top:u_soc|apb_uart:u_uart|UART_TOP:u_uart|UART_RX:u_rx|rx_shift[7]                    ; SoC_Top:u_soc|apb_uart:u_uart|UART_TOP:u_uart|UART_RX:u_rx|rx_shift[7]                    ; CLOCK_50     ; CLOCK_50    ; 0.000        ; 0.000      ; 0.367      ;
; 0.215 ; SoC_Top:u_soc|apb_uart:u_uart|UART_TOP:u_uart|UART_RX:u_rx|rx_shift[2]                    ; SoC_Top:u_soc|apb_uart:u_uart|UART_TOP:u_uart|UART_RX:u_rx|rx_shift[2]                    ; CLOCK_50     ; CLOCK_50    ; 0.000        ; 0.000      ; 0.367      ;
; 0.215 ; SoC_Top:u_soc|apb_uart:u_uart|UART_TOP:u_uart|UART_RX:u_rx|rx_shift[1]                    ; SoC_Top:u_soc|apb_uart:u_uart|UART_TOP:u_uart|UART_RX:u_rx|rx_shift[1]                    ; CLOCK_50     ; CLOCK_50    ; 0.000        ; 0.000      ; 0.367      ;
; 0.215 ; SoC_Top:u_soc|apb_uart:u_uart|UART_TOP:u_uart|UART_RX:u_rx|rx_shift[3]                    ; SoC_Top:u_soc|apb_uart:u_uart|UART_TOP:u_uart|UART_RX:u_rx|rx_shift[3]                    ; CLOCK_50     ; CLOCK_50    ; 0.000        ; 0.000      ; 0.367      ;
; 0.215 ; SoC_Top:u_soc|Pipeline_top:u_cpu|memory_cycle:memory|apb_master:u_apb_master|state.S_IDLE ; SoC_Top:u_soc|Pipeline_top:u_cpu|memory_cycle:memory|apb_master:u_apb_master|state.S_IDLE ; CLOCK_50     ; CLOCK_50    ; 0.000        ; 0.000      ; 0.367      ;
; 0.215 ; SoC_Top:u_soc|apb_spi_master:u_spi|spi_state.S_TRANSFER                                   ; SoC_Top:u_soc|apb_spi_master:u_spi|spi_state.S_TRANSFER                                   ; CLOCK_50     ; CLOCK_50    ; 0.000        ; 0.000      ; 0.367      ;
; 0.215 ; SoC_Top:u_soc|apb_spi_master:u_spi|sclk_reg                                               ; SoC_Top:u_soc|apb_spi_master:u_spi|sclk_reg                                               ; CLOCK_50     ; CLOCK_50    ; 0.000        ; 0.000      ; 0.367      ;
; 0.215 ; SoC_Top:u_soc|done_latch                                                                  ; SoC_Top:u_soc|done_latch                                                                  ; CLOCK_50     ; CLOCK_50    ; 0.000        ; 0.000      ; 0.367      ;
; 0.215 ; SoC_Top:u_soc|Pipeline_top:u_cpu|decode_cycle:decode|Imm_Ext_D_reg[11]                    ; SoC_Top:u_soc|Pipeline_top:u_cpu|decode_cycle:decode|Imm_Ext_D_reg[11]                    ; CLOCK_50     ; CLOCK_50    ; 0.000        ; 0.000      ; 0.367      ;
; 0.215 ; SoC_Top:u_soc|Pipeline_top:u_cpu|decode_cycle:decode|CSR_Unit:u_csr|mie_meie              ; SoC_Top:u_soc|Pipeline_top:u_cpu|decode_cycle:decode|CSR_Unit:u_csr|mie_meie              ; CLOCK_50     ; CLOCK_50    ; 0.000        ; 0.000      ; 0.367      ;
; 0.215 ; SoC_Top:u_soc|Pipeline_top:u_cpu|execute_cycle:execute|ALUResultE_reg[4]                  ; SoC_Top:u_soc|Pipeline_top:u_cpu|execute_cycle:execute|ALUResultE_reg[4]                  ; CLOCK_50     ; CLOCK_50    ; 0.000        ; 0.000      ; 0.367      ;
; 0.215 ; SoC_Top:u_soc|Pipeline_top:u_cpu|decode_cycle:decode|Imm_Ext_D_reg[31]                    ; SoC_Top:u_soc|Pipeline_top:u_cpu|decode_cycle:decode|Imm_Ext_D_reg[31]                    ; CLOCK_50     ; CLOCK_50    ; 0.000        ; 0.000      ; 0.367      ;
; 0.215 ; SoC_Top:u_soc|Pipeline_top:u_cpu|decode_cycle:decode|CSR_Unit:u_csr|mstatus_mpie          ; SoC_Top:u_soc|Pipeline_top:u_cpu|decode_cycle:decode|CSR_Unit:u_csr|mstatus_mpie          ; CLOCK_50     ; CLOCK_50    ; 0.000        ; 0.000      ; 0.367      ;
; 0.215 ; SoC_Top:u_soc|apb_i2c_master:u_i2c|ack_fail                                               ; SoC_Top:u_soc|apb_i2c_master:u_i2c|ack_fail                                               ; CLOCK_50     ; CLOCK_50    ; 0.000        ; 0.000      ; 0.367      ;
; 0.215 ; SoC_Top:u_soc|Pipeline_top:u_cpu|decode_cycle:decode|Imm_Ext_D_reg[0]                     ; SoC_Top:u_soc|Pipeline_top:u_cpu|decode_cycle:decode|Imm_Ext_D_reg[0]                     ; CLOCK_50     ; CLOCK_50    ; 0.000        ; 0.000      ; 0.367      ;
; 0.215 ; SoC_Top:u_soc|Pipeline_top:u_cpu|decode_cycle:decode|ALUSrcAD_reg[1]                      ; SoC_Top:u_soc|Pipeline_top:u_cpu|decode_cycle:decode|ALUSrcAD_reg[1]                      ; CLOCK_50     ; CLOCK_50    ; 0.000        ; 0.000      ; 0.367      ;
; 0.215 ; SoC_Top:u_soc|Pipeline_top:u_cpu|decode_cycle:decode|BranchD_reg                          ; SoC_Top:u_soc|Pipeline_top:u_cpu|decode_cycle:decode|BranchD_reg                          ; CLOCK_50     ; CLOCK_50    ; 0.000        ; 0.000      ; 0.367      ;
; 0.236 ; SoC_Top:u_soc|Pipeline_top:u_cpu|decode_cycle:decode|CSRReadDataD_reg[12]                 ; SoC_Top:u_soc|Pipeline_top:u_cpu|execute_cycle:execute|CSRReadDataE_reg[12]               ; CLOCK_50     ; CLOCK_50    ; 0.000        ; 0.000      ; 0.388      ;
; 0.236 ; SoC_Top:u_soc|Pipeline_top:u_cpu|decode_cycle:decode|PCPlus4D_reg[20]                     ; SoC_Top:u_soc|Pipeline_top:u_cpu|execute_cycle:execute|PCPlus4E_reg[20]                   ; CLOCK_50     ; CLOCK_50    ; 0.000        ; 0.000      ; 0.388      ;
; 0.236 ; SoC_Top:u_soc|Pipeline_top:u_cpu|decode_cycle:decode|CSRReadDataD_reg[15]                 ; SoC_Top:u_soc|Pipeline_top:u_cpu|execute_cycle:execute|CSRReadDataE_reg[15]               ; CLOCK_50     ; CLOCK_50    ; 0.000        ; 0.000      ; 0.388      ;
; 0.236 ; SoC_Top:u_soc|Pipeline_top:u_cpu|decode_cycle:decode|PCPlus4D_reg[9]                      ; SoC_Top:u_soc|Pipeline_top:u_cpu|execute_cycle:execute|PCPlus4E_reg[9]                    ; CLOCK_50     ; CLOCK_50    ; 0.000        ; 0.000      ; 0.388      ;
; 0.237 ; SoC_Top:u_soc|UART_RX:u_boot_rx|rx_ff1                                                    ; SoC_Top:u_soc|UART_RX:u_boot_rx|rx_ff2                                                    ; CLOCK_50     ; CLOCK_50    ; 0.000        ; 0.000      ; 0.389      ;
; 0.237 ; SoC_Top:u_soc|Pipeline_top:u_cpu|decode_cycle:decode|CSRReadDataD_reg[31]                 ; SoC_Top:u_soc|Pipeline_top:u_cpu|execute_cycle:execute|CSRReadDataE_reg[31]               ; CLOCK_50     ; CLOCK_50    ; 0.000        ; 0.000      ; 0.389      ;
; 0.238 ; SoC_Top:u_soc|Pipeline_top:u_cpu|decode_cycle:decode|PCPlus4D_reg[14]                     ; SoC_Top:u_soc|Pipeline_top:u_cpu|execute_cycle:execute|PCPlus4E_reg[14]                   ; CLOCK_50     ; CLOCK_50    ; 0.000        ; 0.000      ; 0.390      ;
; 0.238 ; SoC_Top:u_soc|Pipeline_top:u_cpu|fetch_cycle:fetch|PCF_reg[13]                            ; SoC_Top:u_soc|Pipeline_top:u_cpu|fetch_cycle:fetch|PCF_reg2[13]                           ; CLOCK_50     ; CLOCK_50    ; 0.000        ; 0.000      ; 0.390      ;
; 0.238 ; SoC_Top:u_soc|Pipeline_top:u_cpu|decode_cycle:decode|PCPlus4D_reg[2]                      ; SoC_Top:u_soc|Pipeline_top:u_cpu|execute_cycle:execute|PCPlus4E_reg[2]                    ; CLOCK_50     ; CLOCK_50    ; 0.000        ; 0.000      ; 0.390      ;
; 0.238 ; SoC_Top:u_soc|apb_i2c_master:u_i2c|cmd_read_ack                                           ; SoC_Top:u_soc|apb_i2c_master:u_i2c|cmd_read                                               ; CLOCK_50     ; CLOCK_50    ; 0.000        ; 0.000      ; 0.390      ;
; 0.238 ; SoC_Top:u_soc|apb_i2c_master:u_i2c|prev_busy                                              ; SoC_Top:u_soc|apb_i2c_master:u_i2c|i2c_irq_flag                                           ; CLOCK_50     ; CLOCK_50    ; 0.000        ; 0.000      ; 0.390      ;
; 0.239 ; SoC_Top:u_soc|UART_LOADER:u_loader|instr_buf[12]                                          ; SoC_Top:u_soc|UART_LOADER:u_loader|write_data[12]                                         ; CLOCK_50     ; CLOCK_50    ; 0.000        ; 0.000      ; 0.391      ;
; 0.239 ; SoC_Top:u_soc|UART_LOADER:u_loader|write_data[6]                                          ; SoC_Top:u_soc|Pipeline_top:u_cpu|fetch_cycle:fetch|Instruction_Memory:I_Memory|mem~7      ; CLOCK_50     ; CLOCK_50    ; 0.000        ; 0.000      ; 0.391      ;
; 0.239 ; SoC_Top:u_soc|UART_LOADER:u_loader|instr_buf[10]                                          ; SoC_Top:u_soc|UART_LOADER:u_loader|write_data[10]                                         ; CLOCK_50     ; CLOCK_50    ; 0.000        ; 0.000      ; 0.391      ;
+-------+-------------------------------------------------------------------------------------------+-------------------------------------------------------------------------------------------+--------------+-------------+--------------+------------+------------+


+--------------------------------------------------------------------------------------------------------------------------------------------------------+
; Fast Model Recovery: 'CLOCK_50'                                                                                                                        ;
+--------+---------------------+---------------------------------------------------+--------------+-------------+--------------+------------+------------+
; Slack  ; From Node           ; To Node                                           ; Launch Clock ; Latch Clock ; Relationship ; Clock Skew ; Data Delay ;
+--------+---------------------+---------------------------------------------------+--------------+-------------+--------------+------------+------------+
; 18.367 ; SoC_Top:u_soc|por_n ; SoC_Top:u_soc|UART_RX:u_boot_rx|state.S_START     ; CLOCK_50     ; CLOCK_50    ; 20.000       ; -0.009     ; 1.656      ;
; 18.367 ; SoC_Top:u_soc|por_n ; SoC_Top:u_soc|UART_RX:u_boot_rx|bit_idx[2]        ; CLOCK_50     ; CLOCK_50    ; 20.000       ; -0.009     ; 1.656      ;
; 18.367 ; SoC_Top:u_soc|por_n ; SoC_Top:u_soc|UART_RX:u_boot_rx|state.S_IDLE      ; CLOCK_50     ; CLOCK_50    ; 20.000       ; -0.009     ; 1.656      ;
; 18.367 ; SoC_Top:u_soc|por_n ; SoC_Top:u_soc|UART_RX:u_boot_rx|state.S_DATA      ; CLOCK_50     ; CLOCK_50    ; 20.000       ; -0.009     ; 1.656      ;
; 18.367 ; SoC_Top:u_soc|por_n ; SoC_Top:u_soc|UART_RX:u_boot_rx|rx_shift[2]       ; CLOCK_50     ; CLOCK_50    ; 20.000       ; -0.009     ; 1.656      ;
; 18.367 ; SoC_Top:u_soc|por_n ; SoC_Top:u_soc|UART_RX:u_boot_rx|rx_data[2]        ; CLOCK_50     ; CLOCK_50    ; 20.000       ; -0.009     ; 1.656      ;
; 18.367 ; SoC_Top:u_soc|por_n ; SoC_Top:u_soc|UART_LOADER:u_loader|instr_buf[28]  ; CLOCK_50     ; CLOCK_50    ; 20.000       ; 0.000      ; 1.665      ;
; 18.367 ; SoC_Top:u_soc|por_n ; SoC_Top:u_soc|UART_LOADER:u_loader|write_data[28] ; CLOCK_50     ; CLOCK_50    ; 20.000       ; 0.000      ; 1.665      ;
; 18.367 ; SoC_Top:u_soc|por_n ; SoC_Top:u_soc|UART_LOADER:u_loader|instr_buf[31]  ; CLOCK_50     ; CLOCK_50    ; 20.000       ; 0.000      ; 1.665      ;
; 18.367 ; SoC_Top:u_soc|por_n ; SoC_Top:u_soc|UART_LOADER:u_loader|write_data[31] ; CLOCK_50     ; CLOCK_50    ; 20.000       ; 0.000      ; 1.665      ;
; 18.367 ; SoC_Top:u_soc|por_n ; SoC_Top:u_soc|UART_LOADER:u_loader|instr_buf[30]  ; CLOCK_50     ; CLOCK_50    ; 20.000       ; 0.000      ; 1.665      ;
; 18.367 ; SoC_Top:u_soc|por_n ; SoC_Top:u_soc|UART_LOADER:u_loader|write_data[30] ; CLOCK_50     ; CLOCK_50    ; 20.000       ; 0.000      ; 1.665      ;
; 18.367 ; SoC_Top:u_soc|por_n ; SoC_Top:u_soc|UART_LOADER:u_loader|instr_buf[29]  ; CLOCK_50     ; CLOCK_50    ; 20.000       ; 0.000      ; 1.665      ;
; 18.367 ; SoC_Top:u_soc|por_n ; SoC_Top:u_soc|UART_LOADER:u_loader|write_data[29] ; CLOCK_50     ; CLOCK_50    ; 20.000       ; 0.000      ; 1.665      ;
; 18.367 ; SoC_Top:u_soc|por_n ; SoC_Top:u_soc|UART_LOADER:u_loader|instr_buf[24]  ; CLOCK_50     ; CLOCK_50    ; 20.000       ; 0.000      ; 1.665      ;
; 18.367 ; SoC_Top:u_soc|por_n ; SoC_Top:u_soc|UART_LOADER:u_loader|write_data[24] ; CLOCK_50     ; CLOCK_50    ; 20.000       ; 0.000      ; 1.665      ;
; 18.367 ; SoC_Top:u_soc|por_n ; SoC_Top:u_soc|UART_LOADER:u_loader|instr_buf[27]  ; CLOCK_50     ; CLOCK_50    ; 20.000       ; 0.000      ; 1.665      ;
; 18.367 ; SoC_Top:u_soc|por_n ; SoC_Top:u_soc|UART_LOADER:u_loader|write_data[27] ; CLOCK_50     ; CLOCK_50    ; 20.000       ; 0.000      ; 1.665      ;
; 18.367 ; SoC_Top:u_soc|por_n ; SoC_Top:u_soc|UART_LOADER:u_loader|instr_buf[26]  ; CLOCK_50     ; CLOCK_50    ; 20.000       ; 0.000      ; 1.665      ;
; 18.367 ; SoC_Top:u_soc|por_n ; SoC_Top:u_soc|UART_LOADER:u_loader|write_data[26] ; CLOCK_50     ; CLOCK_50    ; 20.000       ; 0.000      ; 1.665      ;
; 18.367 ; SoC_Top:u_soc|por_n ; SoC_Top:u_soc|UART_LOADER:u_loader|instr_buf[25]  ; CLOCK_50     ; CLOCK_50    ; 20.000       ; 0.000      ; 1.665      ;
; 18.367 ; SoC_Top:u_soc|por_n ; SoC_Top:u_soc|UART_LOADER:u_loader|write_data[25] ; CLOCK_50     ; CLOCK_50    ; 20.000       ; 0.000      ; 1.665      ;
; 18.368 ; SoC_Top:u_soc|por_n ; SoC_Top:u_soc|UART_RX:u_boot_rx|rx_ff1            ; CLOCK_50     ; CLOCK_50    ; 20.000       ; -0.007     ; 1.657      ;
; 18.368 ; SoC_Top:u_soc|por_n ; SoC_Top:u_soc|UART_RX:u_boot_rx|rx_ff2            ; CLOCK_50     ; CLOCK_50    ; 20.000       ; -0.007     ; 1.657      ;
; 18.368 ; SoC_Top:u_soc|por_n ; SoC_Top:u_soc|UART_RX:u_boot_rx|bit_idx[0]        ; CLOCK_50     ; CLOCK_50    ; 20.000       ; -0.007     ; 1.657      ;
; 18.368 ; SoC_Top:u_soc|por_n ; SoC_Top:u_soc|UART_RX:u_boot_rx|bit_idx[1]        ; CLOCK_50     ; CLOCK_50    ; 20.000       ; -0.007     ; 1.657      ;
; 18.368 ; SoC_Top:u_soc|por_n ; SoC_Top:u_soc|UART_RX:u_boot_rx|clk_cnt[0]        ; CLOCK_50     ; CLOCK_50    ; 20.000       ; -0.012     ; 1.652      ;
; 18.368 ; SoC_Top:u_soc|por_n ; SoC_Top:u_soc|UART_RX:u_boot_rx|clk_cnt[1]        ; CLOCK_50     ; CLOCK_50    ; 20.000       ; -0.010     ; 1.654      ;
; 18.368 ; SoC_Top:u_soc|por_n ; SoC_Top:u_soc|UART_RX:u_boot_rx|clk_cnt[2]        ; CLOCK_50     ; CLOCK_50    ; 20.000       ; -0.012     ; 1.652      ;
; 18.368 ; SoC_Top:u_soc|por_n ; SoC_Top:u_soc|UART_RX:u_boot_rx|clk_cnt[3]        ; CLOCK_50     ; CLOCK_50    ; 20.000       ; -0.010     ; 1.654      ;
; 18.368 ; SoC_Top:u_soc|por_n ; SoC_Top:u_soc|UART_RX:u_boot_rx|clk_cnt[4]        ; CLOCK_50     ; CLOCK_50    ; 20.000       ; -0.012     ; 1.652      ;
; 18.368 ; SoC_Top:u_soc|por_n ; SoC_Top:u_soc|UART_RX:u_boot_rx|clk_cnt[5]        ; CLOCK_50     ; CLOCK_50    ; 20.000       ; -0.010     ; 1.654      ;
; 18.368 ; SoC_Top:u_soc|por_n ; SoC_Top:u_soc|UART_RX:u_boot_rx|clk_cnt[6]        ; CLOCK_50     ; CLOCK_50    ; 20.000       ; -0.010     ; 1.654      ;
; 18.368 ; SoC_Top:u_soc|por_n ; SoC_Top:u_soc|UART_RX:u_boot_rx|clk_cnt[7]        ; CLOCK_50     ; CLOCK_50    ; 20.000       ; -0.012     ; 1.652      ;
; 18.368 ; SoC_Top:u_soc|por_n ; SoC_Top:u_soc|UART_RX:u_boot_rx|clk_cnt[8]        ; CLOCK_50     ; CLOCK_50    ; 20.000       ; -0.010     ; 1.654      ;
; 18.368 ; SoC_Top:u_soc|por_n ; SoC_Top:u_soc|UART_RX:u_boot_rx|clk_cnt[9]        ; CLOCK_50     ; CLOCK_50    ; 20.000       ; -0.012     ; 1.652      ;
; 18.368 ; SoC_Top:u_soc|por_n ; SoC_Top:u_soc|UART_RX:u_boot_rx|state.S_STOP      ; CLOCK_50     ; CLOCK_50    ; 20.000       ; -0.007     ; 1.657      ;
; 18.368 ; SoC_Top:u_soc|por_n ; SoC_Top:u_soc|UART_RX:u_boot_rx|rx_valid          ; CLOCK_50     ; CLOCK_50    ; 20.000       ; -0.002     ; 1.662      ;
; 18.368 ; SoC_Top:u_soc|por_n ; SoC_Top:u_soc|UART_RX:u_boot_rx|rx_shift[3]       ; CLOCK_50     ; CLOCK_50    ; 20.000       ; -0.002     ; 1.662      ;
; 18.368 ; SoC_Top:u_soc|por_n ; SoC_Top:u_soc|UART_RX:u_boot_rx|rx_data[3]        ; CLOCK_50     ; CLOCK_50    ; 20.000       ; -0.002     ; 1.662      ;
; 18.368 ; SoC_Top:u_soc|por_n ; SoC_Top:u_soc|UART_RX:u_boot_rx|rx_shift[0]       ; CLOCK_50     ; CLOCK_50    ; 20.000       ; -0.002     ; 1.662      ;
; 18.368 ; SoC_Top:u_soc|por_n ; SoC_Top:u_soc|UART_RX:u_boot_rx|rx_data[0]        ; CLOCK_50     ; CLOCK_50    ; 20.000       ; -0.002     ; 1.662      ;
; 18.368 ; SoC_Top:u_soc|por_n ; SoC_Top:u_soc|UART_RX:u_boot_rx|rx_shift[1]       ; CLOCK_50     ; CLOCK_50    ; 20.000       ; -0.002     ; 1.662      ;
; 18.368 ; SoC_Top:u_soc|por_n ; SoC_Top:u_soc|UART_RX:u_boot_rx|rx_data[1]        ; CLOCK_50     ; CLOCK_50    ; 20.000       ; -0.002     ; 1.662      ;
; 18.368 ; SoC_Top:u_soc|por_n ; SoC_Top:u_soc|UART_RX:u_boot_rx|rx_shift[6]       ; CLOCK_50     ; CLOCK_50    ; 20.000       ; -0.002     ; 1.662      ;
; 18.368 ; SoC_Top:u_soc|por_n ; SoC_Top:u_soc|UART_RX:u_boot_rx|rx_data[6]        ; CLOCK_50     ; CLOCK_50    ; 20.000       ; -0.002     ; 1.662      ;
; 18.368 ; SoC_Top:u_soc|por_n ; SoC_Top:u_soc|UART_RX:u_boot_rx|rx_shift[4]       ; CLOCK_50     ; CLOCK_50    ; 20.000       ; -0.002     ; 1.662      ;
; 18.368 ; SoC_Top:u_soc|por_n ; SoC_Top:u_soc|UART_RX:u_boot_rx|rx_data[4]        ; CLOCK_50     ; CLOCK_50    ; 20.000       ; -0.002     ; 1.662      ;
; 18.368 ; SoC_Top:u_soc|por_n ; SoC_Top:u_soc|UART_RX:u_boot_rx|rx_shift[7]       ; CLOCK_50     ; CLOCK_50    ; 20.000       ; -0.002     ; 1.662      ;
; 18.368 ; SoC_Top:u_soc|por_n ; SoC_Top:u_soc|UART_RX:u_boot_rx|rx_data[7]        ; CLOCK_50     ; CLOCK_50    ; 20.000       ; -0.002     ; 1.662      ;
; 18.368 ; SoC_Top:u_soc|por_n ; SoC_Top:u_soc|UART_RX:u_boot_rx|rx_shift[5]       ; CLOCK_50     ; CLOCK_50    ; 20.000       ; -0.007     ; 1.657      ;
; 18.368 ; SoC_Top:u_soc|por_n ; SoC_Top:u_soc|UART_RX:u_boot_rx|rx_data[5]        ; CLOCK_50     ; CLOCK_50    ; 20.000       ; -0.002     ; 1.662      ;
; 18.368 ; SoC_Top:u_soc|por_n ; SoC_Top:u_soc|UART_LOADER:u_loader|state.S_DONE   ; CLOCK_50     ; CLOCK_50    ; 20.000       ; -0.001     ; 1.663      ;
; 18.368 ; SoC_Top:u_soc|por_n ; SoC_Top:u_soc|UART_LOADER:u_loader|state.S_IDLE   ; CLOCK_50     ; CLOCK_50    ; 20.000       ; -0.001     ; 1.663      ;
; 18.368 ; SoC_Top:u_soc|por_n ; SoC_Top:u_soc|UART_LOADER:u_loader|state.S_BYTE0  ; CLOCK_50     ; CLOCK_50    ; 20.000       ; -0.001     ; 1.663      ;
; 18.368 ; SoC_Top:u_soc|por_n ; SoC_Top:u_soc|UART_LOADER:u_loader|state.S_BYTE1  ; CLOCK_50     ; CLOCK_50    ; 20.000       ; -0.001     ; 1.663      ;
; 18.368 ; SoC_Top:u_soc|por_n ; SoC_Top:u_soc|UART_LOADER:u_loader|state.S_BYTE2  ; CLOCK_50     ; CLOCK_50    ; 20.000       ; -0.001     ; 1.663      ;
; 18.368 ; SoC_Top:u_soc|por_n ; SoC_Top:u_soc|UART_LOADER:u_loader|state.S_BYTE3  ; CLOCK_50     ; CLOCK_50    ; 20.000       ; -0.001     ; 1.663      ;
; 18.368 ; SoC_Top:u_soc|por_n ; SoC_Top:u_soc|UART_LOADER:u_loader|state.S_WRITE  ; CLOCK_50     ; CLOCK_50    ; 20.000       ; -0.001     ; 1.663      ;
; 18.368 ; SoC_Top:u_soc|por_n ; SoC_Top:u_soc|UART_LOADER:u_loader|next_addr[2]   ; CLOCK_50     ; CLOCK_50    ; 20.000       ; -0.006     ; 1.658      ;
; 18.368 ; SoC_Top:u_soc|por_n ; SoC_Top:u_soc|UART_LOADER:u_loader|next_addr[3]   ; CLOCK_50     ; CLOCK_50    ; 20.000       ; -0.006     ; 1.658      ;
; 18.368 ; SoC_Top:u_soc|por_n ; SoC_Top:u_soc|UART_LOADER:u_loader|next_addr[4]   ; CLOCK_50     ; CLOCK_50    ; 20.000       ; -0.006     ; 1.658      ;
; 18.368 ; SoC_Top:u_soc|por_n ; SoC_Top:u_soc|UART_LOADER:u_loader|next_addr[5]   ; CLOCK_50     ; CLOCK_50    ; 20.000       ; -0.006     ; 1.658      ;
; 18.368 ; SoC_Top:u_soc|por_n ; SoC_Top:u_soc|UART_LOADER:u_loader|next_addr[6]   ; CLOCK_50     ; CLOCK_50    ; 20.000       ; -0.006     ; 1.658      ;
; 18.368 ; SoC_Top:u_soc|por_n ; SoC_Top:u_soc|UART_LOADER:u_loader|next_addr[7]   ; CLOCK_50     ; CLOCK_50    ; 20.000       ; -0.006     ; 1.658      ;
; 18.368 ; SoC_Top:u_soc|por_n ; SoC_Top:u_soc|UART_LOADER:u_loader|next_addr[8]   ; CLOCK_50     ; CLOCK_50    ; 20.000       ; -0.006     ; 1.658      ;
; 18.368 ; SoC_Top:u_soc|por_n ; SoC_Top:u_soc|UART_LOADER:u_loader|next_addr[9]   ; CLOCK_50     ; CLOCK_50    ; 20.000       ; -0.006     ; 1.658      ;
; 18.368 ; SoC_Top:u_soc|por_n ; SoC_Top:u_soc|UART_LOADER:u_loader|next_addr[10]  ; CLOCK_50     ; CLOCK_50    ; 20.000       ; -0.006     ; 1.658      ;
; 18.368 ; SoC_Top:u_soc|por_n ; SoC_Top:u_soc|UART_LOADER:u_loader|next_addr[11]  ; CLOCK_50     ; CLOCK_50    ; 20.000       ; -0.006     ; 1.658      ;
; 18.368 ; SoC_Top:u_soc|por_n ; SoC_Top:u_soc|UART_LOADER:u_loader|write_addr[11] ; CLOCK_50     ; CLOCK_50    ; 20.000       ; -0.006     ; 1.658      ;
; 18.368 ; SoC_Top:u_soc|por_n ; SoC_Top:u_soc|UART_LOADER:u_loader|write_addr[10] ; CLOCK_50     ; CLOCK_50    ; 20.000       ; -0.006     ; 1.658      ;
; 18.368 ; SoC_Top:u_soc|por_n ; SoC_Top:u_soc|UART_LOADER:u_loader|instr_buf[0]   ; CLOCK_50     ; CLOCK_50    ; 20.000       ; -0.003     ; 1.661      ;
; 18.368 ; SoC_Top:u_soc|por_n ; SoC_Top:u_soc|UART_LOADER:u_loader|write_data[0]  ; CLOCK_50     ; CLOCK_50    ; 20.000       ; -0.001     ; 1.663      ;
; 18.368 ; SoC_Top:u_soc|por_n ; SoC_Top:u_soc|UART_LOADER:u_loader|instr_buf[6]   ; CLOCK_50     ; CLOCK_50    ; 20.000       ; -0.003     ; 1.661      ;
; 18.368 ; SoC_Top:u_soc|por_n ; SoC_Top:u_soc|UART_LOADER:u_loader|write_data[6]  ; CLOCK_50     ; CLOCK_50    ; 20.000       ; 0.000      ; 1.664      ;
; 18.368 ; SoC_Top:u_soc|por_n ; SoC_Top:u_soc|UART_LOADER:u_loader|instr_buf[2]   ; CLOCK_50     ; CLOCK_50    ; 20.000       ; -0.003     ; 1.661      ;
; 18.368 ; SoC_Top:u_soc|por_n ; SoC_Top:u_soc|UART_LOADER:u_loader|write_data[2]  ; CLOCK_50     ; CLOCK_50    ; 20.000       ; 0.000      ; 1.664      ;
; 18.368 ; SoC_Top:u_soc|por_n ; SoC_Top:u_soc|UART_LOADER:u_loader|instr_buf[1]   ; CLOCK_50     ; CLOCK_50    ; 20.000       ; -0.003     ; 1.661      ;
; 18.368 ; SoC_Top:u_soc|por_n ; SoC_Top:u_soc|UART_LOADER:u_loader|write_data[1]  ; CLOCK_50     ; CLOCK_50    ; 20.000       ; -0.001     ; 1.663      ;
; 18.368 ; SoC_Top:u_soc|por_n ; SoC_Top:u_soc|UART_LOADER:u_loader|instr_buf[13]  ; CLOCK_50     ; CLOCK_50    ; 20.000       ; -0.004     ; 1.660      ;
; 18.368 ; SoC_Top:u_soc|por_n ; SoC_Top:u_soc|UART_LOADER:u_loader|write_data[13] ; CLOCK_50     ; CLOCK_50    ; 20.000       ; -0.004     ; 1.660      ;
; 18.368 ; SoC_Top:u_soc|por_n ; SoC_Top:u_soc|UART_LOADER:u_loader|instr_buf[14]  ; CLOCK_50     ; CLOCK_50    ; 20.000       ; -0.004     ; 1.660      ;
; 18.368 ; SoC_Top:u_soc|por_n ; SoC_Top:u_soc|UART_LOADER:u_loader|write_data[14] ; CLOCK_50     ; CLOCK_50    ; 20.000       ; -0.004     ; 1.660      ;
; 18.368 ; SoC_Top:u_soc|por_n ; SoC_Top:u_soc|UART_LOADER:u_loader|instr_buf[12]  ; CLOCK_50     ; CLOCK_50    ; 20.000       ; -0.004     ; 1.660      ;
; 18.368 ; SoC_Top:u_soc|por_n ; SoC_Top:u_soc|UART_LOADER:u_loader|write_data[12] ; CLOCK_50     ; CLOCK_50    ; 20.000       ; -0.004     ; 1.660      ;
; 18.368 ; SoC_Top:u_soc|por_n ; SoC_Top:u_soc|UART_LOADER:u_loader|write_addr[6]  ; CLOCK_50     ; CLOCK_50    ; 20.000       ; -0.006     ; 1.658      ;
; 18.368 ; SoC_Top:u_soc|por_n ; SoC_Top:u_soc|UART_LOADER:u_loader|write_addr[5]  ; CLOCK_50     ; CLOCK_50    ; 20.000       ; -0.005     ; 1.659      ;
; 18.368 ; SoC_Top:u_soc|por_n ; SoC_Top:u_soc|UART_LOADER:u_loader|write_addr[8]  ; CLOCK_50     ; CLOCK_50    ; 20.000       ; -0.006     ; 1.658      ;
; 18.368 ; SoC_Top:u_soc|por_n ; SoC_Top:u_soc|UART_LOADER:u_loader|write_addr[7]  ; CLOCK_50     ; CLOCK_50    ; 20.000       ; -0.006     ; 1.658      ;
; 18.368 ; SoC_Top:u_soc|por_n ; SoC_Top:u_soc|UART_LOADER:u_loader|write_addr[3]  ; CLOCK_50     ; CLOCK_50    ; 20.000       ; -0.005     ; 1.659      ;
; 18.368 ; SoC_Top:u_soc|por_n ; SoC_Top:u_soc|UART_LOADER:u_loader|write_addr[2]  ; CLOCK_50     ; CLOCK_50    ; 20.000       ; -0.005     ; 1.659      ;
; 18.368 ; SoC_Top:u_soc|por_n ; SoC_Top:u_soc|UART_LOADER:u_loader|write_addr[4]  ; CLOCK_50     ; CLOCK_50    ; 20.000       ; -0.005     ; 1.659      ;
; 18.368 ; SoC_Top:u_soc|por_n ; SoC_Top:u_soc|UART_LOADER:u_loader|we             ; CLOCK_50     ; CLOCK_50    ; 20.000       ; -0.005     ; 1.659      ;
; 18.368 ; SoC_Top:u_soc|por_n ; SoC_Top:u_soc|UART_LOADER:u_loader|write_addr[9]  ; CLOCK_50     ; CLOCK_50    ; 20.000       ; -0.005     ; 1.659      ;
; 18.368 ; SoC_Top:u_soc|por_n ; SoC_Top:u_soc|UART_LOADER:u_loader|instr_buf[3]   ; CLOCK_50     ; CLOCK_50    ; 20.000       ; -0.003     ; 1.661      ;
; 18.368 ; SoC_Top:u_soc|por_n ; SoC_Top:u_soc|UART_LOADER:u_loader|write_data[3]  ; CLOCK_50     ; CLOCK_50    ; 20.000       ; 0.000      ; 1.664      ;
; 18.368 ; SoC_Top:u_soc|por_n ; SoC_Top:u_soc|UART_LOADER:u_loader|instr_buf[23]  ; CLOCK_50     ; CLOCK_50    ; 20.000       ; -0.001     ; 1.663      ;
; 18.368 ; SoC_Top:u_soc|por_n ; SoC_Top:u_soc|UART_LOADER:u_loader|write_data[23] ; CLOCK_50     ; CLOCK_50    ; 20.000       ; 0.000      ; 1.664      ;
; 18.368 ; SoC_Top:u_soc|por_n ; SoC_Top:u_soc|UART_LOADER:u_loader|instr_buf[5]   ; CLOCK_50     ; CLOCK_50    ; 20.000       ; -0.003     ; 1.661      ;
; 18.368 ; SoC_Top:u_soc|por_n ; SoC_Top:u_soc|UART_LOADER:u_loader|write_data[5]  ; CLOCK_50     ; CLOCK_50    ; 20.000       ; -0.001     ; 1.663      ;
+--------+---------------------+---------------------------------------------------+--------------+-------------+--------------+------------+------------+


+-------------------------------------------------------------------------------------------------------------------------------------------------------+
; Fast Model Removal: 'CLOCK_50'                                                                                                                        ;
+-------+---------------------+---------------------------------------------------+--------------+-------------+--------------+------------+------------+
; Slack ; From Node           ; To Node                                           ; Launch Clock ; Latch Clock ; Relationship ; Clock Skew ; Data Delay ;
+-------+---------------------+---------------------------------------------------+--------------+-------------+--------------+------------+------------+
; 1.512 ; SoC_Top:u_soc|por_n ; SoC_Top:u_soc|UART_RX:u_boot_rx|rx_ff1            ; CLOCK_50     ; CLOCK_50    ; 0.000        ; -0.007     ; 1.657      ;
; 1.512 ; SoC_Top:u_soc|por_n ; SoC_Top:u_soc|UART_RX:u_boot_rx|rx_ff2            ; CLOCK_50     ; CLOCK_50    ; 0.000        ; -0.007     ; 1.657      ;
; 1.512 ; SoC_Top:u_soc|por_n ; SoC_Top:u_soc|UART_RX:u_boot_rx|bit_idx[0]        ; CLOCK_50     ; CLOCK_50    ; 0.000        ; -0.007     ; 1.657      ;
; 1.512 ; SoC_Top:u_soc|por_n ; SoC_Top:u_soc|UART_RX:u_boot_rx|bit_idx[1]        ; CLOCK_50     ; CLOCK_50    ; 0.000        ; -0.007     ; 1.657      ;
; 1.512 ; SoC_Top:u_soc|por_n ; SoC_Top:u_soc|UART_RX:u_boot_rx|clk_cnt[0]        ; CLOCK_50     ; CLOCK_50    ; 0.000        ; -0.012     ; 1.652      ;
; 1.512 ; SoC_Top:u_soc|por_n ; SoC_Top:u_soc|UART_RX:u_boot_rx|clk_cnt[1]        ; CLOCK_50     ; CLOCK_50    ; 0.000        ; -0.010     ; 1.654      ;
; 1.512 ; SoC_Top:u_soc|por_n ; SoC_Top:u_soc|UART_RX:u_boot_rx|clk_cnt[2]        ; CLOCK_50     ; CLOCK_50    ; 0.000        ; -0.012     ; 1.652      ;
; 1.512 ; SoC_Top:u_soc|por_n ; SoC_Top:u_soc|UART_RX:u_boot_rx|clk_cnt[3]        ; CLOCK_50     ; CLOCK_50    ; 0.000        ; -0.010     ; 1.654      ;
; 1.512 ; SoC_Top:u_soc|por_n ; SoC_Top:u_soc|UART_RX:u_boot_rx|clk_cnt[4]        ; CLOCK_50     ; CLOCK_50    ; 0.000        ; -0.012     ; 1.652      ;
; 1.512 ; SoC_Top:u_soc|por_n ; SoC_Top:u_soc|UART_RX:u_boot_rx|clk_cnt[5]        ; CLOCK_50     ; CLOCK_50    ; 0.000        ; -0.010     ; 1.654      ;
; 1.512 ; SoC_Top:u_soc|por_n ; SoC_Top:u_soc|UART_RX:u_boot_rx|clk_cnt[6]        ; CLOCK_50     ; CLOCK_50    ; 0.000        ; -0.010     ; 1.654      ;
; 1.512 ; SoC_Top:u_soc|por_n ; SoC_Top:u_soc|UART_RX:u_boot_rx|clk_cnt[7]        ; CLOCK_50     ; CLOCK_50    ; 0.000        ; -0.012     ; 1.652      ;
; 1.512 ; SoC_Top:u_soc|por_n ; SoC_Top:u_soc|UART_RX:u_boot_rx|clk_cnt[8]        ; CLOCK_50     ; CLOCK_50    ; 0.000        ; -0.010     ; 1.654      ;
; 1.512 ; SoC_Top:u_soc|por_n ; SoC_Top:u_soc|UART_RX:u_boot_rx|clk_cnt[9]        ; CLOCK_50     ; CLOCK_50    ; 0.000        ; -0.012     ; 1.652      ;
; 1.512 ; SoC_Top:u_soc|por_n ; SoC_Top:u_soc|UART_RX:u_boot_rx|state.S_STOP      ; CLOCK_50     ; CLOCK_50    ; 0.000        ; -0.007     ; 1.657      ;
; 1.512 ; SoC_Top:u_soc|por_n ; SoC_Top:u_soc|UART_RX:u_boot_rx|rx_valid          ; CLOCK_50     ; CLOCK_50    ; 0.000        ; -0.002     ; 1.662      ;
; 1.512 ; SoC_Top:u_soc|por_n ; SoC_Top:u_soc|UART_RX:u_boot_rx|rx_shift[3]       ; CLOCK_50     ; CLOCK_50    ; 0.000        ; -0.002     ; 1.662      ;
; 1.512 ; SoC_Top:u_soc|por_n ; SoC_Top:u_soc|UART_RX:u_boot_rx|rx_data[3]        ; CLOCK_50     ; CLOCK_50    ; 0.000        ; -0.002     ; 1.662      ;
; 1.512 ; SoC_Top:u_soc|por_n ; SoC_Top:u_soc|UART_RX:u_boot_rx|rx_shift[0]       ; CLOCK_50     ; CLOCK_50    ; 0.000        ; -0.002     ; 1.662      ;
; 1.512 ; SoC_Top:u_soc|por_n ; SoC_Top:u_soc|UART_RX:u_boot_rx|rx_data[0]        ; CLOCK_50     ; CLOCK_50    ; 0.000        ; -0.002     ; 1.662      ;
; 1.512 ; SoC_Top:u_soc|por_n ; SoC_Top:u_soc|UART_RX:u_boot_rx|rx_shift[1]       ; CLOCK_50     ; CLOCK_50    ; 0.000        ; -0.002     ; 1.662      ;
; 1.512 ; SoC_Top:u_soc|por_n ; SoC_Top:u_soc|UART_RX:u_boot_rx|rx_data[1]        ; CLOCK_50     ; CLOCK_50    ; 0.000        ; -0.002     ; 1.662      ;
; 1.512 ; SoC_Top:u_soc|por_n ; SoC_Top:u_soc|UART_RX:u_boot_rx|rx_shift[6]       ; CLOCK_50     ; CLOCK_50    ; 0.000        ; -0.002     ; 1.662      ;
; 1.512 ; SoC_Top:u_soc|por_n ; SoC_Top:u_soc|UART_RX:u_boot_rx|rx_data[6]        ; CLOCK_50     ; CLOCK_50    ; 0.000        ; -0.002     ; 1.662      ;
; 1.512 ; SoC_Top:u_soc|por_n ; SoC_Top:u_soc|UART_RX:u_boot_rx|rx_shift[4]       ; CLOCK_50     ; CLOCK_50    ; 0.000        ; -0.002     ; 1.662      ;
; 1.512 ; SoC_Top:u_soc|por_n ; SoC_Top:u_soc|UART_RX:u_boot_rx|rx_data[4]        ; CLOCK_50     ; CLOCK_50    ; 0.000        ; -0.002     ; 1.662      ;
; 1.512 ; SoC_Top:u_soc|por_n ; SoC_Top:u_soc|UART_RX:u_boot_rx|rx_shift[7]       ; CLOCK_50     ; CLOCK_50    ; 0.000        ; -0.002     ; 1.662      ;
; 1.512 ; SoC_Top:u_soc|por_n ; SoC_Top:u_soc|UART_RX:u_boot_rx|rx_data[7]        ; CLOCK_50     ; CLOCK_50    ; 0.000        ; -0.002     ; 1.662      ;
; 1.512 ; SoC_Top:u_soc|por_n ; SoC_Top:u_soc|UART_RX:u_boot_rx|rx_shift[5]       ; CLOCK_50     ; CLOCK_50    ; 0.000        ; -0.007     ; 1.657      ;
; 1.512 ; SoC_Top:u_soc|por_n ; SoC_Top:u_soc|UART_RX:u_boot_rx|rx_data[5]        ; CLOCK_50     ; CLOCK_50    ; 0.000        ; -0.002     ; 1.662      ;
; 1.512 ; SoC_Top:u_soc|por_n ; SoC_Top:u_soc|UART_LOADER:u_loader|state.S_DONE   ; CLOCK_50     ; CLOCK_50    ; 0.000        ; -0.001     ; 1.663      ;
; 1.512 ; SoC_Top:u_soc|por_n ; SoC_Top:u_soc|UART_LOADER:u_loader|state.S_IDLE   ; CLOCK_50     ; CLOCK_50    ; 0.000        ; -0.001     ; 1.663      ;
; 1.512 ; SoC_Top:u_soc|por_n ; SoC_Top:u_soc|UART_LOADER:u_loader|state.S_BYTE0  ; CLOCK_50     ; CLOCK_50    ; 0.000        ; -0.001     ; 1.663      ;
; 1.512 ; SoC_Top:u_soc|por_n ; SoC_Top:u_soc|UART_LOADER:u_loader|state.S_BYTE1  ; CLOCK_50     ; CLOCK_50    ; 0.000        ; -0.001     ; 1.663      ;
; 1.512 ; SoC_Top:u_soc|por_n ; SoC_Top:u_soc|UART_LOADER:u_loader|state.S_BYTE2  ; CLOCK_50     ; CLOCK_50    ; 0.000        ; -0.001     ; 1.663      ;
; 1.512 ; SoC_Top:u_soc|por_n ; SoC_Top:u_soc|UART_LOADER:u_loader|state.S_BYTE3  ; CLOCK_50     ; CLOCK_50    ; 0.000        ; -0.001     ; 1.663      ;
; 1.512 ; SoC_Top:u_soc|por_n ; SoC_Top:u_soc|UART_LOADER:u_loader|state.S_WRITE  ; CLOCK_50     ; CLOCK_50    ; 0.000        ; -0.001     ; 1.663      ;
; 1.512 ; SoC_Top:u_soc|por_n ; SoC_Top:u_soc|UART_LOADER:u_loader|next_addr[2]   ; CLOCK_50     ; CLOCK_50    ; 0.000        ; -0.006     ; 1.658      ;
; 1.512 ; SoC_Top:u_soc|por_n ; SoC_Top:u_soc|UART_LOADER:u_loader|next_addr[3]   ; CLOCK_50     ; CLOCK_50    ; 0.000        ; -0.006     ; 1.658      ;
; 1.512 ; SoC_Top:u_soc|por_n ; SoC_Top:u_soc|UART_LOADER:u_loader|next_addr[4]   ; CLOCK_50     ; CLOCK_50    ; 0.000        ; -0.006     ; 1.658      ;
; 1.512 ; SoC_Top:u_soc|por_n ; SoC_Top:u_soc|UART_LOADER:u_loader|next_addr[5]   ; CLOCK_50     ; CLOCK_50    ; 0.000        ; -0.006     ; 1.658      ;
; 1.512 ; SoC_Top:u_soc|por_n ; SoC_Top:u_soc|UART_LOADER:u_loader|next_addr[6]   ; CLOCK_50     ; CLOCK_50    ; 0.000        ; -0.006     ; 1.658      ;
; 1.512 ; SoC_Top:u_soc|por_n ; SoC_Top:u_soc|UART_LOADER:u_loader|next_addr[7]   ; CLOCK_50     ; CLOCK_50    ; 0.000        ; -0.006     ; 1.658      ;
; 1.512 ; SoC_Top:u_soc|por_n ; SoC_Top:u_soc|UART_LOADER:u_loader|next_addr[8]   ; CLOCK_50     ; CLOCK_50    ; 0.000        ; -0.006     ; 1.658      ;
; 1.512 ; SoC_Top:u_soc|por_n ; SoC_Top:u_soc|UART_LOADER:u_loader|next_addr[9]   ; CLOCK_50     ; CLOCK_50    ; 0.000        ; -0.006     ; 1.658      ;
; 1.512 ; SoC_Top:u_soc|por_n ; SoC_Top:u_soc|UART_LOADER:u_loader|next_addr[10]  ; CLOCK_50     ; CLOCK_50    ; 0.000        ; -0.006     ; 1.658      ;
; 1.512 ; SoC_Top:u_soc|por_n ; SoC_Top:u_soc|UART_LOADER:u_loader|next_addr[11]  ; CLOCK_50     ; CLOCK_50    ; 0.000        ; -0.006     ; 1.658      ;
; 1.512 ; SoC_Top:u_soc|por_n ; SoC_Top:u_soc|UART_LOADER:u_loader|write_addr[11] ; CLOCK_50     ; CLOCK_50    ; 0.000        ; -0.006     ; 1.658      ;
; 1.512 ; SoC_Top:u_soc|por_n ; SoC_Top:u_soc|UART_LOADER:u_loader|write_addr[10] ; CLOCK_50     ; CLOCK_50    ; 0.000        ; -0.006     ; 1.658      ;
; 1.512 ; SoC_Top:u_soc|por_n ; SoC_Top:u_soc|UART_LOADER:u_loader|instr_buf[0]   ; CLOCK_50     ; CLOCK_50    ; 0.000        ; -0.003     ; 1.661      ;
; 1.512 ; SoC_Top:u_soc|por_n ; SoC_Top:u_soc|UART_LOADER:u_loader|write_data[0]  ; CLOCK_50     ; CLOCK_50    ; 0.000        ; -0.001     ; 1.663      ;
; 1.512 ; SoC_Top:u_soc|por_n ; SoC_Top:u_soc|UART_LOADER:u_loader|instr_buf[6]   ; CLOCK_50     ; CLOCK_50    ; 0.000        ; -0.003     ; 1.661      ;
; 1.512 ; SoC_Top:u_soc|por_n ; SoC_Top:u_soc|UART_LOADER:u_loader|write_data[6]  ; CLOCK_50     ; CLOCK_50    ; 0.000        ; 0.000      ; 1.664      ;
; 1.512 ; SoC_Top:u_soc|por_n ; SoC_Top:u_soc|UART_LOADER:u_loader|instr_buf[2]   ; CLOCK_50     ; CLOCK_50    ; 0.000        ; -0.003     ; 1.661      ;
; 1.512 ; SoC_Top:u_soc|por_n ; SoC_Top:u_soc|UART_LOADER:u_loader|write_data[2]  ; CLOCK_50     ; CLOCK_50    ; 0.000        ; 0.000      ; 1.664      ;
; 1.512 ; SoC_Top:u_soc|por_n ; SoC_Top:u_soc|UART_LOADER:u_loader|instr_buf[1]   ; CLOCK_50     ; CLOCK_50    ; 0.000        ; -0.003     ; 1.661      ;
; 1.512 ; SoC_Top:u_soc|por_n ; SoC_Top:u_soc|UART_LOADER:u_loader|write_data[1]  ; CLOCK_50     ; CLOCK_50    ; 0.000        ; -0.001     ; 1.663      ;
; 1.512 ; SoC_Top:u_soc|por_n ; SoC_Top:u_soc|UART_LOADER:u_loader|instr_buf[13]  ; CLOCK_50     ; CLOCK_50    ; 0.000        ; -0.004     ; 1.660      ;
; 1.512 ; SoC_Top:u_soc|por_n ; SoC_Top:u_soc|UART_LOADER:u_loader|write_data[13] ; CLOCK_50     ; CLOCK_50    ; 0.000        ; -0.004     ; 1.660      ;
; 1.512 ; SoC_Top:u_soc|por_n ; SoC_Top:u_soc|UART_LOADER:u_loader|instr_buf[14]  ; CLOCK_50     ; CLOCK_50    ; 0.000        ; -0.004     ; 1.660      ;
; 1.512 ; SoC_Top:u_soc|por_n ; SoC_Top:u_soc|UART_LOADER:u_loader|write_data[14] ; CLOCK_50     ; CLOCK_50    ; 0.000        ; -0.004     ; 1.660      ;
; 1.512 ; SoC_Top:u_soc|por_n ; SoC_Top:u_soc|UART_LOADER:u_loader|instr_buf[12]  ; CLOCK_50     ; CLOCK_50    ; 0.000        ; -0.004     ; 1.660      ;
; 1.512 ; SoC_Top:u_soc|por_n ; SoC_Top:u_soc|UART_LOADER:u_loader|write_data[12] ; CLOCK_50     ; CLOCK_50    ; 0.000        ; -0.004     ; 1.660      ;
; 1.512 ; SoC_Top:u_soc|por_n ; SoC_Top:u_soc|UART_LOADER:u_loader|write_addr[6]  ; CLOCK_50     ; CLOCK_50    ; 0.000        ; -0.006     ; 1.658      ;
; 1.512 ; SoC_Top:u_soc|por_n ; SoC_Top:u_soc|UART_LOADER:u_loader|write_addr[5]  ; CLOCK_50     ; CLOCK_50    ; 0.000        ; -0.005     ; 1.659      ;
; 1.512 ; SoC_Top:u_soc|por_n ; SoC_Top:u_soc|UART_LOADER:u_loader|write_addr[8]  ; CLOCK_50     ; CLOCK_50    ; 0.000        ; -0.006     ; 1.658      ;
; 1.512 ; SoC_Top:u_soc|por_n ; SoC_Top:u_soc|UART_LOADER:u_loader|write_addr[7]  ; CLOCK_50     ; CLOCK_50    ; 0.000        ; -0.006     ; 1.658      ;
; 1.512 ; SoC_Top:u_soc|por_n ; SoC_Top:u_soc|UART_LOADER:u_loader|write_addr[3]  ; CLOCK_50     ; CLOCK_50    ; 0.000        ; -0.005     ; 1.659      ;
; 1.512 ; SoC_Top:u_soc|por_n ; SoC_Top:u_soc|UART_LOADER:u_loader|write_addr[2]  ; CLOCK_50     ; CLOCK_50    ; 0.000        ; -0.005     ; 1.659      ;
; 1.512 ; SoC_Top:u_soc|por_n ; SoC_Top:u_soc|UART_LOADER:u_loader|write_addr[4]  ; CLOCK_50     ; CLOCK_50    ; 0.000        ; -0.005     ; 1.659      ;
; 1.512 ; SoC_Top:u_soc|por_n ; SoC_Top:u_soc|UART_LOADER:u_loader|we             ; CLOCK_50     ; CLOCK_50    ; 0.000        ; -0.005     ; 1.659      ;
; 1.512 ; SoC_Top:u_soc|por_n ; SoC_Top:u_soc|UART_LOADER:u_loader|write_addr[9]  ; CLOCK_50     ; CLOCK_50    ; 0.000        ; -0.005     ; 1.659      ;
; 1.512 ; SoC_Top:u_soc|por_n ; SoC_Top:u_soc|UART_LOADER:u_loader|instr_buf[3]   ; CLOCK_50     ; CLOCK_50    ; 0.000        ; -0.003     ; 1.661      ;
; 1.512 ; SoC_Top:u_soc|por_n ; SoC_Top:u_soc|UART_LOADER:u_loader|write_data[3]  ; CLOCK_50     ; CLOCK_50    ; 0.000        ; 0.000      ; 1.664      ;
; 1.512 ; SoC_Top:u_soc|por_n ; SoC_Top:u_soc|UART_LOADER:u_loader|instr_buf[23]  ; CLOCK_50     ; CLOCK_50    ; 0.000        ; -0.001     ; 1.663      ;
; 1.512 ; SoC_Top:u_soc|por_n ; SoC_Top:u_soc|UART_LOADER:u_loader|write_data[23] ; CLOCK_50     ; CLOCK_50    ; 0.000        ; 0.000      ; 1.664      ;
; 1.512 ; SoC_Top:u_soc|por_n ; SoC_Top:u_soc|UART_LOADER:u_loader|instr_buf[5]   ; CLOCK_50     ; CLOCK_50    ; 0.000        ; -0.003     ; 1.661      ;
; 1.512 ; SoC_Top:u_soc|por_n ; SoC_Top:u_soc|UART_LOADER:u_loader|write_data[5]  ; CLOCK_50     ; CLOCK_50    ; 0.000        ; -0.001     ; 1.663      ;
; 1.512 ; SoC_Top:u_soc|por_n ; SoC_Top:u_soc|UART_LOADER:u_loader|instr_buf[4]   ; CLOCK_50     ; CLOCK_50    ; 0.000        ; -0.003     ; 1.661      ;
; 1.512 ; SoC_Top:u_soc|por_n ; SoC_Top:u_soc|UART_LOADER:u_loader|write_data[4]  ; CLOCK_50     ; CLOCK_50    ; 0.000        ; -0.001     ; 1.663      ;
; 1.512 ; SoC_Top:u_soc|por_n ; SoC_Top:u_soc|UART_LOADER:u_loader|instr_buf[11]  ; CLOCK_50     ; CLOCK_50    ; 0.000        ; -0.004     ; 1.660      ;
; 1.512 ; SoC_Top:u_soc|por_n ; SoC_Top:u_soc|UART_LOADER:u_loader|write_data[11] ; CLOCK_50     ; CLOCK_50    ; 0.000        ; -0.004     ; 1.660      ;
; 1.512 ; SoC_Top:u_soc|por_n ; SoC_Top:u_soc|UART_LOADER:u_loader|instr_buf[10]  ; CLOCK_50     ; CLOCK_50    ; 0.000        ; -0.004     ; 1.660      ;
; 1.512 ; SoC_Top:u_soc|por_n ; SoC_Top:u_soc|UART_LOADER:u_loader|write_data[10] ; CLOCK_50     ; CLOCK_50    ; 0.000        ; -0.004     ; 1.660      ;
; 1.512 ; SoC_Top:u_soc|por_n ; SoC_Top:u_soc|UART_LOADER:u_loader|instr_buf[9]   ; CLOCK_50     ; CLOCK_50    ; 0.000        ; -0.004     ; 1.660      ;
; 1.512 ; SoC_Top:u_soc|por_n ; SoC_Top:u_soc|UART_LOADER:u_loader|write_data[9]  ; CLOCK_50     ; CLOCK_50    ; 0.000        ; -0.004     ; 1.660      ;
; 1.512 ; SoC_Top:u_soc|por_n ; SoC_Top:u_soc|UART_LOADER:u_loader|instr_buf[15]  ; CLOCK_50     ; CLOCK_50    ; 0.000        ; -0.004     ; 1.660      ;
; 1.512 ; SoC_Top:u_soc|por_n ; SoC_Top:u_soc|UART_LOADER:u_loader|write_data[15] ; CLOCK_50     ; CLOCK_50    ; 0.000        ; -0.004     ; 1.660      ;
; 1.512 ; SoC_Top:u_soc|por_n ; SoC_Top:u_soc|UART_LOADER:u_loader|instr_buf[21]  ; CLOCK_50     ; CLOCK_50    ; 0.000        ; -0.001     ; 1.663      ;
; 1.512 ; SoC_Top:u_soc|por_n ; SoC_Top:u_soc|UART_LOADER:u_loader|write_data[21] ; CLOCK_50     ; CLOCK_50    ; 0.000        ; -0.001     ; 1.663      ;
; 1.512 ; SoC_Top:u_soc|por_n ; SoC_Top:u_soc|UART_LOADER:u_loader|instr_buf[17]  ; CLOCK_50     ; CLOCK_50    ; 0.000        ; -0.001     ; 1.663      ;
; 1.512 ; SoC_Top:u_soc|por_n ; SoC_Top:u_soc|UART_LOADER:u_loader|write_data[17] ; CLOCK_50     ; CLOCK_50    ; 0.000        ; 0.000      ; 1.664      ;
; 1.512 ; SoC_Top:u_soc|por_n ; SoC_Top:u_soc|UART_LOADER:u_loader|instr_buf[16]  ; CLOCK_50     ; CLOCK_50    ; 0.000        ; -0.001     ; 1.663      ;
; 1.512 ; SoC_Top:u_soc|por_n ; SoC_Top:u_soc|UART_LOADER:u_loader|write_data[16] ; CLOCK_50     ; CLOCK_50    ; 0.000        ; 0.000      ; 1.664      ;
; 1.512 ; SoC_Top:u_soc|por_n ; SoC_Top:u_soc|UART_LOADER:u_loader|instr_buf[20]  ; CLOCK_50     ; CLOCK_50    ; 0.000        ; -0.001     ; 1.663      ;
; 1.512 ; SoC_Top:u_soc|por_n ; SoC_Top:u_soc|UART_LOADER:u_loader|write_data[20] ; CLOCK_50     ; CLOCK_50    ; 0.000        ; 0.000      ; 1.664      ;
; 1.512 ; SoC_Top:u_soc|por_n ; SoC_Top:u_soc|UART_LOADER:u_loader|instr_buf[22]  ; CLOCK_50     ; CLOCK_50    ; 0.000        ; -0.001     ; 1.663      ;
; 1.512 ; SoC_Top:u_soc|por_n ; SoC_Top:u_soc|UART_LOADER:u_loader|write_data[22] ; CLOCK_50     ; CLOCK_50    ; 0.000        ; 0.000      ; 1.664      ;
; 1.512 ; SoC_Top:u_soc|por_n ; SoC_Top:u_soc|UART_LOADER:u_loader|instr_buf[19]  ; CLOCK_50     ; CLOCK_50    ; 0.000        ; -0.001     ; 1.663      ;
; 1.512 ; SoC_Top:u_soc|por_n ; SoC_Top:u_soc|UART_LOADER:u_loader|write_data[19] ; CLOCK_50     ; CLOCK_50    ; 0.000        ; 0.000      ; 1.664      ;
+-------+---------------------+---------------------------------------------------+--------------+-------------+--------------+------------+------------+


+--------------------------------------------------------------------------------------------------------------------------------------------------------------------------------------------------------------------------------------------------------+
; Fast Model Minimum Pulse Width: 'CLOCK_50'                                                                                                                                                                                                             ;
+-------+--------------+----------------+------------------+----------+------------+---------------------------------------------------------------------------------------------------------------------------------------------------------------------+
; Slack ; Actual Width ; Required Width ; Type             ; Clock    ; Clock Edge ; Target                                                                                                                                                              ;
+-------+--------------+----------------+------------------+----------+------------+---------------------------------------------------------------------------------------------------------------------------------------------------------------------+
; 7.873 ; 10.000       ; 2.127          ; High Pulse Width ; CLOCK_50 ; Rise       ; SoC_Top:u_soc|Pipeline_top:u_cpu|fetch_cycle:fetch|Instruction_Memory:I_Memory|altsyncram:mem_rtl_0|altsyncram_70e1:auto_generated|ram_block1a0~porta_address_reg0  ;
; 7.873 ; 10.000       ; 2.127          ; Low Pulse Width  ; CLOCK_50 ; Rise       ; SoC_Top:u_soc|Pipeline_top:u_cpu|fetch_cycle:fetch|Instruction_Memory:I_Memory|altsyncram:mem_rtl_0|altsyncram_70e1:auto_generated|ram_block1a0~porta_address_reg0  ;
; 7.873 ; 10.000       ; 2.127          ; High Pulse Width ; CLOCK_50 ; Rise       ; SoC_Top:u_soc|Pipeline_top:u_cpu|fetch_cycle:fetch|Instruction_Memory:I_Memory|altsyncram:mem_rtl_0|altsyncram_70e1:auto_generated|ram_block1a0~porta_address_reg1  ;
; 7.873 ; 10.000       ; 2.127          ; Low Pulse Width  ; CLOCK_50 ; Rise       ; SoC_Top:u_soc|Pipeline_top:u_cpu|fetch_cycle:fetch|Instruction_Memory:I_Memory|altsyncram:mem_rtl_0|altsyncram_70e1:auto_generated|ram_block1a0~porta_address_reg1  ;
; 7.873 ; 10.000       ; 2.127          ; High Pulse Width ; CLOCK_50 ; Rise       ; SoC_Top:u_soc|Pipeline_top:u_cpu|fetch_cycle:fetch|Instruction_Memory:I_Memory|altsyncram:mem_rtl_0|altsyncram_70e1:auto_generated|ram_block1a0~porta_address_reg2  ;
; 7.873 ; 10.000       ; 2.127          ; Low Pulse Width  ; CLOCK_50 ; Rise       ; SoC_Top:u_soc|Pipeline_top:u_cpu|fetch_cycle:fetch|Instruction_Memory:I_Memory|altsyncram:mem_rtl_0|altsyncram_70e1:auto_generated|ram_block1a0~porta_address_reg2  ;
; 7.873 ; 10.000       ; 2.127          ; High Pulse Width ; CLOCK_50 ; Rise       ; SoC_Top:u_soc|Pipeline_top:u_cpu|fetch_cycle:fetch|Instruction_Memory:I_Memory|altsyncram:mem_rtl_0|altsyncram_70e1:auto_generated|ram_block1a0~porta_address_reg3  ;
; 7.873 ; 10.000       ; 2.127          ; Low Pulse Width  ; CLOCK_50 ; Rise       ; SoC_Top:u_soc|Pipeline_top:u_cpu|fetch_cycle:fetch|Instruction_Memory:I_Memory|altsyncram:mem_rtl_0|altsyncram_70e1:auto_generated|ram_block1a0~porta_address_reg3  ;
; 7.873 ; 10.000       ; 2.127          ; High Pulse Width ; CLOCK_50 ; Rise       ; SoC_Top:u_soc|Pipeline_top:u_cpu|fetch_cycle:fetch|Instruction_Memory:I_Memory|altsyncram:mem_rtl_0|altsyncram_70e1:auto_generated|ram_block1a0~porta_address_reg4  ;
; 7.873 ; 10.000       ; 2.127          ; Low Pulse Width  ; CLOCK_50 ; Rise       ; SoC_Top:u_soc|Pipeline_top:u_cpu|fetch_cycle:fetch|Instruction_Memory:I_Memory|altsyncram:mem_rtl_0|altsyncram_70e1:auto_generated|ram_block1a0~porta_address_reg4  ;
; 7.873 ; 10.000       ; 2.127          ; High Pulse Width ; CLOCK_50 ; Rise       ; SoC_Top:u_soc|Pipeline_top:u_cpu|fetch_cycle:fetch|Instruction_Memory:I_Memory|altsyncram:mem_rtl_0|altsyncram_70e1:auto_generated|ram_block1a0~porta_address_reg5  ;
; 7.873 ; 10.000       ; 2.127          ; Low Pulse Width  ; CLOCK_50 ; Rise       ; SoC_Top:u_soc|Pipeline_top:u_cpu|fetch_cycle:fetch|Instruction_Memory:I_Memory|altsyncram:mem_rtl_0|altsyncram_70e1:auto_generated|ram_block1a0~porta_address_reg5  ;
; 7.873 ; 10.000       ; 2.127          ; High Pulse Width ; CLOCK_50 ; Rise       ; SoC_Top:u_soc|Pipeline_top:u_cpu|fetch_cycle:fetch|Instruction_Memory:I_Memory|altsyncram:mem_rtl_0|altsyncram_70e1:auto_generated|ram_block1a0~porta_address_reg6  ;
; 7.873 ; 10.000       ; 2.127          ; Low Pulse Width  ; CLOCK_50 ; Rise       ; SoC_Top:u_soc|Pipeline_top:u_cpu|fetch_cycle:fetch|Instruction_Memory:I_Memory|altsyncram:mem_rtl_0|altsyncram_70e1:auto_generated|ram_block1a0~porta_address_reg6  ;
; 7.873 ; 10.000       ; 2.127          ; High Pulse Width ; CLOCK_50 ; Rise       ; SoC_Top:u_soc|Pipeline_top:u_cpu|fetch_cycle:fetch|Instruction_Memory:I_Memory|altsyncram:mem_rtl_0|altsyncram_70e1:auto_generated|ram_block1a0~porta_address_reg7  ;
; 7.873 ; 10.000       ; 2.127          ; Low Pulse Width  ; CLOCK_50 ; Rise       ; SoC_Top:u_soc|Pipeline_top:u_cpu|fetch_cycle:fetch|Instruction_Memory:I_Memory|altsyncram:mem_rtl_0|altsyncram_70e1:auto_generated|ram_block1a0~porta_address_reg7  ;
; 7.873 ; 10.000       ; 2.127          ; High Pulse Width ; CLOCK_50 ; Rise       ; SoC_Top:u_soc|Pipeline_top:u_cpu|fetch_cycle:fetch|Instruction_Memory:I_Memory|altsyncram:mem_rtl_0|altsyncram_70e1:auto_generated|ram_block1a0~porta_address_reg8  ;
; 7.873 ; 10.000       ; 2.127          ; Low Pulse Width  ; CLOCK_50 ; Rise       ; SoC_Top:u_soc|Pipeline_top:u_cpu|fetch_cycle:fetch|Instruction_Memory:I_Memory|altsyncram:mem_rtl_0|altsyncram_70e1:auto_generated|ram_block1a0~porta_address_reg8  ;
; 7.873 ; 10.000       ; 2.127          ; High Pulse Width ; CLOCK_50 ; Rise       ; SoC_Top:u_soc|Pipeline_top:u_cpu|fetch_cycle:fetch|Instruction_Memory:I_Memory|altsyncram:mem_rtl_0|altsyncram_70e1:auto_generated|ram_block1a0~porta_address_reg9  ;
; 7.873 ; 10.000       ; 2.127          ; Low Pulse Width  ; CLOCK_50 ; Rise       ; SoC_Top:u_soc|Pipeline_top:u_cpu|fetch_cycle:fetch|Instruction_Memory:I_Memory|altsyncram:mem_rtl_0|altsyncram_70e1:auto_generated|ram_block1a0~porta_address_reg9  ;
; 7.873 ; 10.000       ; 2.127          ; High Pulse Width ; CLOCK_50 ; Rise       ; SoC_Top:u_soc|Pipeline_top:u_cpu|fetch_cycle:fetch|Instruction_Memory:I_Memory|altsyncram:mem_rtl_0|altsyncram_70e1:auto_generated|ram_block1a0~porta_datain_reg0   ;
; 7.873 ; 10.000       ; 2.127          ; Low Pulse Width  ; CLOCK_50 ; Rise       ; SoC_Top:u_soc|Pipeline_top:u_cpu|fetch_cycle:fetch|Instruction_Memory:I_Memory|altsyncram:mem_rtl_0|altsyncram_70e1:auto_generated|ram_block1a0~porta_datain_reg0   ;
; 7.873 ; 10.000       ; 2.127          ; High Pulse Width ; CLOCK_50 ; Rise       ; SoC_Top:u_soc|Pipeline_top:u_cpu|fetch_cycle:fetch|Instruction_Memory:I_Memory|altsyncram:mem_rtl_0|altsyncram_70e1:auto_generated|ram_block1a0~porta_datain_reg1   ;
; 7.873 ; 10.000       ; 2.127          ; Low Pulse Width  ; CLOCK_50 ; Rise       ; SoC_Top:u_soc|Pipeline_top:u_cpu|fetch_cycle:fetch|Instruction_Memory:I_Memory|altsyncram:mem_rtl_0|altsyncram_70e1:auto_generated|ram_block1a0~porta_datain_reg1   ;
; 7.873 ; 10.000       ; 2.127          ; High Pulse Width ; CLOCK_50 ; Rise       ; SoC_Top:u_soc|Pipeline_top:u_cpu|fetch_cycle:fetch|Instruction_Memory:I_Memory|altsyncram:mem_rtl_0|altsyncram_70e1:auto_generated|ram_block1a0~porta_datain_reg2   ;
; 7.873 ; 10.000       ; 2.127          ; Low Pulse Width  ; CLOCK_50 ; Rise       ; SoC_Top:u_soc|Pipeline_top:u_cpu|fetch_cycle:fetch|Instruction_Memory:I_Memory|altsyncram:mem_rtl_0|altsyncram_70e1:auto_generated|ram_block1a0~porta_datain_reg2   ;
; 7.873 ; 10.000       ; 2.127          ; High Pulse Width ; CLOCK_50 ; Rise       ; SoC_Top:u_soc|Pipeline_top:u_cpu|fetch_cycle:fetch|Instruction_Memory:I_Memory|altsyncram:mem_rtl_0|altsyncram_70e1:auto_generated|ram_block1a0~porta_datain_reg3   ;
; 7.873 ; 10.000       ; 2.127          ; Low Pulse Width  ; CLOCK_50 ; Rise       ; SoC_Top:u_soc|Pipeline_top:u_cpu|fetch_cycle:fetch|Instruction_Memory:I_Memory|altsyncram:mem_rtl_0|altsyncram_70e1:auto_generated|ram_block1a0~porta_datain_reg3   ;
; 7.873 ; 10.000       ; 2.127          ; High Pulse Width ; CLOCK_50 ; Rise       ; SoC_Top:u_soc|Pipeline_top:u_cpu|fetch_cycle:fetch|Instruction_Memory:I_Memory|altsyncram:mem_rtl_0|altsyncram_70e1:auto_generated|ram_block1a0~porta_memory_reg0   ;
; 7.873 ; 10.000       ; 2.127          ; Low Pulse Width  ; CLOCK_50 ; Rise       ; SoC_Top:u_soc|Pipeline_top:u_cpu|fetch_cycle:fetch|Instruction_Memory:I_Memory|altsyncram:mem_rtl_0|altsyncram_70e1:auto_generated|ram_block1a0~porta_memory_reg0   ;
; 7.873 ; 10.000       ; 2.127          ; High Pulse Width ; CLOCK_50 ; Rise       ; SoC_Top:u_soc|Pipeline_top:u_cpu|fetch_cycle:fetch|Instruction_Memory:I_Memory|altsyncram:mem_rtl_0|altsyncram_70e1:auto_generated|ram_block1a0~porta_we_reg        ;
; 7.873 ; 10.000       ; 2.127          ; Low Pulse Width  ; CLOCK_50 ; Rise       ; SoC_Top:u_soc|Pipeline_top:u_cpu|fetch_cycle:fetch|Instruction_Memory:I_Memory|altsyncram:mem_rtl_0|altsyncram_70e1:auto_generated|ram_block1a0~porta_we_reg        ;
; 7.873 ; 10.000       ; 2.127          ; High Pulse Width ; CLOCK_50 ; Rise       ; SoC_Top:u_soc|Pipeline_top:u_cpu|fetch_cycle:fetch|Instruction_Memory:I_Memory|altsyncram:mem_rtl_0|altsyncram_70e1:auto_generated|ram_block1a0~portb_address_reg0  ;
; 7.873 ; 10.000       ; 2.127          ; Low Pulse Width  ; CLOCK_50 ; Rise       ; SoC_Top:u_soc|Pipeline_top:u_cpu|fetch_cycle:fetch|Instruction_Memory:I_Memory|altsyncram:mem_rtl_0|altsyncram_70e1:auto_generated|ram_block1a0~portb_address_reg0  ;
; 7.873 ; 10.000       ; 2.127          ; High Pulse Width ; CLOCK_50 ; Rise       ; SoC_Top:u_soc|Pipeline_top:u_cpu|fetch_cycle:fetch|Instruction_Memory:I_Memory|altsyncram:mem_rtl_0|altsyncram_70e1:auto_generated|ram_block1a0~portb_address_reg1  ;
; 7.873 ; 10.000       ; 2.127          ; Low Pulse Width  ; CLOCK_50 ; Rise       ; SoC_Top:u_soc|Pipeline_top:u_cpu|fetch_cycle:fetch|Instruction_Memory:I_Memory|altsyncram:mem_rtl_0|altsyncram_70e1:auto_generated|ram_block1a0~portb_address_reg1  ;
; 7.873 ; 10.000       ; 2.127          ; High Pulse Width ; CLOCK_50 ; Rise       ; SoC_Top:u_soc|Pipeline_top:u_cpu|fetch_cycle:fetch|Instruction_Memory:I_Memory|altsyncram:mem_rtl_0|altsyncram_70e1:auto_generated|ram_block1a0~portb_address_reg2  ;
; 7.873 ; 10.000       ; 2.127          ; Low Pulse Width  ; CLOCK_50 ; Rise       ; SoC_Top:u_soc|Pipeline_top:u_cpu|fetch_cycle:fetch|Instruction_Memory:I_Memory|altsyncram:mem_rtl_0|altsyncram_70e1:auto_generated|ram_block1a0~portb_address_reg2  ;
; 7.873 ; 10.000       ; 2.127          ; High Pulse Width ; CLOCK_50 ; Rise       ; SoC_Top:u_soc|Pipeline_top:u_cpu|fetch_cycle:fetch|Instruction_Memory:I_Memory|altsyncram:mem_rtl_0|altsyncram_70e1:auto_generated|ram_block1a0~portb_address_reg3  ;
; 7.873 ; 10.000       ; 2.127          ; Low Pulse Width  ; CLOCK_50 ; Rise       ; SoC_Top:u_soc|Pipeline_top:u_cpu|fetch_cycle:fetch|Instruction_Memory:I_Memory|altsyncram:mem_rtl_0|altsyncram_70e1:auto_generated|ram_block1a0~portb_address_reg3  ;
; 7.873 ; 10.000       ; 2.127          ; High Pulse Width ; CLOCK_50 ; Rise       ; SoC_Top:u_soc|Pipeline_top:u_cpu|fetch_cycle:fetch|Instruction_Memory:I_Memory|altsyncram:mem_rtl_0|altsyncram_70e1:auto_generated|ram_block1a0~portb_address_reg4  ;
; 7.873 ; 10.000       ; 2.127          ; Low Pulse Width  ; CLOCK_50 ; Rise       ; SoC_Top:u_soc|Pipeline_top:u_cpu|fetch_cycle:fetch|Instruction_Memory:I_Memory|altsyncram:mem_rtl_0|altsyncram_70e1:auto_generated|ram_block1a0~portb_address_reg4  ;
; 7.873 ; 10.000       ; 2.127          ; High Pulse Width ; CLOCK_50 ; Rise       ; SoC_Top:u_soc|Pipeline_top:u_cpu|fetch_cycle:fetch|Instruction_Memory:I_Memory|altsyncram:mem_rtl_0|altsyncram_70e1:auto_generated|ram_block1a0~portb_address_reg5  ;
; 7.873 ; 10.000       ; 2.127          ; Low Pulse Width  ; CLOCK_50 ; Rise       ; SoC_Top:u_soc|Pipeline_top:u_cpu|fetch_cycle:fetch|Instruction_Memory:I_Memory|altsyncram:mem_rtl_0|altsyncram_70e1:auto_generated|ram_block1a0~portb_address_reg5  ;
; 7.873 ; 10.000       ; 2.127          ; High Pulse Width ; CLOCK_50 ; Rise       ; SoC_Top:u_soc|Pipeline_top:u_cpu|fetch_cycle:fetch|Instruction_Memory:I_Memory|altsyncram:mem_rtl_0|altsyncram_70e1:auto_generated|ram_block1a0~portb_address_reg6  ;
; 7.873 ; 10.000       ; 2.127          ; Low Pulse Width  ; CLOCK_50 ; Rise       ; SoC_Top:u_soc|Pipeline_top:u_cpu|fetch_cycle:fetch|Instruction_Memory:I_Memory|altsyncram:mem_rtl_0|altsyncram_70e1:auto_generated|ram_block1a0~portb_address_reg6  ;
; 7.873 ; 10.000       ; 2.127          ; High Pulse Width ; CLOCK_50 ; Rise       ; SoC_Top:u_soc|Pipeline_top:u_cpu|fetch_cycle:fetch|Instruction_Memory:I_Memory|altsyncram:mem_rtl_0|altsyncram_70e1:auto_generated|ram_block1a0~portb_address_reg7  ;
; 7.873 ; 10.000       ; 2.127          ; Low Pulse Width  ; CLOCK_50 ; Rise       ; SoC_Top:u_soc|Pipeline_top:u_cpu|fetch_cycle:fetch|Instruction_Memory:I_Memory|altsyncram:mem_rtl_0|altsyncram_70e1:auto_generated|ram_block1a0~portb_address_reg7  ;
; 7.873 ; 10.000       ; 2.127          ; High Pulse Width ; CLOCK_50 ; Rise       ; SoC_Top:u_soc|Pipeline_top:u_cpu|fetch_cycle:fetch|Instruction_Memory:I_Memory|altsyncram:mem_rtl_0|altsyncram_70e1:auto_generated|ram_block1a0~portb_address_reg8  ;
; 7.873 ; 10.000       ; 2.127          ; Low Pulse Width  ; CLOCK_50 ; Rise       ; SoC_Top:u_soc|Pipeline_top:u_cpu|fetch_cycle:fetch|Instruction_Memory:I_Memory|altsyncram:mem_rtl_0|altsyncram_70e1:auto_generated|ram_block1a0~portb_address_reg8  ;
; 7.873 ; 10.000       ; 2.127          ; High Pulse Width ; CLOCK_50 ; Rise       ; SoC_Top:u_soc|Pipeline_top:u_cpu|fetch_cycle:fetch|Instruction_Memory:I_Memory|altsyncram:mem_rtl_0|altsyncram_70e1:auto_generated|ram_block1a0~portb_address_reg9  ;
; 7.873 ; 10.000       ; 2.127          ; Low Pulse Width  ; CLOCK_50 ; Rise       ; SoC_Top:u_soc|Pipeline_top:u_cpu|fetch_cycle:fetch|Instruction_Memory:I_Memory|altsyncram:mem_rtl_0|altsyncram_70e1:auto_generated|ram_block1a0~portb_address_reg9  ;
; 7.873 ; 10.000       ; 2.127          ; High Pulse Width ; CLOCK_50 ; Rise       ; SoC_Top:u_soc|Pipeline_top:u_cpu|fetch_cycle:fetch|Instruction_Memory:I_Memory|altsyncram:mem_rtl_0|altsyncram_70e1:auto_generated|ram_block1a10~porta_memory_reg0  ;
; 7.873 ; 10.000       ; 2.127          ; Low Pulse Width  ; CLOCK_50 ; Rise       ; SoC_Top:u_soc|Pipeline_top:u_cpu|fetch_cycle:fetch|Instruction_Memory:I_Memory|altsyncram:mem_rtl_0|altsyncram_70e1:auto_generated|ram_block1a10~porta_memory_reg0  ;
; 7.873 ; 10.000       ; 2.127          ; High Pulse Width ; CLOCK_50 ; Rise       ; SoC_Top:u_soc|Pipeline_top:u_cpu|fetch_cycle:fetch|Instruction_Memory:I_Memory|altsyncram:mem_rtl_0|altsyncram_70e1:auto_generated|ram_block1a11~porta_memory_reg0  ;
; 7.873 ; 10.000       ; 2.127          ; Low Pulse Width  ; CLOCK_50 ; Rise       ; SoC_Top:u_soc|Pipeline_top:u_cpu|fetch_cycle:fetch|Instruction_Memory:I_Memory|altsyncram:mem_rtl_0|altsyncram_70e1:auto_generated|ram_block1a11~porta_memory_reg0  ;
; 7.873 ; 10.000       ; 2.127          ; High Pulse Width ; CLOCK_50 ; Rise       ; SoC_Top:u_soc|Pipeline_top:u_cpu|fetch_cycle:fetch|Instruction_Memory:I_Memory|altsyncram:mem_rtl_0|altsyncram_70e1:auto_generated|ram_block1a12~porta_memory_reg0  ;
; 7.873 ; 10.000       ; 2.127          ; Low Pulse Width  ; CLOCK_50 ; Rise       ; SoC_Top:u_soc|Pipeline_top:u_cpu|fetch_cycle:fetch|Instruction_Memory:I_Memory|altsyncram:mem_rtl_0|altsyncram_70e1:auto_generated|ram_block1a12~porta_memory_reg0  ;
; 7.873 ; 10.000       ; 2.127          ; High Pulse Width ; CLOCK_50 ; Rise       ; SoC_Top:u_soc|Pipeline_top:u_cpu|fetch_cycle:fetch|Instruction_Memory:I_Memory|altsyncram:mem_rtl_0|altsyncram_70e1:auto_generated|ram_block1a13~porta_memory_reg0  ;
; 7.873 ; 10.000       ; 2.127          ; Low Pulse Width  ; CLOCK_50 ; Rise       ; SoC_Top:u_soc|Pipeline_top:u_cpu|fetch_cycle:fetch|Instruction_Memory:I_Memory|altsyncram:mem_rtl_0|altsyncram_70e1:auto_generated|ram_block1a13~porta_memory_reg0  ;
; 7.873 ; 10.000       ; 2.127          ; High Pulse Width ; CLOCK_50 ; Rise       ; SoC_Top:u_soc|Pipeline_top:u_cpu|fetch_cycle:fetch|Instruction_Memory:I_Memory|altsyncram:mem_rtl_0|altsyncram_70e1:auto_generated|ram_block1a14~porta_memory_reg0  ;
; 7.873 ; 10.000       ; 2.127          ; Low Pulse Width  ; CLOCK_50 ; Rise       ; SoC_Top:u_soc|Pipeline_top:u_cpu|fetch_cycle:fetch|Instruction_Memory:I_Memory|altsyncram:mem_rtl_0|altsyncram_70e1:auto_generated|ram_block1a14~porta_memory_reg0  ;
; 7.873 ; 10.000       ; 2.127          ; High Pulse Width ; CLOCK_50 ; Rise       ; SoC_Top:u_soc|Pipeline_top:u_cpu|fetch_cycle:fetch|Instruction_Memory:I_Memory|altsyncram:mem_rtl_0|altsyncram_70e1:auto_generated|ram_block1a15~porta_address_reg0 ;
; 7.873 ; 10.000       ; 2.127          ; Low Pulse Width  ; CLOCK_50 ; Rise       ; SoC_Top:u_soc|Pipeline_top:u_cpu|fetch_cycle:fetch|Instruction_Memory:I_Memory|altsyncram:mem_rtl_0|altsyncram_70e1:auto_generated|ram_block1a15~porta_address_reg0 ;
; 7.873 ; 10.000       ; 2.127          ; High Pulse Width ; CLOCK_50 ; Rise       ; SoC_Top:u_soc|Pipeline_top:u_cpu|fetch_cycle:fetch|Instruction_Memory:I_Memory|altsyncram:mem_rtl_0|altsyncram_70e1:auto_generated|ram_block1a15~porta_address_reg1 ;
; 7.873 ; 10.000       ; 2.127          ; Low Pulse Width  ; CLOCK_50 ; Rise       ; SoC_Top:u_soc|Pipeline_top:u_cpu|fetch_cycle:fetch|Instruction_Memory:I_Memory|altsyncram:mem_rtl_0|altsyncram_70e1:auto_generated|ram_block1a15~porta_address_reg1 ;
; 7.873 ; 10.000       ; 2.127          ; High Pulse Width ; CLOCK_50 ; Rise       ; SoC_Top:u_soc|Pipeline_top:u_cpu|fetch_cycle:fetch|Instruction_Memory:I_Memory|altsyncram:mem_rtl_0|altsyncram_70e1:auto_generated|ram_block1a15~porta_address_reg2 ;
; 7.873 ; 10.000       ; 2.127          ; Low Pulse Width  ; CLOCK_50 ; Rise       ; SoC_Top:u_soc|Pipeline_top:u_cpu|fetch_cycle:fetch|Instruction_Memory:I_Memory|altsyncram:mem_rtl_0|altsyncram_70e1:auto_generated|ram_block1a15~porta_address_reg2 ;
; 7.873 ; 10.000       ; 2.127          ; High Pulse Width ; CLOCK_50 ; Rise       ; SoC_Top:u_soc|Pipeline_top:u_cpu|fetch_cycle:fetch|Instruction_Memory:I_Memory|altsyncram:mem_rtl_0|altsyncram_70e1:auto_generated|ram_block1a15~porta_address_reg3 ;
; 7.873 ; 10.000       ; 2.127          ; Low Pulse Width  ; CLOCK_50 ; Rise       ; SoC_Top:u_soc|Pipeline_top:u_cpu|fetch_cycle:fetch|Instruction_Memory:I_Memory|altsyncram:mem_rtl_0|altsyncram_70e1:auto_generated|ram_block1a15~porta_address_reg3 ;
; 7.873 ; 10.000       ; 2.127          ; High Pulse Width ; CLOCK_50 ; Rise       ; SoC_Top:u_soc|Pipeline_top:u_cpu|fetch_cycle:fetch|Instruction_Memory:I_Memory|altsyncram:mem_rtl_0|altsyncram_70e1:auto_generated|ram_block1a15~porta_address_reg4 ;
; 7.873 ; 10.000       ; 2.127          ; Low Pulse Width  ; CLOCK_50 ; Rise       ; SoC_Top:u_soc|Pipeline_top:u_cpu|fetch_cycle:fetch|Instruction_Memory:I_Memory|altsyncram:mem_rtl_0|altsyncram_70e1:auto_generated|ram_block1a15~porta_address_reg4 ;
; 7.873 ; 10.000       ; 2.127          ; High Pulse Width ; CLOCK_50 ; Rise       ; SoC_Top:u_soc|Pipeline_top:u_cpu|fetch_cycle:fetch|Instruction_Memory:I_Memory|altsyncram:mem_rtl_0|altsyncram_70e1:auto_generated|ram_block1a15~porta_address_reg5 ;
; 7.873 ; 10.000       ; 2.127          ; Low Pulse Width  ; CLOCK_50 ; Rise       ; SoC_Top:u_soc|Pipeline_top:u_cpu|fetch_cycle:fetch|Instruction_Memory:I_Memory|altsyncram:mem_rtl_0|altsyncram_70e1:auto_generated|ram_block1a15~porta_address_reg5 ;
; 7.873 ; 10.000       ; 2.127          ; High Pulse Width ; CLOCK_50 ; Rise       ; SoC_Top:u_soc|Pipeline_top:u_cpu|fetch_cycle:fetch|Instruction_Memory:I_Memory|altsyncram:mem_rtl_0|altsyncram_70e1:auto_generated|ram_block1a15~porta_address_reg6 ;
; 7.873 ; 10.000       ; 2.127          ; Low Pulse Width  ; CLOCK_50 ; Rise       ; SoC_Top:u_soc|Pipeline_top:u_cpu|fetch_cycle:fetch|Instruction_Memory:I_Memory|altsyncram:mem_rtl_0|altsyncram_70e1:auto_generated|ram_block1a15~porta_address_reg6 ;
; 7.873 ; 10.000       ; 2.127          ; High Pulse Width ; CLOCK_50 ; Rise       ; SoC_Top:u_soc|Pipeline_top:u_cpu|fetch_cycle:fetch|Instruction_Memory:I_Memory|altsyncram:mem_rtl_0|altsyncram_70e1:auto_generated|ram_block1a15~porta_address_reg7 ;
; 7.873 ; 10.000       ; 2.127          ; Low Pulse Width  ; CLOCK_50 ; Rise       ; SoC_Top:u_soc|Pipeline_top:u_cpu|fetch_cycle:fetch|Instruction_Memory:I_Memory|altsyncram:mem_rtl_0|altsyncram_70e1:auto_generated|ram_block1a15~porta_address_reg7 ;
; 7.873 ; 10.000       ; 2.127          ; High Pulse Width ; CLOCK_50 ; Rise       ; SoC_Top:u_soc|Pipeline_top:u_cpu|fetch_cycle:fetch|Instruction_Memory:I_Memory|altsyncram:mem_rtl_0|altsyncram_70e1:auto_generated|ram_block1a15~porta_address_reg8 ;
; 7.873 ; 10.000       ; 2.127          ; Low Pulse Width  ; CLOCK_50 ; Rise       ; SoC_Top:u_soc|Pipeline_top:u_cpu|fetch_cycle:fetch|Instruction_Memory:I_Memory|altsyncram:mem_rtl_0|altsyncram_70e1:auto_generated|ram_block1a15~porta_address_reg8 ;
; 7.873 ; 10.000       ; 2.127          ; High Pulse Width ; CLOCK_50 ; Rise       ; SoC_Top:u_soc|Pipeline_top:u_cpu|fetch_cycle:fetch|Instruction_Memory:I_Memory|altsyncram:mem_rtl_0|altsyncram_70e1:auto_generated|ram_block1a15~porta_address_reg9 ;
; 7.873 ; 10.000       ; 2.127          ; Low Pulse Width  ; CLOCK_50 ; Rise       ; SoC_Top:u_soc|Pipeline_top:u_cpu|fetch_cycle:fetch|Instruction_Memory:I_Memory|altsyncram:mem_rtl_0|altsyncram_70e1:auto_generated|ram_block1a15~porta_address_reg9 ;
; 7.873 ; 10.000       ; 2.127          ; High Pulse Width ; CLOCK_50 ; Rise       ; SoC_Top:u_soc|Pipeline_top:u_cpu|fetch_cycle:fetch|Instruction_Memory:I_Memory|altsyncram:mem_rtl_0|altsyncram_70e1:auto_generated|ram_block1a15~porta_datain_reg0  ;
; 7.873 ; 10.000       ; 2.127          ; Low Pulse Width  ; CLOCK_50 ; Rise       ; SoC_Top:u_soc|Pipeline_top:u_cpu|fetch_cycle:fetch|Instruction_Memory:I_Memory|altsyncram:mem_rtl_0|altsyncram_70e1:auto_generated|ram_block1a15~porta_datain_reg0  ;
; 7.873 ; 10.000       ; 2.127          ; High Pulse Width ; CLOCK_50 ; Rise       ; SoC_Top:u_soc|Pipeline_top:u_cpu|fetch_cycle:fetch|Instruction_Memory:I_Memory|altsyncram:mem_rtl_0|altsyncram_70e1:auto_generated|ram_block1a15~porta_datain_reg1  ;
; 7.873 ; 10.000       ; 2.127          ; Low Pulse Width  ; CLOCK_50 ; Rise       ; SoC_Top:u_soc|Pipeline_top:u_cpu|fetch_cycle:fetch|Instruction_Memory:I_Memory|altsyncram:mem_rtl_0|altsyncram_70e1:auto_generated|ram_block1a15~porta_datain_reg1  ;
; 7.873 ; 10.000       ; 2.127          ; High Pulse Width ; CLOCK_50 ; Rise       ; SoC_Top:u_soc|Pipeline_top:u_cpu|fetch_cycle:fetch|Instruction_Memory:I_Memory|altsyncram:mem_rtl_0|altsyncram_70e1:auto_generated|ram_block1a15~porta_datain_reg2  ;
; 7.873 ; 10.000       ; 2.127          ; Low Pulse Width  ; CLOCK_50 ; Rise       ; SoC_Top:u_soc|Pipeline_top:u_cpu|fetch_cycle:fetch|Instruction_Memory:I_Memory|altsyncram:mem_rtl_0|altsyncram_70e1:auto_generated|ram_block1a15~porta_datain_reg2  ;
; 7.873 ; 10.000       ; 2.127          ; High Pulse Width ; CLOCK_50 ; Rise       ; SoC_Top:u_soc|Pipeline_top:u_cpu|fetch_cycle:fetch|Instruction_Memory:I_Memory|altsyncram:mem_rtl_0|altsyncram_70e1:auto_generated|ram_block1a15~porta_datain_reg3  ;
; 7.873 ; 10.000       ; 2.127          ; Low Pulse Width  ; CLOCK_50 ; Rise       ; SoC_Top:u_soc|Pipeline_top:u_cpu|fetch_cycle:fetch|Instruction_Memory:I_Memory|altsyncram:mem_rtl_0|altsyncram_70e1:auto_generated|ram_block1a15~porta_datain_reg3  ;
; 7.873 ; 10.000       ; 2.127          ; High Pulse Width ; CLOCK_50 ; Rise       ; SoC_Top:u_soc|Pipeline_top:u_cpu|fetch_cycle:fetch|Instruction_Memory:I_Memory|altsyncram:mem_rtl_0|altsyncram_70e1:auto_generated|ram_block1a15~porta_memory_reg0  ;
; 7.873 ; 10.000       ; 2.127          ; Low Pulse Width  ; CLOCK_50 ; Rise       ; SoC_Top:u_soc|Pipeline_top:u_cpu|fetch_cycle:fetch|Instruction_Memory:I_Memory|altsyncram:mem_rtl_0|altsyncram_70e1:auto_generated|ram_block1a15~porta_memory_reg0  ;
; 7.873 ; 10.000       ; 2.127          ; High Pulse Width ; CLOCK_50 ; Rise       ; SoC_Top:u_soc|Pipeline_top:u_cpu|fetch_cycle:fetch|Instruction_Memory:I_Memory|altsyncram:mem_rtl_0|altsyncram_70e1:auto_generated|ram_block1a15~porta_we_reg       ;
; 7.873 ; 10.000       ; 2.127          ; Low Pulse Width  ; CLOCK_50 ; Rise       ; SoC_Top:u_soc|Pipeline_top:u_cpu|fetch_cycle:fetch|Instruction_Memory:I_Memory|altsyncram:mem_rtl_0|altsyncram_70e1:auto_generated|ram_block1a15~porta_we_reg       ;
; 7.873 ; 10.000       ; 2.127          ; High Pulse Width ; CLOCK_50 ; Rise       ; SoC_Top:u_soc|Pipeline_top:u_cpu|fetch_cycle:fetch|Instruction_Memory:I_Memory|altsyncram:mem_rtl_0|altsyncram_70e1:auto_generated|ram_block1a15~portb_address_reg0 ;
; 7.873 ; 10.000       ; 2.127          ; Low Pulse Width  ; CLOCK_50 ; Rise       ; SoC_Top:u_soc|Pipeline_top:u_cpu|fetch_cycle:fetch|Instruction_Memory:I_Memory|altsyncram:mem_rtl_0|altsyncram_70e1:auto_generated|ram_block1a15~portb_address_reg0 ;
; 7.873 ; 10.000       ; 2.127          ; High Pulse Width ; CLOCK_50 ; Rise       ; SoC_Top:u_soc|Pipeline_top:u_cpu|fetch_cycle:fetch|Instruction_Memory:I_Memory|altsyncram:mem_rtl_0|altsyncram_70e1:auto_generated|ram_block1a15~portb_address_reg1 ;
; 7.873 ; 10.000       ; 2.127          ; Low Pulse Width  ; CLOCK_50 ; Rise       ; SoC_Top:u_soc|Pipeline_top:u_cpu|fetch_cycle:fetch|Instruction_Memory:I_Memory|altsyncram:mem_rtl_0|altsyncram_70e1:auto_generated|ram_block1a15~portb_address_reg1 ;
; 7.873 ; 10.000       ; 2.127          ; High Pulse Width ; CLOCK_50 ; Rise       ; SoC_Top:u_soc|Pipeline_top:u_cpu|fetch_cycle:fetch|Instruction_Memory:I_Memory|altsyncram:mem_rtl_0|altsyncram_70e1:auto_generated|ram_block1a15~portb_address_reg2 ;
; 7.873 ; 10.000       ; 2.127          ; Low Pulse Width  ; CLOCK_50 ; Rise       ; SoC_Top:u_soc|Pipeline_top:u_cpu|fetch_cycle:fetch|Instruction_Memory:I_Memory|altsyncram:mem_rtl_0|altsyncram_70e1:auto_generated|ram_block1a15~portb_address_reg2 ;
+-------+--------------+----------------+------------------+----------+------------+---------------------------------------------------------------------------------------------------------------------------------------------------------------------+


+-----------------------------------------------------------------------+
; Setup Times                                                           ;
+-----------+------------+-------+-------+------------+-----------------+
; Data Port ; Clock Port ; Rise  ; Fall  ; Clock Edge ; Clock Reference ;
+-----------+------------+-------+-------+------------+-----------------+
; KEY[*]    ; CLOCK_50   ; 3.634 ; 3.634 ; Rise       ; CLOCK_50        ;
;  KEY[0]   ; CLOCK_50   ; 3.381 ; 3.381 ; Rise       ; CLOCK_50        ;
;  KEY[1]   ; CLOCK_50   ; 3.226 ; 3.226 ; Rise       ; CLOCK_50        ;
;  KEY[2]   ; CLOCK_50   ; 3.301 ; 3.301 ; Rise       ; CLOCK_50        ;
;  KEY[3]   ; CLOCK_50   ; 3.634 ; 3.634 ; Rise       ; CLOCK_50        ;
+-----------+------------+-------+-------+------------+-----------------+


+-------------------------------------------------------------------------+
; Hold Times                                                              ;
+-----------+------------+--------+--------+------------+-----------------+
; Data Port ; Clock Port ; Rise   ; Fall   ; Clock Edge ; Clock Reference ;
+-----------+------------+--------+--------+------------+-----------------+
; KEY[*]    ; CLOCK_50   ; -2.174 ; -2.174 ; Rise       ; CLOCK_50        ;
;  KEY[0]   ; CLOCK_50   ; -2.414 ; -2.414 ; Rise       ; CLOCK_50        ;
;  KEY[1]   ; CLOCK_50   ; -2.311 ; -2.311 ; Rise       ; CLOCK_50        ;
;  KEY[2]   ; CLOCK_50   ; -2.401 ; -2.401 ; Rise       ; CLOCK_50        ;
;  KEY[3]   ; CLOCK_50   ; -2.174 ; -2.174 ; Rise       ; CLOCK_50        ;
+-----------+------------+--------+--------+------------+-----------------+


+----------------------------------------------------------+
; Propagation Delay                                        ;
+------------+-------------+-------+-------+-------+-------+
; Input Port ; Output Port ; RR    ; RF    ; FR    ; FF    ;
+------------+-------------+-------+-------+-------+-------+
; SW[0]      ; HEX4[0]     ; 4.113 ; 4.113 ; 4.113 ; 4.113 ;
; SW[0]      ; HEX4[1]     ; 4.265 ; 4.265 ; 4.265 ; 4.265 ;
; SW[0]      ; HEX4[2]     ;       ; 4.268 ; 4.268 ;       ;
; SW[0]      ; HEX4[3]     ; 4.119 ; 4.119 ; 4.119 ; 4.119 ;
; SW[0]      ; HEX4[4]     ; 4.060 ;       ;       ; 4.060 ;
; SW[0]      ; HEX4[5]     ; 3.946 ;       ;       ; 3.946 ;
; SW[0]      ; HEX4[6]     ; 4.134 ; 4.134 ; 4.134 ; 4.134 ;
; SW[1]      ; HEX4[0]     ; 4.036 ; 4.036 ; 4.036 ; 4.036 ;
; SW[1]      ; HEX4[1]     ; 3.967 ; 3.967 ; 3.967 ; 3.967 ;
; SW[1]      ; HEX4[2]     ; 4.194 ;       ;       ; 4.194 ;
; SW[1]      ; HEX4[3]     ; 3.816 ; 3.816 ; 3.816 ; 3.816 ;
; SW[1]      ; HEX4[4]     ;       ; 3.765 ; 3.765 ;       ;
; SW[1]      ; HEX4[5]     ; 3.654 ; 3.654 ; 3.654 ; 3.654 ;
; SW[1]      ; HEX4[6]     ; 4.071 ; 4.071 ; 4.071 ; 4.071 ;
; SW[2]      ; HEX4[0]     ; 4.318 ; 4.318 ; 4.318 ; 4.318 ;
; SW[2]      ; HEX4[1]     ; 4.599 ;       ;       ; 4.599 ;
; SW[2]      ; HEX4[2]     ; 4.473 ; 4.473 ; 4.473 ; 4.473 ;
; SW[2]      ; HEX4[3]     ; 4.453 ; 4.453 ; 4.453 ; 4.453 ;
; SW[2]      ; HEX4[4]     ; 4.386 ; 4.386 ; 4.386 ; 4.386 ;
; SW[2]      ; HEX4[5]     ; 4.278 ; 4.278 ; 4.278 ; 4.278 ;
; SW[2]      ; HEX4[6]     ; 4.334 ; 4.334 ; 4.334 ; 4.334 ;
; SW[3]      ; HEX4[0]     ; 3.898 ; 3.898 ; 3.898 ; 3.898 ;
; SW[3]      ; HEX4[1]     ; 4.062 ; 4.062 ; 4.062 ; 4.062 ;
; SW[3]      ; HEX4[2]     ; 4.061 ; 4.061 ; 4.061 ; 4.061 ;
; SW[3]      ; HEX4[3]     ; 3.911 ; 3.911 ; 3.911 ; 3.911 ;
; SW[3]      ; HEX4[4]     ;       ; 3.857 ; 3.857 ;       ;
; SW[3]      ; HEX4[5]     ; 3.746 ; 3.746 ; 3.746 ; 3.746 ;
; SW[3]      ; HEX4[6]     ; 3.934 ; 3.934 ; 3.934 ; 3.934 ;
; SW[4]      ; HEX5[0]     ; 3.556 ; 3.556 ; 3.556 ; 3.556 ;
; SW[4]      ; HEX5[1]     ; 3.618 ; 3.618 ; 3.618 ; 3.618 ;
; SW[4]      ; HEX5[2]     ;       ; 3.803 ; 3.803 ;       ;
; SW[4]      ; HEX5[3]     ; 3.960 ; 3.960 ; 3.960 ; 3.960 ;
; SW[4]      ; HEX5[4]     ; 3.938 ;       ;       ; 3.938 ;
; SW[4]      ; HEX5[5]     ; 3.841 ;       ;       ; 3.841 ;
; SW[4]      ; HEX5[6]     ; 3.767 ; 3.767 ; 3.767 ; 3.767 ;
; SW[5]      ; HEX5[0]     ; 3.667 ; 3.667 ; 3.667 ; 3.667 ;
; SW[5]      ; HEX5[1]     ; 3.726 ; 3.726 ; 3.726 ; 3.726 ;
; SW[5]      ; HEX5[2]     ; 3.923 ;       ;       ; 3.923 ;
; SW[5]      ; HEX5[3]     ; 4.082 ; 4.082 ; 4.082 ; 4.082 ;
; SW[5]      ; HEX5[4]     ;       ; 4.060 ; 4.060 ;       ;
; SW[5]      ; HEX5[5]     ; 3.947 ; 3.947 ; 3.947 ; 3.947 ;
; SW[5]      ; HEX5[6]     ; 3.889 ; 3.889 ; 3.889 ; 3.889 ;
; SW[6]      ; HEX5[0]     ; 3.676 ; 3.676 ; 3.676 ; 3.676 ;
; SW[6]      ; HEX5[1]     ; 3.737 ;       ;       ; 3.737 ;
; SW[6]      ; HEX5[2]     ; 3.921 ; 3.921 ; 3.921 ; 3.921 ;
; SW[6]      ; HEX5[3]     ; 4.078 ; 4.078 ; 4.078 ; 4.078 ;
; SW[6]      ; HEX5[4]     ; 4.053 ; 4.053 ; 4.053 ; 4.053 ;
; SW[6]      ; HEX5[5]     ; 3.955 ; 3.955 ; 3.955 ; 3.955 ;
; SW[6]      ; HEX5[6]     ; 3.881 ; 3.881 ; 3.881 ; 3.881 ;
; SW[7]      ; HEX5[0]     ; 3.729 ; 3.729 ; 3.729 ; 3.729 ;
; SW[7]      ; HEX5[1]     ; 3.790 ; 3.790 ; 3.790 ; 3.790 ;
; SW[7]      ; HEX5[2]     ; 3.984 ; 3.984 ; 3.984 ; 3.984 ;
; SW[7]      ; HEX5[3]     ; 4.139 ; 4.139 ; 4.139 ; 4.139 ;
; SW[7]      ; HEX5[4]     ;       ; 4.119 ; 4.119 ;       ;
; SW[7]      ; HEX5[5]     ; 4.008 ; 4.008 ; 4.008 ; 4.008 ;
; SW[7]      ; HEX5[6]     ; 3.947 ; 3.947 ; 3.947 ; 3.947 ;
; SW[8]      ; HEX6[0]     ; 3.881 ; 3.881 ; 3.881 ; 3.881 ;
; SW[8]      ; HEX6[1]     ; 4.032 ; 4.032 ; 4.032 ; 4.032 ;
; SW[8]      ; HEX6[2]     ;       ; 4.267 ; 4.267 ;       ;
; SW[8]      ; HEX6[3]     ; 4.218 ; 4.218 ; 4.218 ; 4.218 ;
; SW[8]      ; HEX6[4]     ; 4.259 ;       ;       ; 4.259 ;
; SW[8]      ; HEX6[5]     ; 3.992 ;       ;       ; 3.992 ;
; SW[8]      ; HEX6[6]     ; 4.140 ; 4.140 ; 4.140 ; 4.140 ;
; SW[9]      ; HEX6[0]     ; 3.584 ; 3.584 ; 3.584 ; 3.584 ;
; SW[9]      ; HEX6[1]     ; 4.128 ; 4.128 ; 4.128 ; 4.128 ;
; SW[9]      ; HEX6[2]     ; 3.993 ;       ;       ; 3.993 ;
; SW[9]      ; HEX6[3]     ; 4.317 ; 4.317 ; 4.317 ; 4.317 ;
; SW[9]      ; HEX6[4]     ;       ; 4.360 ; 4.360 ;       ;
; SW[9]      ; HEX6[5]     ; 4.085 ; 4.085 ; 4.085 ; 4.085 ;
; SW[9]      ; HEX6[6]     ; 3.850 ; 3.850 ; 3.850 ; 3.850 ;
; SW[10]     ; HEX6[0]     ; 3.401 ; 3.401 ; 3.401 ; 3.401 ;
; SW[10]     ; HEX6[1]     ; 3.824 ;       ;       ; 3.824 ;
; SW[10]     ; HEX6[2]     ; 3.817 ; 3.817 ; 3.817 ; 3.817 ;
; SW[10]     ; HEX6[3]     ; 4.012 ; 4.012 ; 4.012 ; 4.012 ;
; SW[10]     ; HEX6[4]     ; 4.056 ; 4.056 ; 4.056 ; 4.056 ;
; SW[10]     ; HEX6[5]     ; 3.778 ; 3.778 ; 3.778 ; 3.778 ;
; SW[10]     ; HEX6[6]     ; 3.668 ; 3.668 ; 3.668 ; 3.668 ;
; SW[11]     ; HEX6[0]     ; 3.275 ; 3.275 ; 3.275 ; 3.275 ;
; SW[11]     ; HEX6[1]     ; 3.679 ; 3.679 ; 3.679 ; 3.679 ;
; SW[11]     ; HEX6[2]     ; 3.673 ; 3.673 ; 3.673 ; 3.673 ;
; SW[11]     ; HEX6[3]     ; 3.868 ; 3.868 ; 3.868 ; 3.868 ;
; SW[11]     ; HEX6[4]     ;       ; 3.911 ; 3.911 ;       ;
; SW[11]     ; HEX6[5]     ; 3.638 ; 3.638 ; 3.638 ; 3.638 ;
; SW[11]     ; HEX6[6]     ; 3.536 ; 3.536 ; 3.536 ; 3.536 ;
; SW[12]     ; HEX7[0]     ; 2.794 ; 2.794 ; 2.794 ; 2.794 ;
; SW[12]     ; HEX7[1]     ; 2.798 ; 2.798 ; 2.798 ; 2.798 ;
; SW[12]     ; HEX7[2]     ;       ; 2.756 ; 2.756 ;       ;
; SW[12]     ; HEX7[3]     ; 2.766 ; 2.766 ; 2.766 ; 2.766 ;
; SW[12]     ; HEX7[4]     ; 2.760 ;       ;       ; 2.760 ;
; SW[12]     ; HEX7[5]     ; 2.919 ;       ;       ; 2.919 ;
; SW[12]     ; HEX7[6]     ; 2.869 ; 2.869 ; 2.869 ; 2.869 ;
; SW[13]     ; HEX7[0]     ; 5.494 ; 5.494 ; 5.494 ; 5.494 ;
; SW[13]     ; HEX7[1]     ; 5.498 ; 5.498 ; 5.498 ; 5.498 ;
; SW[13]     ; HEX7[2]     ; 5.471 ;       ;       ; 5.471 ;
; SW[13]     ; HEX7[3]     ; 5.470 ; 5.470 ; 5.470 ; 5.470 ;
; SW[13]     ; HEX7[4]     ;       ; 5.467 ; 5.467 ;       ;
; SW[13]     ; HEX7[5]     ; 5.618 ; 5.618 ; 5.618 ; 5.618 ;
; SW[13]     ; HEX7[6]     ; 5.564 ; 5.564 ; 5.564 ; 5.564 ;
; SW[14]     ; HEX7[0]     ; 5.642 ; 5.642 ; 5.642 ; 5.642 ;
; SW[14]     ; HEX7[1]     ; 5.646 ;       ;       ; 5.646 ;
; SW[14]     ; HEX7[2]     ; 5.622 ; 5.622 ; 5.622 ; 5.622 ;
; SW[14]     ; HEX7[3]     ; 5.618 ; 5.618 ; 5.618 ; 5.618 ;
; SW[14]     ; HEX7[4]     ; 5.614 ; 5.614 ; 5.614 ; 5.614 ;
; SW[14]     ; HEX7[5]     ; 5.767 ; 5.767 ; 5.767 ; 5.767 ;
; SW[14]     ; HEX7[6]     ; 5.712 ; 5.712 ; 5.712 ; 5.712 ;
; SW[15]     ; HEX7[0]     ; 5.712 ; 5.712 ; 5.712 ; 5.712 ;
; SW[15]     ; HEX7[1]     ; 5.719 ; 5.719 ; 5.719 ; 5.719 ;
; SW[15]     ; HEX7[2]     ; 5.690 ; 5.690 ; 5.690 ; 5.690 ;
; SW[15]     ; HEX7[3]     ; 5.687 ; 5.687 ; 5.687 ; 5.687 ;
; SW[15]     ; HEX7[4]     ;       ; 5.684 ; 5.684 ;       ;
; SW[15]     ; HEX7[5]     ; 5.836 ; 5.836 ; 5.836 ; 5.836 ;
; SW[15]     ; HEX7[6]     ; 5.783 ; 5.783 ; 5.783 ; 5.783 ;
; SW[17]     ; LEDG[2]     ; 5.830 ;       ;       ; 5.830 ;
+------------+-------------+-------+-------+-------+-------+


+----------------------------------------------------------+
; Minimum Propagation Delay                                ;
+------------+-------------+-------+-------+-------+-------+
; Input Port ; Output Port ; RR    ; RF    ; FR    ; FF    ;
+------------+-------------+-------+-------+-------+-------+
; SW[0]      ; HEX4[0]     ; 4.113 ; 4.113 ; 4.113 ; 4.113 ;
; SW[0]      ; HEX4[1]     ; 4.265 ; 4.265 ; 4.265 ; 4.265 ;
; SW[0]      ; HEX4[2]     ;       ; 4.268 ; 4.268 ;       ;
; SW[0]      ; HEX4[3]     ; 4.119 ; 4.119 ; 4.119 ; 4.119 ;
; SW[0]      ; HEX4[4]     ; 4.060 ;       ;       ; 4.060 ;
; SW[0]      ; HEX4[5]     ; 3.946 ;       ;       ; 3.946 ;
; SW[0]      ; HEX4[6]     ; 4.134 ; 4.134 ; 4.134 ; 4.134 ;
; SW[1]      ; HEX4[0]     ; 4.036 ; 4.036 ; 4.036 ; 4.036 ;
; SW[1]      ; HEX4[1]     ; 3.967 ; 3.967 ; 3.967 ; 3.967 ;
; SW[1]      ; HEX4[2]     ; 4.194 ;       ;       ; 4.194 ;
; SW[1]      ; HEX4[3]     ; 3.816 ; 3.816 ; 3.816 ; 3.816 ;
; SW[1]      ; HEX4[4]     ;       ; 3.765 ; 3.765 ;       ;
; SW[1]      ; HEX4[5]     ; 3.654 ; 3.654 ; 3.654 ; 3.654 ;
; SW[1]      ; HEX4[6]     ; 4.071 ; 4.071 ; 4.071 ; 4.071 ;
; SW[2]      ; HEX4[0]     ; 4.318 ; 4.318 ; 4.318 ; 4.318 ;
; SW[2]      ; HEX4[1]     ; 4.599 ;       ;       ; 4.599 ;
; SW[2]      ; HEX4[2]     ; 4.473 ; 4.473 ; 4.473 ; 4.473 ;
; SW[2]      ; HEX4[3]     ; 4.453 ; 4.453 ; 4.453 ; 4.453 ;
; SW[2]      ; HEX4[4]     ; 4.386 ; 4.386 ; 4.386 ; 4.386 ;
; SW[2]      ; HEX4[5]     ; 4.278 ; 4.278 ; 4.278 ; 4.278 ;
; SW[2]      ; HEX4[6]     ; 4.334 ; 4.334 ; 4.334 ; 4.334 ;
; SW[3]      ; HEX4[0]     ; 3.898 ; 3.898 ; 3.898 ; 3.898 ;
; SW[3]      ; HEX4[1]     ; 4.062 ; 4.062 ; 4.062 ; 4.062 ;
; SW[3]      ; HEX4[2]     ; 4.061 ; 4.061 ; 4.061 ; 4.061 ;
; SW[3]      ; HEX4[3]     ; 3.911 ; 3.911 ; 3.911 ; 3.911 ;
; SW[3]      ; HEX4[4]     ;       ; 3.857 ; 3.857 ;       ;
; SW[3]      ; HEX4[5]     ; 3.746 ; 3.746 ; 3.746 ; 3.746 ;
; SW[3]      ; HEX4[6]     ; 3.934 ; 3.934 ; 3.934 ; 3.934 ;
; SW[4]      ; HEX5[0]     ; 3.556 ; 3.556 ; 3.556 ; 3.556 ;
; SW[4]      ; HEX5[1]     ; 3.618 ; 3.618 ; 3.618 ; 3.618 ;
; SW[4]      ; HEX5[2]     ;       ; 3.803 ; 3.803 ;       ;
; SW[4]      ; HEX5[3]     ; 3.960 ; 3.960 ; 3.960 ; 3.960 ;
; SW[4]      ; HEX5[4]     ; 3.938 ;       ;       ; 3.938 ;
; SW[4]      ; HEX5[5]     ; 3.841 ;       ;       ; 3.841 ;
; SW[4]      ; HEX5[6]     ; 3.767 ; 3.767 ; 3.767 ; 3.767 ;
; SW[5]      ; HEX5[0]     ; 3.667 ; 3.667 ; 3.667 ; 3.667 ;
; SW[5]      ; HEX5[1]     ; 3.726 ; 3.726 ; 3.726 ; 3.726 ;
; SW[5]      ; HEX5[2]     ; 3.923 ;       ;       ; 3.923 ;
; SW[5]      ; HEX5[3]     ; 4.082 ; 4.082 ; 4.082 ; 4.082 ;
; SW[5]      ; HEX5[4]     ;       ; 4.060 ; 4.060 ;       ;
; SW[5]      ; HEX5[5]     ; 3.947 ; 3.947 ; 3.947 ; 3.947 ;
; SW[5]      ; HEX5[6]     ; 3.889 ; 3.889 ; 3.889 ; 3.889 ;
; SW[6]      ; HEX5[0]     ; 3.676 ; 3.676 ; 3.676 ; 3.676 ;
; SW[6]      ; HEX5[1]     ; 3.737 ;       ;       ; 3.737 ;
; SW[6]      ; HEX5[2]     ; 3.921 ; 3.921 ; 3.921 ; 3.921 ;
; SW[6]      ; HEX5[3]     ; 4.078 ; 4.078 ; 4.078 ; 4.078 ;
; SW[6]      ; HEX5[4]     ; 4.053 ; 4.053 ; 4.053 ; 4.053 ;
; SW[6]      ; HEX5[5]     ; 3.955 ; 3.955 ; 3.955 ; 3.955 ;
; SW[6]      ; HEX5[6]     ; 3.881 ; 3.881 ; 3.881 ; 3.881 ;
; SW[7]      ; HEX5[0]     ; 3.729 ; 3.729 ; 3.729 ; 3.729 ;
; SW[7]      ; HEX5[1]     ; 3.790 ; 3.790 ; 3.790 ; 3.790 ;
; SW[7]      ; HEX5[2]     ; 3.984 ; 3.984 ; 3.984 ; 3.984 ;
; SW[7]      ; HEX5[3]     ; 4.139 ; 4.139 ; 4.139 ; 4.139 ;
; SW[7]      ; HEX5[4]     ;       ; 4.119 ; 4.119 ;       ;
; SW[7]      ; HEX5[5]     ; 4.008 ; 4.008 ; 4.008 ; 4.008 ;
; SW[7]      ; HEX5[6]     ; 3.947 ; 3.947 ; 3.947 ; 3.947 ;
; SW[8]      ; HEX6[0]     ; 3.881 ; 3.881 ; 3.881 ; 3.881 ;
; SW[8]      ; HEX6[1]     ; 4.032 ; 4.032 ; 4.032 ; 4.032 ;
; SW[8]      ; HEX6[2]     ;       ; 4.267 ; 4.267 ;       ;
; SW[8]      ; HEX6[3]     ; 4.218 ; 4.218 ; 4.218 ; 4.218 ;
; SW[8]      ; HEX6[4]     ; 4.259 ;       ;       ; 4.259 ;
; SW[8]      ; HEX6[5]     ; 3.992 ;       ;       ; 3.992 ;
; SW[8]      ; HEX6[6]     ; 4.140 ; 4.140 ; 4.140 ; 4.140 ;
; SW[9]      ; HEX6[0]     ; 3.584 ; 3.584 ; 3.584 ; 3.584 ;
; SW[9]      ; HEX6[1]     ; 4.128 ; 4.128 ; 4.128 ; 4.128 ;
; SW[9]      ; HEX6[2]     ; 3.993 ;       ;       ; 3.993 ;
; SW[9]      ; HEX6[3]     ; 4.317 ; 4.317 ; 4.317 ; 4.317 ;
; SW[9]      ; HEX6[4]     ;       ; 4.360 ; 4.360 ;       ;
; SW[9]      ; HEX6[5]     ; 4.085 ; 4.085 ; 4.085 ; 4.085 ;
; SW[9]      ; HEX6[6]     ; 3.850 ; 3.850 ; 3.850 ; 3.850 ;
; SW[10]     ; HEX6[0]     ; 3.401 ; 3.401 ; 3.401 ; 3.401 ;
; SW[10]     ; HEX6[1]     ; 3.824 ;       ;       ; 3.824 ;
; SW[10]     ; HEX6[2]     ; 3.817 ; 3.817 ; 3.817 ; 3.817 ;
; SW[10]     ; HEX6[3]     ; 4.012 ; 4.012 ; 4.012 ; 4.012 ;
; SW[10]     ; HEX6[4]     ; 4.056 ; 4.056 ; 4.056 ; 4.056 ;
; SW[10]     ; HEX6[5]     ; 3.778 ; 3.778 ; 3.778 ; 3.778 ;
; SW[10]     ; HEX6[6]     ; 3.668 ; 3.668 ; 3.668 ; 3.668 ;
; SW[11]     ; HEX6[0]     ; 3.275 ; 3.275 ; 3.275 ; 3.275 ;
; SW[11]     ; HEX6[1]     ; 3.679 ; 3.679 ; 3.679 ; 3.679 ;
; SW[11]     ; HEX6[2]     ; 3.673 ; 3.673 ; 3.673 ; 3.673 ;
; SW[11]     ; HEX6[3]     ; 3.868 ; 3.868 ; 3.868 ; 3.868 ;
; SW[11]     ; HEX6[4]     ;       ; 3.911 ; 3.911 ;       ;
; SW[11]     ; HEX6[5]     ; 3.638 ; 3.638 ; 3.638 ; 3.638 ;
; SW[11]     ; HEX6[6]     ; 3.536 ; 3.536 ; 3.536 ; 3.536 ;
; SW[12]     ; HEX7[0]     ; 2.794 ; 2.794 ; 2.794 ; 2.794 ;
; SW[12]     ; HEX7[1]     ; 2.798 ; 2.798 ; 2.798 ; 2.798 ;
; SW[12]     ; HEX7[2]     ;       ; 2.756 ; 2.756 ;       ;
; SW[12]     ; HEX7[3]     ; 2.766 ; 2.766 ; 2.766 ; 2.766 ;
; SW[12]     ; HEX7[4]     ; 2.760 ;       ;       ; 2.760 ;
; SW[12]     ; HEX7[5]     ; 2.919 ;       ;       ; 2.919 ;
; SW[12]     ; HEX7[6]     ; 2.869 ; 2.869 ; 2.869 ; 2.869 ;
; SW[13]     ; HEX7[0]     ; 5.494 ; 5.494 ; 5.494 ; 5.494 ;
; SW[13]     ; HEX7[1]     ; 5.498 ; 5.498 ; 5.498 ; 5.498 ;
; SW[13]     ; HEX7[2]     ; 5.471 ;       ;       ; 5.471 ;
; SW[13]     ; HEX7[3]     ; 5.470 ; 5.470 ; 5.470 ; 5.470 ;
; SW[13]     ; HEX7[4]     ;       ; 5.467 ; 5.467 ;       ;
; SW[13]     ; HEX7[5]     ; 5.618 ; 5.618 ; 5.618 ; 5.618 ;
; SW[13]     ; HEX7[6]     ; 5.564 ; 5.564 ; 5.564 ; 5.564 ;
; SW[14]     ; HEX7[0]     ; 5.642 ; 5.642 ; 5.642 ; 5.642 ;
; SW[14]     ; HEX7[1]     ; 5.646 ;       ;       ; 5.646 ;
; SW[14]     ; HEX7[2]     ; 5.622 ; 5.622 ; 5.622 ; 5.622 ;
; SW[14]     ; HEX7[3]     ; 5.618 ; 5.618 ; 5.618 ; 5.618 ;
; SW[14]     ; HEX7[4]     ; 5.614 ; 5.614 ; 5.614 ; 5.614 ;
; SW[14]     ; HEX7[5]     ; 5.767 ; 5.767 ; 5.767 ; 5.767 ;
; SW[14]     ; HEX7[6]     ; 5.712 ; 5.712 ; 5.712 ; 5.712 ;
; SW[15]     ; HEX7[0]     ; 5.712 ; 5.712 ; 5.712 ; 5.712 ;
; SW[15]     ; HEX7[1]     ; 5.719 ; 5.719 ; 5.719 ; 5.719 ;
; SW[15]     ; HEX7[2]     ; 5.690 ; 5.690 ; 5.690 ; 5.690 ;
; SW[15]     ; HEX7[3]     ; 5.687 ; 5.687 ; 5.687 ; 5.687 ;
; SW[15]     ; HEX7[4]     ;       ; 5.684 ; 5.684 ;       ;
; SW[15]     ; HEX7[5]     ; 5.836 ; 5.836 ; 5.836 ; 5.836 ;
; SW[15]     ; HEX7[6]     ; 5.783 ; 5.783 ; 5.783 ; 5.783 ;
; SW[17]     ; LEDG[2]     ; 5.830 ;       ;       ; 5.830 ;
+------------+-------------+-------+-------+-------+-------+


+-----------------------------------------------------------------------------+
; Multicorner Timing Analysis Summary                                         ;
+------------------+-------+-------+----------+---------+---------------------+
; Clock            ; Setup ; Hold  ; Recovery ; Removal ; Minimum Pulse Width ;
+------------------+-------+-------+----------+---------+---------------------+
; Worst-case Slack ; 1.798 ; 0.215 ; 17.262   ; 1.512   ; 7.873               ;
;  CLOCK_50        ; 1.798 ; 0.215 ; 17.262   ; 1.512   ; 7.873               ;
; Design-wide TNS  ; 0.0   ; 0.0   ; 0.0      ; 0.0     ; 0.0                 ;
;  CLOCK_50        ; 0.000 ; 0.000 ; 0.000    ; 0.000   ; 0.000               ;
+------------------+-------+-------+----------+---------+---------------------+


+-----------------------------------------------------------------------+
; Setup Times                                                           ;
+-----------+------------+-------+-------+------------+-----------------+
; Data Port ; Clock Port ; Rise  ; Fall  ; Clock Edge ; Clock Reference ;
+-----------+------------+-------+-------+------------+-----------------+
; KEY[*]    ; CLOCK_50   ; 7.250 ; 7.250 ; Rise       ; CLOCK_50        ;
;  KEY[0]   ; CLOCK_50   ; 6.626 ; 6.626 ; Rise       ; CLOCK_50        ;
;  KEY[1]   ; CLOCK_50   ; 6.242 ; 6.242 ; Rise       ; CLOCK_50        ;
;  KEY[2]   ; CLOCK_50   ; 6.342 ; 6.342 ; Rise       ; CLOCK_50        ;
;  KEY[3]   ; CLOCK_50   ; 7.250 ; 7.250 ; Rise       ; CLOCK_50        ;
+-----------+------------+-------+-------+------------+-----------------+


+-------------------------------------------------------------------------+
; Hold Times                                                              ;
+-----------+------------+--------+--------+------------+-----------------+
; Data Port ; Clock Port ; Rise   ; Fall   ; Clock Edge ; Clock Reference ;
+-----------+------------+--------+--------+------------+-----------------+
; KEY[*]    ; CLOCK_50   ; -2.174 ; -2.174 ; Rise       ; CLOCK_50        ;
;  KEY[0]   ; CLOCK_50   ; -2.414 ; -2.414 ; Rise       ; CLOCK_50        ;
;  KEY[1]   ; CLOCK_50   ; -2.311 ; -2.311 ; Rise       ; CLOCK_50        ;
;  KEY[2]   ; CLOCK_50   ; -2.401 ; -2.401 ; Rise       ; CLOCK_50        ;
;  KEY[3]   ; CLOCK_50   ; -2.174 ; -2.174 ; Rise       ; CLOCK_50        ;
+-----------+------------+--------+--------+------------+-----------------+


+--------------------------------------------------------------+
; Progagation Delay                                            ;
+------------+-------------+--------+--------+--------+--------+
; Input Port ; Output Port ; RR     ; RF     ; FR     ; FF     ;
+------------+-------------+--------+--------+--------+--------+
; SW[0]      ; HEX4[0]     ; 8.031  ; 8.031  ; 8.031  ; 8.031  ;
; SW[0]      ; HEX4[1]     ; 8.404  ; 8.404  ; 8.404  ; 8.404  ;
; SW[0]      ; HEX4[2]     ;        ; 8.404  ; 8.404  ;        ;
; SW[0]      ; HEX4[3]     ; 8.094  ; 8.094  ; 8.094  ; 8.094  ;
; SW[0]      ; HEX4[4]     ; 7.875  ;        ;        ; 7.875  ;
; SW[0]      ; HEX4[5]     ; 7.627  ;        ;        ; 7.627  ;
; SW[0]      ; HEX4[6]     ; 8.107  ; 8.107  ; 8.107  ; 8.107  ;
; SW[1]      ; HEX4[0]     ; 7.968  ; 7.968  ; 7.968  ; 7.968  ;
; SW[1]      ; HEX4[1]     ; 7.811  ; 7.811  ; 7.811  ; 7.811  ;
; SW[1]      ; HEX4[2]     ; 8.345  ;        ;        ; 8.345  ;
; SW[1]      ; HEX4[3]     ; 7.496  ; 7.496  ; 7.496  ; 7.496  ;
; SW[1]      ; HEX4[4]     ;        ; 7.289  ; 7.289  ;        ;
; SW[1]      ; HEX4[5]     ; 7.041  ; 7.041  ; 7.041  ; 7.041  ;
; SW[1]      ; HEX4[6]     ; 8.057  ; 8.057  ; 8.057  ; 8.057  ;
; SW[2]      ; HEX4[0]     ; 8.426  ; 8.426  ; 8.426  ; 8.426  ;
; SW[2]      ; HEX4[1]     ; 9.105  ;        ;        ; 9.105  ;
; SW[2]      ; HEX4[2]     ; 8.800  ; 8.800  ; 8.800  ; 8.800  ;
; SW[2]      ; HEX4[3]     ; 8.793  ; 8.793  ; 8.793  ; 8.793  ;
; SW[2]      ; HEX4[4]     ; 8.572  ; 8.572  ; 8.572  ; 8.572  ;
; SW[2]      ; HEX4[5]     ; 8.324  ; 8.324  ; 8.324  ; 8.324  ;
; SW[2]      ; HEX4[6]     ; 8.496  ; 8.496  ; 8.496  ; 8.496  ;
; SW[3]      ; HEX4[0]     ; 7.569  ; 7.569  ; 7.569  ; 7.569  ;
; SW[3]      ; HEX4[1]     ; 7.951  ; 7.951  ; 7.951  ; 7.951  ;
; SW[3]      ; HEX4[2]     ; 7.918  ; 7.918  ; 7.918  ; 7.918  ;
; SW[3]      ; HEX4[3]     ; 7.606  ; 7.606  ; 7.606  ; 7.606  ;
; SW[3]      ; HEX4[4]     ;        ; 7.425  ; 7.425  ;        ;
; SW[3]      ; HEX4[5]     ; 7.180  ; 7.180  ; 7.180  ; 7.180  ;
; SW[3]      ; HEX4[6]     ; 7.661  ; 7.661  ; 7.661  ; 7.661  ;
; SW[4]      ; HEX5[0]     ; 6.834  ; 6.834  ; 6.834  ; 6.834  ;
; SW[4]      ; HEX5[1]     ; 7.021  ; 7.021  ; 7.021  ; 7.021  ;
; SW[4]      ; HEX5[2]     ;        ; 7.468  ; 7.468  ;        ;
; SW[4]      ; HEX5[3]     ; 7.811  ; 7.811  ; 7.811  ; 7.811  ;
; SW[4]      ; HEX5[4]     ; 7.795  ;        ;        ; 7.795  ;
; SW[4]      ; HEX5[5]     ; 7.522  ;        ;        ; 7.522  ;
; SW[4]      ; HEX5[6]     ; 7.320  ; 7.320  ; 7.320  ; 7.320  ;
; SW[5]      ; HEX5[0]     ; 7.089  ; 7.089  ; 7.089  ; 7.089  ;
; SW[5]      ; HEX5[1]     ; 7.275  ; 7.275  ; 7.275  ; 7.275  ;
; SW[5]      ; HEX5[2]     ; 7.761  ;        ;        ; 7.761  ;
; SW[5]      ; HEX5[3]     ; 8.082  ; 8.082  ; 8.082  ; 8.082  ;
; SW[5]      ; HEX5[4]     ;        ; 8.059  ; 8.059  ;        ;
; SW[5]      ; HEX5[5]     ; 7.777  ; 7.777  ; 7.777  ; 7.777  ;
; SW[5]      ; HEX5[6]     ; 7.586  ; 7.586  ; 7.586  ; 7.586  ;
; SW[6]      ; HEX5[0]     ; 6.984  ; 6.984  ; 6.984  ; 6.984  ;
; SW[6]      ; HEX5[1]     ; 7.172  ;        ;        ; 7.172  ;
; SW[6]      ; HEX5[2]     ; 7.644  ; 7.644  ; 7.644  ; 7.644  ;
; SW[6]      ; HEX5[3]     ; 7.963  ; 7.963  ; 7.963  ; 7.963  ;
; SW[6]      ; HEX5[4]     ; 7.940  ; 7.940  ; 7.940  ; 7.940  ;
; SW[6]      ; HEX5[5]     ; 7.669  ; 7.669  ; 7.669  ; 7.669  ;
; SW[6]      ; HEX5[6]     ; 7.465  ; 7.465  ; 7.465  ; 7.465  ;
; SW[7]      ; HEX5[0]     ; 7.144  ; 7.144  ; 7.144  ; 7.144  ;
; SW[7]      ; HEX5[1]     ; 7.331  ; 7.331  ; 7.331  ; 7.331  ;
; SW[7]      ; HEX5[2]     ; 7.816  ; 7.816  ; 7.816  ; 7.816  ;
; SW[7]      ; HEX5[3]     ; 8.137  ; 8.137  ; 8.137  ; 8.137  ;
; SW[7]      ; HEX5[4]     ;        ; 8.114  ; 8.114  ;        ;
; SW[7]      ; HEX5[5]     ; 7.829  ; 7.829  ; 7.829  ; 7.829  ;
; SW[7]      ; HEX5[6]     ; 7.639  ; 7.639  ; 7.639  ; 7.639  ;
; SW[8]      ; HEX6[0]     ; 7.508  ; 7.508  ; 7.508  ; 7.508  ;
; SW[8]      ; HEX6[1]     ; 7.919  ; 7.919  ; 7.919  ; 7.919  ;
; SW[8]      ; HEX6[2]     ;        ; 8.440  ; 8.440  ;        ;
; SW[8]      ; HEX6[3]     ; 8.274  ; 8.274  ; 8.274  ; 8.274  ;
; SW[8]      ; HEX6[4]     ; 8.138  ;        ;        ; 8.138  ;
; SW[8]      ; HEX6[5]     ; 7.671  ;        ;        ; 7.671  ;
; SW[8]      ; HEX6[6]     ; 8.012  ; 8.012  ; 8.012  ; 8.012  ;
; SW[9]      ; HEX6[0]     ; 6.861  ; 6.861  ; 6.861  ; 6.861  ;
; SW[9]      ; HEX6[1]     ; 8.155  ; 8.155  ; 8.155  ; 8.155  ;
; SW[9]      ; HEX6[2]     ; 7.838  ;        ;        ; 7.838  ;
; SW[9]      ; HEX6[3]     ; 8.511  ; 8.511  ; 8.511  ; 8.511  ;
; SW[9]      ; HEX6[4]     ;        ; 8.355  ; 8.355  ;        ;
; SW[9]      ; HEX6[5]     ; 7.905  ; 7.905  ; 7.905  ; 7.905  ;
; SW[9]      ; HEX6[6]     ; 7.366  ; 7.366  ; 7.366  ; 7.366  ;
; SW[10]     ; HEX6[0]     ; 6.584  ; 6.584  ; 6.584  ; 6.584  ;
; SW[10]     ; HEX6[1]     ; 7.581  ;        ;        ; 7.581  ;
; SW[10]     ; HEX6[2]     ; 7.569  ; 7.569  ; 7.569  ; 7.569  ;
; SW[10]     ; HEX6[3]     ; 7.938  ; 7.938  ; 7.938  ; 7.938  ;
; SW[10]     ; HEX6[4]     ; 7.805  ; 7.805  ; 7.805  ; 7.805  ;
; SW[10]     ; HEX6[5]     ; 7.328  ; 7.328  ; 7.328  ; 7.328  ;
; SW[10]     ; HEX6[6]     ; 7.088  ; 7.088  ; 7.088  ; 7.088  ;
; SW[11]     ; HEX6[0]     ; 6.292  ; 6.292  ; 6.292  ; 6.292  ;
; SW[11]     ; HEX6[1]     ; 7.276  ; 7.276  ; 7.276  ; 7.276  ;
; SW[11]     ; HEX6[2]     ; 7.260  ; 7.260  ; 7.260  ; 7.260  ;
; SW[11]     ; HEX6[3]     ; 7.633  ; 7.633  ; 7.633  ; 7.633  ;
; SW[11]     ; HEX6[4]     ;        ; 7.464  ; 7.464  ;        ;
; SW[11]     ; HEX6[5]     ; 6.996  ; 6.996  ; 6.996  ; 6.996  ;
; SW[11]     ; HEX6[6]     ; 6.798  ; 6.798  ; 6.798  ; 6.798  ;
; SW[12]     ; HEX7[0]     ; 5.255  ; 5.255  ; 5.255  ; 5.255  ;
; SW[12]     ; HEX7[1]     ; 5.267  ; 5.267  ; 5.267  ; 5.267  ;
; SW[12]     ; HEX7[2]     ;        ; 5.217  ; 5.217  ;        ;
; SW[12]     ; HEX7[3]     ; 5.235  ; 5.235  ; 5.235  ; 5.235  ;
; SW[12]     ; HEX7[4]     ; 5.222  ;        ;        ; 5.222  ;
; SW[12]     ; HEX7[5]     ; 5.538  ;        ;        ; 5.538  ;
; SW[12]     ; HEX7[6]     ; 5.423  ; 5.423  ; 5.423  ; 5.423  ;
; SW[13]     ; HEX7[0]     ; 9.813  ; 9.813  ; 9.813  ; 9.813  ;
; SW[13]     ; HEX7[1]     ; 9.826  ; 9.826  ; 9.826  ; 9.826  ;
; SW[13]     ; HEX7[2]     ; 9.787  ;        ;        ; 9.787  ;
; SW[13]     ; HEX7[3]     ; 9.795  ; 9.795  ; 9.795  ; 9.795  ;
; SW[13]     ; HEX7[4]     ;        ; 9.787  ; 9.787  ;        ;
; SW[13]     ; HEX7[5]     ; 10.095 ; 10.095 ; 10.095 ; 10.095 ;
; SW[13]     ; HEX7[6]     ; 9.978  ; 9.978  ; 9.978  ; 9.978  ;
; SW[14]     ; HEX7[0]     ; 10.136 ; 10.136 ; 10.136 ; 10.136 ;
; SW[14]     ; HEX7[1]     ; 10.148 ;        ;        ; 10.148 ;
; SW[14]     ; HEX7[2]     ; 10.108 ; 10.108 ; 10.108 ; 10.108 ;
; SW[14]     ; HEX7[3]     ; 10.117 ; 10.117 ; 10.117 ; 10.117 ;
; SW[14]     ; HEX7[4]     ; 10.109 ; 10.109 ; 10.109 ; 10.109 ;
; SW[14]     ; HEX7[5]     ; 10.392 ; 10.392 ; 10.392 ; 10.392 ;
; SW[14]     ; HEX7[6]     ; 10.300 ; 10.300 ; 10.300 ; 10.300 ;
; SW[15]     ; HEX7[0]     ; 10.264 ; 10.264 ; 10.264 ; 10.264 ;
; SW[15]     ; HEX7[1]     ; 10.307 ; 10.307 ; 10.307 ; 10.307 ;
; SW[15]     ; HEX7[2]     ; 10.268 ; 10.268 ; 10.268 ; 10.268 ;
; SW[15]     ; HEX7[3]     ; 10.271 ; 10.271 ; 10.271 ; 10.271 ;
; SW[15]     ; HEX7[4]     ;        ; 10.233 ; 10.233 ;        ;
; SW[15]     ; HEX7[5]     ; 10.544 ; 10.544 ; 10.544 ; 10.544 ;
; SW[15]     ; HEX7[6]     ; 10.459 ; 10.459 ; 10.459 ; 10.459 ;
; SW[17]     ; LEDG[2]     ; 10.177 ;        ;        ; 10.177 ;
+------------+-------------+--------+--------+--------+--------+


+----------------------------------------------------------+
; Minimum Progagation Delay                                ;
+------------+-------------+-------+-------+-------+-------+
; Input Port ; Output Port ; RR    ; RF    ; FR    ; FF    ;
+------------+-------------+-------+-------+-------+-------+
; SW[0]      ; HEX4[0]     ; 4.113 ; 4.113 ; 4.113 ; 4.113 ;
; SW[0]      ; HEX4[1]     ; 4.265 ; 4.265 ; 4.265 ; 4.265 ;
; SW[0]      ; HEX4[2]     ;       ; 4.268 ; 4.268 ;       ;
; SW[0]      ; HEX4[3]     ; 4.119 ; 4.119 ; 4.119 ; 4.119 ;
; SW[0]      ; HEX4[4]     ; 4.060 ;       ;       ; 4.060 ;
; SW[0]      ; HEX4[5]     ; 3.946 ;       ;       ; 3.946 ;
; SW[0]      ; HEX4[6]     ; 4.134 ; 4.134 ; 4.134 ; 4.134 ;
; SW[1]      ; HEX4[0]     ; 4.036 ; 4.036 ; 4.036 ; 4.036 ;
; SW[1]      ; HEX4[1]     ; 3.967 ; 3.967 ; 3.967 ; 3.967 ;
; SW[1]      ; HEX4[2]     ; 4.194 ;       ;       ; 4.194 ;
; SW[1]      ; HEX4[3]     ; 3.816 ; 3.816 ; 3.816 ; 3.816 ;
; SW[1]      ; HEX4[4]     ;       ; 3.765 ; 3.765 ;       ;
; SW[1]      ; HEX4[5]     ; 3.654 ; 3.654 ; 3.654 ; 3.654 ;
; SW[1]      ; HEX4[6]     ; 4.071 ; 4.071 ; 4.071 ; 4.071 ;
; SW[2]      ; HEX4[0]     ; 4.318 ; 4.318 ; 4.318 ; 4.318 ;
; SW[2]      ; HEX4[1]     ; 4.599 ;       ;       ; 4.599 ;
; SW[2]      ; HEX4[2]     ; 4.473 ; 4.473 ; 4.473 ; 4.473 ;
; SW[2]      ; HEX4[3]     ; 4.453 ; 4.453 ; 4.453 ; 4.453 ;
; SW[2]      ; HEX4[4]     ; 4.386 ; 4.386 ; 4.386 ; 4.386 ;
; SW[2]      ; HEX4[5]     ; 4.278 ; 4.278 ; 4.278 ; 4.278 ;
; SW[2]      ; HEX4[6]     ; 4.334 ; 4.334 ; 4.334 ; 4.334 ;
; SW[3]      ; HEX4[0]     ; 3.898 ; 3.898 ; 3.898 ; 3.898 ;
; SW[3]      ; HEX4[1]     ; 4.062 ; 4.062 ; 4.062 ; 4.062 ;
; SW[3]      ; HEX4[2]     ; 4.061 ; 4.061 ; 4.061 ; 4.061 ;
; SW[3]      ; HEX4[3]     ; 3.911 ; 3.911 ; 3.911 ; 3.911 ;
; SW[3]      ; HEX4[4]     ;       ; 3.857 ; 3.857 ;       ;
; SW[3]      ; HEX4[5]     ; 3.746 ; 3.746 ; 3.746 ; 3.746 ;
; SW[3]      ; HEX4[6]     ; 3.934 ; 3.934 ; 3.934 ; 3.934 ;
; SW[4]      ; HEX5[0]     ; 3.556 ; 3.556 ; 3.556 ; 3.556 ;
; SW[4]      ; HEX5[1]     ; 3.618 ; 3.618 ; 3.618 ; 3.618 ;
; SW[4]      ; HEX5[2]     ;       ; 3.803 ; 3.803 ;       ;
; SW[4]      ; HEX5[3]     ; 3.960 ; 3.960 ; 3.960 ; 3.960 ;
; SW[4]      ; HEX5[4]     ; 3.938 ;       ;       ; 3.938 ;
; SW[4]      ; HEX5[5]     ; 3.841 ;       ;       ; 3.841 ;
; SW[4]      ; HEX5[6]     ; 3.767 ; 3.767 ; 3.767 ; 3.767 ;
; SW[5]      ; HEX5[0]     ; 3.667 ; 3.667 ; 3.667 ; 3.667 ;
; SW[5]      ; HEX5[1]     ; 3.726 ; 3.726 ; 3.726 ; 3.726 ;
; SW[5]      ; HEX5[2]     ; 3.923 ;       ;       ; 3.923 ;
; SW[5]      ; HEX5[3]     ; 4.082 ; 4.082 ; 4.082 ; 4.082 ;
; SW[5]      ; HEX5[4]     ;       ; 4.060 ; 4.060 ;       ;
; SW[5]      ; HEX5[5]     ; 3.947 ; 3.947 ; 3.947 ; 3.947 ;
; SW[5]      ; HEX5[6]     ; 3.889 ; 3.889 ; 3.889 ; 3.889 ;
; SW[6]      ; HEX5[0]     ; 3.676 ; 3.676 ; 3.676 ; 3.676 ;
; SW[6]      ; HEX5[1]     ; 3.737 ;       ;       ; 3.737 ;
; SW[6]      ; HEX5[2]     ; 3.921 ; 3.921 ; 3.921 ; 3.921 ;
; SW[6]      ; HEX5[3]     ; 4.078 ; 4.078 ; 4.078 ; 4.078 ;
; SW[6]      ; HEX5[4]     ; 4.053 ; 4.053 ; 4.053 ; 4.053 ;
; SW[6]      ; HEX5[5]     ; 3.955 ; 3.955 ; 3.955 ; 3.955 ;
; SW[6]      ; HEX5[6]     ; 3.881 ; 3.881 ; 3.881 ; 3.881 ;
; SW[7]      ; HEX5[0]     ; 3.729 ; 3.729 ; 3.729 ; 3.729 ;
; SW[7]      ; HEX5[1]     ; 3.790 ; 3.790 ; 3.790 ; 3.790 ;
; SW[7]      ; HEX5[2]     ; 3.984 ; 3.984 ; 3.984 ; 3.984 ;
; SW[7]      ; HEX5[3]     ; 4.139 ; 4.139 ; 4.139 ; 4.139 ;
; SW[7]      ; HEX5[4]     ;       ; 4.119 ; 4.119 ;       ;
; SW[7]      ; HEX5[5]     ; 4.008 ; 4.008 ; 4.008 ; 4.008 ;
; SW[7]      ; HEX5[6]     ; 3.947 ; 3.947 ; 3.947 ; 3.947 ;
; SW[8]      ; HEX6[0]     ; 3.881 ; 3.881 ; 3.881 ; 3.881 ;
; SW[8]      ; HEX6[1]     ; 4.032 ; 4.032 ; 4.032 ; 4.032 ;
; SW[8]      ; HEX6[2]     ;       ; 4.267 ; 4.267 ;       ;
; SW[8]      ; HEX6[3]     ; 4.218 ; 4.218 ; 4.218 ; 4.218 ;
; SW[8]      ; HEX6[4]     ; 4.259 ;       ;       ; 4.259 ;
; SW[8]      ; HEX6[5]     ; 3.992 ;       ;       ; 3.992 ;
; SW[8]      ; HEX6[6]     ; 4.140 ; 4.140 ; 4.140 ; 4.140 ;
; SW[9]      ; HEX6[0]     ; 3.584 ; 3.584 ; 3.584 ; 3.584 ;
; SW[9]      ; HEX6[1]     ; 4.128 ; 4.128 ; 4.128 ; 4.128 ;
; SW[9]      ; HEX6[2]     ; 3.993 ;       ;       ; 3.993 ;
; SW[9]      ; HEX6[3]     ; 4.317 ; 4.317 ; 4.317 ; 4.317 ;
; SW[9]      ; HEX6[4]     ;       ; 4.360 ; 4.360 ;       ;
; SW[9]      ; HEX6[5]     ; 4.085 ; 4.085 ; 4.085 ; 4.085 ;
; SW[9]      ; HEX6[6]     ; 3.850 ; 3.850 ; 3.850 ; 3.850 ;
; SW[10]     ; HEX6[0]     ; 3.401 ; 3.401 ; 3.401 ; 3.401 ;
; SW[10]     ; HEX6[1]     ; 3.824 ;       ;       ; 3.824 ;
; SW[10]     ; HEX6[2]     ; 3.817 ; 3.817 ; 3.817 ; 3.817 ;
; SW[10]     ; HEX6[3]     ; 4.012 ; 4.012 ; 4.012 ; 4.012 ;
; SW[10]     ; HEX6[4]     ; 4.056 ; 4.056 ; 4.056 ; 4.056 ;
; SW[10]     ; HEX6[5]     ; 3.778 ; 3.778 ; 3.778 ; 3.778 ;
; SW[10]     ; HEX6[6]     ; 3.668 ; 3.668 ; 3.668 ; 3.668 ;
; SW[11]     ; HEX6[0]     ; 3.275 ; 3.275 ; 3.275 ; 3.275 ;
; SW[11]     ; HEX6[1]     ; 3.679 ; 3.679 ; 3.679 ; 3.679 ;
; SW[11]     ; HEX6[2]     ; 3.673 ; 3.673 ; 3.673 ; 3.673 ;
; SW[11]     ; HEX6[3]     ; 3.868 ; 3.868 ; 3.868 ; 3.868 ;
; SW[11]     ; HEX6[4]     ;       ; 3.911 ; 3.911 ;       ;
; SW[11]     ; HEX6[5]     ; 3.638 ; 3.638 ; 3.638 ; 3.638 ;
; SW[11]     ; HEX6[6]     ; 3.536 ; 3.536 ; 3.536 ; 3.536 ;
; SW[12]     ; HEX7[0]     ; 2.794 ; 2.794 ; 2.794 ; 2.794 ;
; SW[12]     ; HEX7[1]     ; 2.798 ; 2.798 ; 2.798 ; 2.798 ;
; SW[12]     ; HEX7[2]     ;       ; 2.756 ; 2.756 ;       ;
; SW[12]     ; HEX7[3]     ; 2.766 ; 2.766 ; 2.766 ; 2.766 ;
; SW[12]     ; HEX7[4]     ; 2.760 ;       ;       ; 2.760 ;
; SW[12]     ; HEX7[5]     ; 2.919 ;       ;       ; 2.919 ;
; SW[12]     ; HEX7[6]     ; 2.869 ; 2.869 ; 2.869 ; 2.869 ;
; SW[13]     ; HEX7[0]     ; 5.494 ; 5.494 ; 5.494 ; 5.494 ;
; SW[13]     ; HEX7[1]     ; 5.498 ; 5.498 ; 5.498 ; 5.498 ;
; SW[13]     ; HEX7[2]     ; 5.471 ;       ;       ; 5.471 ;
; SW[13]     ; HEX7[3]     ; 5.470 ; 5.470 ; 5.470 ; 5.470 ;
; SW[13]     ; HEX7[4]     ;       ; 5.467 ; 5.467 ;       ;
; SW[13]     ; HEX7[5]     ; 5.618 ; 5.618 ; 5.618 ; 5.618 ;
; SW[13]     ; HEX7[6]     ; 5.564 ; 5.564 ; 5.564 ; 5.564 ;
; SW[14]     ; HEX7[0]     ; 5.642 ; 5.642 ; 5.642 ; 5.642 ;
; SW[14]     ; HEX7[1]     ; 5.646 ;       ;       ; 5.646 ;
; SW[14]     ; HEX7[2]     ; 5.622 ; 5.622 ; 5.622 ; 5.622 ;
; SW[14]     ; HEX7[3]     ; 5.618 ; 5.618 ; 5.618 ; 5.618 ;
; SW[14]     ; HEX7[4]     ; 5.614 ; 5.614 ; 5.614 ; 5.614 ;
; SW[14]     ; HEX7[5]     ; 5.767 ; 5.767 ; 5.767 ; 5.767 ;
; SW[14]     ; HEX7[6]     ; 5.712 ; 5.712 ; 5.712 ; 5.712 ;
; SW[15]     ; HEX7[0]     ; 5.712 ; 5.712 ; 5.712 ; 5.712 ;
; SW[15]     ; HEX7[1]     ; 5.719 ; 5.719 ; 5.719 ; 5.719 ;
; SW[15]     ; HEX7[2]     ; 5.690 ; 5.690 ; 5.690 ; 5.690 ;
; SW[15]     ; HEX7[3]     ; 5.687 ; 5.687 ; 5.687 ; 5.687 ;
; SW[15]     ; HEX7[4]     ;       ; 5.684 ; 5.684 ;       ;
; SW[15]     ; HEX7[5]     ; 5.836 ; 5.836 ; 5.836 ; 5.836 ;
; SW[15]     ; HEX7[6]     ; 5.783 ; 5.783 ; 5.783 ; 5.783 ;
; SW[17]     ; LEDG[2]     ; 5.830 ;       ;       ; 5.830 ;
+------------+-------------+-------+-------+-------+-------+


+-------------------------------------------------------------------+
; Setup Transfers                                                   ;
+------------+----------+----------+----------+----------+----------+
; From Clock ; To Clock ; RR Paths ; FR Paths ; RF Paths ; FF Paths ;
+------------+----------+----------+----------+----------+----------+
; CLOCK_50   ; CLOCK_50 ; 42705752 ; 5216     ; 15872    ; 0        ;
+------------+----------+----------+----------+----------+----------+
Entries labeled "false path" only account for clock-to-clock false paths and not path-based false paths. As a result, actual path counts may be lower than reported.


+-------------------------------------------------------------------+
; Hold Transfers                                                    ;
+------------+----------+----------+----------+----------+----------+
; From Clock ; To Clock ; RR Paths ; FR Paths ; RF Paths ; FF Paths ;
+------------+----------+----------+----------+----------+----------+
; CLOCK_50   ; CLOCK_50 ; 42705752 ; 5216     ; 15872    ; 0        ;
+------------+----------+----------+----------+----------+----------+
Entries labeled "false path" only account for clock-to-clock false paths and not path-based false paths. As a result, actual path counts may be lower than reported.


+-------------------------------------------------------------------+
; Recovery Transfers                                                ;
+------------+----------+----------+----------+----------+----------+
; From Clock ; To Clock ; RR Paths ; FR Paths ; RF Paths ; FF Paths ;
+------------+----------+----------+----------+----------+----------+
; CLOCK_50   ; CLOCK_50 ; 131      ; 0        ; 0        ; 0        ;
+------------+----------+----------+----------+----------+----------+
Entries labeled "false path" only account for clock-to-clock false paths and not path-based false paths. As a result, actual path counts may be lower than reported.


+-------------------------------------------------------------------+
; Removal Transfers                                                 ;
+------------+----------+----------+----------+----------+----------+
; From Clock ; To Clock ; RR Paths ; FR Paths ; RF Paths ; FF Paths ;
+------------+----------+----------+----------+----------+----------+
; CLOCK_50   ; CLOCK_50 ; 131      ; 0        ; 0        ; 0        ;
+------------+----------+----------+----------+----------+----------+
Entries labeled "false path" only account for clock-to-clock false paths and not path-based false paths. As a result, actual path counts may be lower than reported.


---------------
; Report TCCS ;
---------------
No dedicated SERDES Transmitter circuitry present in device or used in design


---------------
; Report RSKM ;
---------------
No dedicated SERDES Receiver circuitry present in device or used in design


+------------------------------------------------+
; Unconstrained Paths                            ;
+---------------------------------+-------+------+
; Property                        ; Setup ; Hold ;
+---------------------------------+-------+------+
; Illegal Clocks                  ; 0     ; 0    ;
; Unconstrained Clocks            ; 0     ; 0    ;
; Unconstrained Input Ports       ; 21    ; 21   ;
; Unconstrained Input Port Paths  ; 125   ; 125  ;
; Unconstrained Output Ports      ; 29    ; 29   ;
; Unconstrained Output Port Paths ; 113   ; 113  ;
+---------------------------------+-------+------+


+------------------------------------+
; TimeQuest Timing Analyzer Messages ;
+------------------------------------+
Info: *******************************************************************
Info: Running Quartus II 64-Bit TimeQuest Timing Analyzer
    Info: Version 13.0.1 Build 232 06/12/2013 Service Pack 1 SJ Web Edition
    Info: Processing started: Mon Aug 03 13:34:04 2026
Info: Command: quartus_sta rv32i_soc -c rv32i_soc
Info: qsta_default_script.tcl version: #1
Warning (20028): Parallel compilation is not licensed and has been disabled
Info (21077): Low junction temperature is 0 degrees C
Info (21077): High junction temperature is 85 degrees C
Info (332104): Reading SDC File: 'constraint/fpga_top.sdc'
Info: Found TIMEQUEST_REPORT_SCRIPT_INCLUDE_DEFAULT_ANALYSIS = ON
Info: Analyzing Slow Model
Info (332146): Worst-case setup slack is 1.798
    Info (332119):     Slack End Point TNS Clock 
    Info (332119): ========= ============= =====================
    Info (332119):     1.798         0.000 CLOCK_50 
Info (332146): Worst-case hold slack is 0.391
    Info (332119):     Slack End Point TNS Clock 
    Info (332119): ========= ============= =====================
    Info (332119):     0.391         0.000 CLOCK_50 
Info (332146): Worst-case recovery slack is 17.262
    Info (332119):     Slack End Point TNS Clock 
    Info (332119): ========= ============= =====================
    Info (332119):    17.262         0.000 CLOCK_50 
Info (332146): Worst-case removal slack is 2.507
    Info (332119):     Slack End Point TNS Clock 
    Info (332119): ========= ============= =====================
    Info (332119):     2.507         0.000 CLOCK_50 
Info (332146): Worst-case minimum pulse width slack is 7.873
    Info (332119):     Slack End Point TNS Clock 
    Info (332119): ========= ============= =====================
    Info (332119):     7.873         0.000 CLOCK_50 
Info (332001): The selected device family is not supported by the report_metastability command.
Info: Analyzing Fast Model
Info (332146): Worst-case setup slack is 6.336
    Info (332119):     Slack End Point TNS Clock 
    Info (332119): ========= ============= =====================
    Info (332119):     6.336         0.000 CLOCK_50 
Info (332146): Worst-case hold slack is 0.215
    Info (332119):     Slack End Point TNS Clock 
    Info (332119): ========= ============= =====================
    Info (332119):     0.215         0.000 CLOCK_50 
Info (332146): Worst-case recovery slack is 18.367
    Info (332119):     Slack End Point TNS Clock 
    Info (332119): ========= ============= =====================
    Info (332119):    18.367         0.000 CLOCK_50 
Info (332146): Worst-case removal slack is 1.512
    Info (332119):     Slack End Point TNS Clock 
    Info (332119): ========= ============= =====================
    Info (332119):     1.512         0.000 CLOCK_50 
Info (332146): Worst-case minimum pulse width slack is 7.873
    Info (332119):     Slack End Point TNS Clock 
    Info (332119): ========= ============= =====================
    Info (332119):     7.873         0.000 CLOCK_50 
Info (332001): The selected device family is not supported by the report_metastability command.
Info (332102): Design is not fully constrained for setup requirements
Info (332102): Design is not fully constrained for hold requirements
Info: Quartus II 64-Bit TimeQuest Timing Analyzer was successful. 0 errors, 1 warning
    Info: Peak virtual memory: 4631 megabytes
    Info: Processing ended: Mon Aug 03 13:34:07 2026
    Info: Elapsed time: 00:00:03
    Info: Total CPU time (on all processors): 00:00:03


